text_id	de
10000	>
10001	>
10002	>
10003	>
20000	대화 대사 시작
20001	레이 요원! 여기 좀 상황이 생겼는데요.
20002	*한숨* 그럴 줄 알았다, 신참.
20003	나갈 방법은 좀 찾았어?
20004	대체 무슨 일이야?
20005	괜찮아?
20006	널 팬 놈 얼굴 봤어?
20007	네 동전 갖고 있어.
20008	하수구는 좀 둘러봤어?
20009	내가 뭐 도와줄 거 있어?
20010	거기 냄새는 좀 어때?
20011	쥐 상황은 어때?
20012	패닉하지 마, 레예스.
20013	다시 올게.
20014	내 사건 망치기만 해봐, 레예스!
20015	안 그래요! 맹세해요!
20016	다이너 뒤 골목에서 단서 찾고 있었는데, 완전 요원 프로토콜대로 하고 있었는데, 갑자기 습격당했어요!
20017	완전히 기절시켰다고요!
20018	사건 수사 못 할 정도로 다친 데는 없고?
20019	그런 것 같진 않아요.
20020	젠장.
20021	과다출혈로 죽어가고 있거나 그런 건 아니지?
20022	어드벤처 게임에서 플레이 캐릭터는 안 죽는 거 아니었어요?
20023	그건 누가 만들었느냐에 따라 다른데, 안타깝게도 넌 괜찮을 것 같다.
20024	아뇨, 뒤에서 쳤어서 얼굴은 전혀 못 봤어요.
20025	남자가 아니었을 수도 있고요.
20026	좋은 지적이네, 여자애 하나면 네 그 삐쩍 마른 엉덩이 충분히 눕히겠다.
20027	저기요!
20028	그럼 성별도, 나이도, 인종도, 키도, 몸무게도 모르는 용의자를 찾고 있는 거네.
20029	역시 잘하네, 레예스 요원.
20030	아직 제대로 안 둘러봤는데, 제 할 일 목록 맨 위에 있어요.
20031	*한숨*
20032	대체 어떻게 요원이 된 거야?
20033	제발 레예스, 가서 나갈 길이나 찾아봐!
20034	네, 좀 둘러봤어요.
20035	출구는 안 보이는데, 여기 전화기가 하나 있어요.
20036	잘됐네! 누구한테 전화는 했어?
20037	못 해요. 공중전화인데 동전이 하나도 없어요.
20038	게다가 휴대폰도 여기선 안 터져요!
20039	그 맨홀 뚜껑을 못 열면, 동전이라도 좀 찾아봐 줄 수 있어요?
20040	이 공중전화는 다른 건 안 받고, 도와줄 사람한테 전화해야 할 것 같아요.
20041	바로 알아볼게.
20042	그... 유쾌하진 않네요.
20043	네 양복에 뭐 묻히지 않게 조심해.
20044	오늘 저녁 내내 너랑 있어야 하면, 하수구 냄새는 안 났으면 좋겠는데.
20045	그러기엔 좀 늦은 것 같은데요.
20046	쥐들이 아직 네 얼굴은 안 뜯어먹었지?
20047	뭐, 뭐라고요? 쥐가 그런 것도 해요?!
20048	오 당연하지! 쥐들은 사람 살 뜯어먹는 거 좋아해.
20049	이런 젠장! 저 좀 도와주셔야 해요!
20050	할 수 있는 만큼 해볼게.
20051	그동안, 가만히 앉아서 바지 밑단 양말 속에 넣고 있어.
20052	그래야 안 물려.
20053	아아아악!
20054	헤헤헤.
20055	패닉이요? 저 패닉 안 했어요.
20056	여기 살 뜯어먹는 쥐랑 생하수만 있을 뿐인데요, 뭘.
20057	게다가 악어에, 세균에, 독성 가스에, 터널 붕괴 위험까지.
20058	그러니까 그래요, 저 완전 패닉 안 했어요! 완전 침착해요!
20059	하하하하!
20060	필요하면 여기 있을게요.
20061	레이 요원, 당신이에요?
20062	아니, 교황이야.
20063	바티칸에서 나한테 하수구 투어를 시켜주기로 했거든.
20064	당연히 나지, 이 멍청아.
20065	나갈 방법은 좀 찾았어요?
20066	왜 하수구에 있는 거예요?
20067	괜찮아요?!
20068	누가 공격했는지 봤어요?
20069	당신 동전 갖고 있어요.
20070	하수구는 좀 둘러봤어요?
20071	제가 도와줄 거 있어요?
20072	패닉하지 마세요, 레이 요원!
20073	저한테 죽여주는 생존 팁이 있어요!
20074	정말 제 생존 팁 안 듣고 싶으세요?
20075	최대한 빨리 돌아올게요.
20076	경치랑 냄새 즐기는 중이야, 하수구 탐험 취미 연습하고, 닌자 거북이 사냥 중이고.
20077	골라봐.
20078	탐험 다니세요?
20079	아니 이 멍청아, 다이너 뒤 골목 조사하다가 누가 나를 공격했다고!
20080	다쳤어요? 치료 필요해요?
20081	괜찮아. 이보다 더 안 좋은 상태로, 더 안 좋은 곳에서 깬 적도 있어.
20082	근데 보통 그럴 땐 데킬라가 있었지.
20083	그놈들 잡아서 정신 못 차리게 체포시킬게요!
20084	아니 뒤에서 왔어.
20085	돌아볼 틈도 없이 정신을 잃었어.
20086	근데 짐작건대 누구든 우리가 마을을 캐고 다니는 걸 싫어하는 것 같아.
20087	이거 값을 치르게 할게요, 레이 요원!
20088	일단 당신을 그 하수구에서 꺼내드리고요.
20089	지금 뭔가 은근한 암시를 하는 건가, 요원?
20090	아, 아니요, 부인!
20091	내키면 좀 둘러볼게.
20092	그래, 출구는 못 찾았어.
20093	근데 여기 공중전화가 있어서 누구한테 전화는 할 수 있을 것 같아.
20094	잘됐네요!
20095	근데 동전이 하나도 없어.
20096	동전도 없고 여기선 휴대폰도 안 터져.
20097	보안관님이 도와줄 수 있는지 알아볼까요?
20098	우리가 아는 한 그 검시관-레노이 직접 날 여기 넣었을 수도 있는데!
20099	좋은 지적이네요.
20100	쓸모 있고 싶으면, 이 공중전화용 동전이나 좀 찾아봐.
20101	바로 할게요, 레이 요원!
20102	나 패닉 안 했어.
20103	패닉하지 말라고요, 레이 요원!
20104	산소 아껴야 해요!
20105	그럴 필요 없는데, 근데 여기서 숨은 최대한 적게 쉬고 있다는 건 믿어도 돼.
20106	너한테 줄 생존 팁이 하나 있어, 레예스.
20107	오 그래요?
20108	'입 다물어라, 그럼 이 하수구에서 나갔을 때 네 급소 안 때려줄게!'
20109	좋아! 한번 해봐.
20110	저희 할머니가 항상 그러셨어요, '신발에 설치류 기피제 뿌리면 신발에서 설치류를 막을 수 있다'고.
20111	그거 내가 들어본 것 중 제일 뻔하고 멍청한 조언이네.
20112	더 이상 팁 필요 없어, 레예스.
20113	근데 나 그 두더지 기피제를 당근 케이크랑 바꾸지 말 걸 그랬나 봐.
20114	그래도 맛있긴 했어.
20115	이거 망치지 마, 레예스!
20116	이 마을에 사는 나머지 괴짜들이랑도 얘기해봐야 할 것 같네.
20117	따로 움직이는 게 더 빠를 거예요.
20118	네가 동네 다이너에서 죽치고 있어도 일이 더 빨리 끝나겠지.
20119	기관 심문 프로토콜대로만 하면, 오래 안 걸릴 거예요.
20120	{notalk} *한숨*
20121	그냥 아무것도 망치지나 마.
20122	여기서 최대한 빨리 나가고 싶어.
20123	동의해요.
20124	아, 이거 정말 잘됐네.
20125	너 레예스야?
20126	아니요... 저는... 레예스 아니에요.
20127	연기 그만해, 내가 본 것 중 최악의 변장이야.
20128	그럼 요원님도 최근에 거울 안 보셨나 보네요.
20129	인정.
20130	여기 마을엔 왜 돌아온 거예요?
20131	당신한테 뭔가 있다는 거 알고 있었어요.
20132	저도 마찬가지예요, 셜록 씨.
20133	우리 둘 다 솔직하지 않았던 것 같아요.
20134	이제 팀블위드 파크에 온 진짜 이유를 솔직히 털어놓을 때인 것 같아요.
20135	너 먼저.
20136	그게...
20137	가족들 살 좋은 집 알아보러 왔어요.
20138	지역 부패를 수사하고 있어요.
20139	팀블위드 파크가 비밀 UFO 기지라고 의심하고 있어요.
20140	아버지를 죽인 그 옛날 베개 공장 화재를 조사하고 있어요.
20141	개소리.
20142	음, 이제야 진짜처럼 들리네.
20143	왜 계속 화재에 대해 물어보나 했어.
20144	그냥 뭔가 변태적인 방화 페티시인 줄 알았지.
20145	저희 아버지가 거기 경비원이셨어요.
20146	그때 몇 살이었어?
20147	겨우 다섯 살이었어요.
20148	엄마 말로는 아버지가 항상 공장 기계들 로직 결함에 대해 불평하셨대요.
20149	아버지는 희생양이 되셨고 화재 책임을 뒤집어쓰셨어요.
20150	저는 아버지 누명을 벗기고 척의 잘못이었다는 걸 증명하려고 여기 왔어요.
20151	어드벤처 게임 좋아해?
20152	그다지. 너무 느리고 앞뒤 안 맞는 억지스러운 스토리가 많아서.
20153	그래요, 그건 저도 동감이에요.
20154	그건 그렇고...
20155	네 아버지 누명 벗기는 건 정말 숭고한 목적이네.
20156	너한테 그렇게 힘들게 굴어서 미안해.
20157	저 공장에 들어가야 해요.
20158	분명 아버지 누명 벗길 증거가 저 안에 있을 거예요.
20159	자, 이제...
20160	진짜로 왜 여기 온 거예요?
20161	음...
20162	그냥 팀블위드 파크 경찰서에 자리 있나 보러 왔어.
20163	휴가 중에 시체를 우연히 발견해서 도와주려고 했어.
20164	나 승진 대상인데 이게 공식 신고식이야.
20165	일본 회사가 베개 공장 AI 비밀 정보 대가로 나한테 돈을 주고 있어.
20166	말도 안 돼요.
20167	나 NSA를 위해 베개 공장 AI의 비밀을 찾으러 여기 왔어. 이건 1급 국가 안보 사안이야.
20168	그거 꽤 중요한 일이네요.
20169	우리 둘 다 베개 공장에 들어가야 하나 보네.
20170	이번 건은 같이 협력하자.
20171	완전한 정직함으로.
20172	우와, 국가 안보라니.
20173	완전 묵직한 NSA급 일이네요.
20174	따로 움직이자, 더 빠를 거야.
20175	좋은 생각이에요.
20176	이 사건 해결에 거의 다다른 것 같아요.
20177	네가 깨는 데 거의 다다른 건 내 인내심뿐인데.
20178	같이 협력해서 저는 얼른...
20179	그러니까... 우리 최대한 빨리 이 마을에서 나갈 수 있게요.
20180	동의해.
20181	신원 확인 보고서가 있어요.
20182	시체 신원부터 확인해야 해요...
20183	지문 보고서가 있어요.
20184	지문 대조가 필요해요...
20185	혈액 보고서가 있어요.
20186	혈액 대조가 필요해요...
20187	서커스에 있는 그 미친 광대랑 얘기해봐야 해요.
20188	저택에 있는 너드 프로그래머랑 얘기해봐야 해요.
20189	얼른 시작하자.
20190	...시체 사진이랑 피해자 신분증 사진을 페이스트론™에 넣어서요.
20191	운전면허증이나 여권 같은 거?
20192	아니면 버거샥 멤버십 카드요, 전 세계에서 통하는 걸로.
20193	(비꼬듯) 확인-레노.
20194	...살인 무기에서 뜬 지문이랑 공식 지문 대조집을 핑거트론™에 넣어서요.
20195	(비꼬듯) 그러시겠지.
20196	...시체에서 채취한 혈액이랑 용의자한테서 발견한 피 묻은 물건을 블러드트론™에 넣어서요.
20197	...시체에서 채취한 혈액이랑 윌리의 피 묻은 지갑을 블러드트론™에 넣어서요.
20198	(비꼬듯) 그러겠지.
20199	완전 연쇄살인마 상판이에요.
20200	(비꼬듯) 그냥 쏴버리는 게 더 빠르지 않을까?
20201	그 여자한텐 뭔가 이상한 게 있어요.
20202	(비꼬듯) 그래... 머리 좋은 여자라... 확실히 수상하네.
20203	(비꼬듯){한숨}*한숨*.
20204	무엇을 도와드릴까요, 선생님?
20205	무엇을 도와드릴까요, 부인?
20206	그 열쇠 중요해 보이는데, 좀 빌릴 수 있을까요?
20207	척 에드먼드에 대해 잘 아세요?
20208	척 에드먼드에 대해 아는 거 있어요?
20209	공장은 왜 그렇게 꽁꽁 잠겨있는 거예요?
20210	공장에 왜 그렇게 고급 보안이 있는지 아세요?
20211	여기서 무슨 일을 하세요?
20212	이 은행 매니저이신가요?
20213	제가 요원인 건 어떻게 아셨어요?
20214	제 배지가 당신 삶을 피곤하게 만들 수도 있는데요.
20215	살인 사건에 대해 들으셨어요?
20216	윌리가 갇혀서 이제 좀 안전하다고 느끼시겠네요.
20217	윌리가 그랬다고 생각하세요?
20218	윌리가 그랬어요.
20219	윌리는 괜찮을 거예요.
20220	안녕히 계세요, 엘 파울로 씨.
20221	죄송합니다. 그 열쇠는 누구에게도 내드릴 수 없어요. 법이라서요.
20222	안타깝네요, 엘 파울로 씨. 다른 방법을 써야겠군요.
20223	그분은 지역사회에서 많은 사랑을 받으셨고, 저희 은행의 가장 충실한 고객이셨죠.
20224	에드먼드 씨가 정말 많이 그리울 겁니다.
20225	땅속 6피트에서는 못 들을 텐데, 저 좋으라고 아부할 필요 없어요.
20226	고인에게 예의를 좀 지켜주세요, 부인!
20227	상심이 크시겠어요.
20228	고맙습니다, 선생님.
20229	현재 상태로는 공장에 들어가는 게 안전하지 않아요.
20230	화재 피해로 건물이 불안정해졌고, 에드먼드 가족도 괜한 소송에 휘말리고 싶지 않을 겁니다.
20231	근데 그거 말고는, 제가 알기로 공장엔 아직 값나가는 필로트로닉스 장비들이 있어요.
20232	그래서 저희가 에드먼드 씨의 유언장이 낭독될 때까지 열쇠를 보관하고 있는 거죠.
20233	그렇군요.
20234	맞는 말씀이세요.
20235	저는 엘 파울로입니다, 세이플리 퍼스트 저축은행의 매니저죠.
20236	은행의 모든 일상 업무를 담당하고 있습니다.
20237	그런데 갑자기 연방요원들이 제 업무에 왜 관심을 갖는지 여쭤봐도 될까요?
20238	안 돼요.
20239	걱정 마세요, 그냥 대화하는 거예요, 엘 파울로 씨!
20240	그 끔찍한 양복 말고도요?
20241	여기는 다들 서로를, 그리고 서로의 일을 아는 작은 마을이에요.
20242	낯선 사람 둘이 캐고 다니면 소문이 빨리 퍼지죠.
20243	완전 셜록 홈즈가 나셨네요.
20244	저기요? 지금 저 협박하시는 건가요?
20245	그냥 제 수사에 협조 안 하시면 어떻게 될지 말씀드리는 거예요.
20246	'열쇠가 되는' 정보를 숨기신다면, 제 동료들 불러서 당신 기록을 조사할 근거가 생길 수도 있죠.
20247	그럼 분명 뭔가 재밌는 걸 찾아낼 거고요.
20248	부인, 그런 뉘앙스 마음에 안 드는데, 얼마든지 동료분들 불러오세요.
20249	저는 아주 결백하니, 그런 겁주기 전술로는 저를 못 흔드실 거예요!
20250	젠장.
20251	물론이죠.
20252	팀블위드 파크에 시체가 나타나는 게 매일 있는 일은 아니니까요.
20253	이 마을 문제 중에 제일 사소한 걸로 보이는데요.
20254	글쎄요, 잘 모르겠네요.
20255	개인적인 문제야 어쨌든, 윌리가 저한텐 살인자처럼 안 보여요.
20256	그건 살인자를 아는 사람들이 다 하는 말이죠.
20257	이해는 하는데, 모든 증거가 그를 가리키고 있어요.
20258	그럴 수도 있지만, 저는 그냥 그가 안 그랬다고 생각해요.
20259	그 멍청한 아레스트트론이 증명했잖아요.
20260	안 그랬다면 법정에서 무죄로 나올 거예요.
20261	뭐라고 하셔도 좋은데, 지금 이 순간 결백한 시계 수리공이 감방에 앉아있을 가능성이 크다는 사실은 변하지 않아요.
20262	저축이나 대출 상담 필요하시면 언제든 들러주세요!
20263	무료 피자 쿠폰 필요해?
20264	*윙크* *윙크*
20265	피자가 무료예요, 아니면 쿠폰이 무료예요?
20266	그렇게 입고 다니면 체포될 수도 있어요.
20267	저한테 작업 거시는 거예요?
20268	이 이상한 마을은 대체 왜 이래요?
20269	이 괴상한 동네는 대체 뭐예요?
20270	회의요? 무슨 회의요?
20271	피자 얘기는 그만하고, 이제 가봐야겠어요.
20272	아...
20273	음...
20274	잘 이해가 안 되는데.
20275	누구야? 경찰이야?
20276	휴가 나온 관광객이에요.
20277	피자 좀 구하려고요.
20278	당신의 최악의 악몽이죠.
20279	연방 요원입니다.
20280	바닥재 검사관이에요.
20281	연방 요원이잖아!
20282	양복 보고 알아봤다니까!
20283	딱 알고 있었어!
20284	내 권리는 내가 알아!
20285	영장 보여줘!
20286	이건 불법 체포야!
20287	아아아아아아악!
20288	뭔가 이상한 일이 벌어지고 있어!
20289	당신도 눈치챘지?
20290	말도 안 돼! 삐 소리랑 웅웅거리는 소리 들어봤어?
20291	그 회의에 대해 알아?
20292	일하는 중!
20293	거기서 뭐 하는 거예요?
20294	그냥 구덩이 파는 거예요.
20295	대부분 구덩이죠, 뭐.
20296	그다음에 다시 묻어요, 깔끔하고 단정하게.
20297	그렇군요.
20298	실례합니다, 뭐 하고 계신지 여쭤봐도 될까요?
20299	그냥 구덩이 파는 거예요.
20300	대부분 구덩이죠, 뭐.
20301	그다음에 다시 묻어요, 깔끔하고 단정하게.
20302	네, 계속하세요.
20303	에드먼드 호텔에 오신 걸 환영해요-부우, 트라이-팀블위드 파크 카운티 지역에서 제일 아름다운 호텔이죠.
20304	어떻게 도와드릴까요-부우?
20305	그 밖에 또 어떻게 도와드릴까요-부우?
20306	제 이름으로 씸블콘 티켓이 있을 텐데요.
20307	씸블콘 티켓 좀 받고 싶은데요.
20308	씸블콘 티켓 좀 더 받고 싶은데요.
20309	안녕하세요 보안관님. 왜 호텔 매니저로 부업을 하고 계세요?
20310	정말 낯이 익네요, 저희 전에 만난 적 있나요?
20311	오늘 호텔에 무슨 일 있어요?
20312	프랭클린 에드먼드한테 무슨 일이 있었는지 아세요?
20313	정문에 무슨 일이 있는 거예요?
20314	여기 아름다운 로비 좀 둘러볼게요!
20315	여기 그... 음... 흥미로운 로비 좀 둘러볼게요.
20316	{flip_coin}오-부우! 저는 보안관이 아니라 호텔 매니저예요.
20317	보안관은 늘 그 짜증나는 '레노'를 붙이잖아요.
20318	저는 절대 그렇게-부우 안 해요.
20319	그러시겠죠.
20320	뭐든.
20321	{flip_coin3}그런 것 같지 않은데요-부우.
20322	네, 그렇군요.
20323	씸블콘-부우이 기록적인-부우 인파로 열렸어요.
20324	그 기록이 겨우 두 명 왔다는 거예요?
20325	혹시 떠오르는 생각을 다 입 밖으로 내는 걸 삼가주시면, 저 하나-부우는 정말 기쁠 것 같은데요.
20326	씸블콘 말고는... 아무것도 없어요-부우.
20327	분명 식중독 사례가 더 늘어난 것도 아니고요.
20328	확실히 아니에요-부우.
20329	아무것도 없어요-부우.
20330	분명 식중독 사례가 더 늘어난 것도 아니고요.
20331	확실히 아니에요-부우.
20332	네, KSCUM-부우 퀴즈 대회에서 받은 티켓이 있어요.
20333	성함이 어떻게 되시죠-부우?
20334	까먹었어요.
20335	아, 맞네요. 여기 성함-부우이 목록에 있네요.
20336	그 이름은 목록에 안 보이는데요...
20337	근데 믿음직한 얼굴-부우이시니까, 그냥 드릴게요.
20338	하하. 저도 항상 그래요-부우.
20339	근데 믿음직한 얼굴-부우이시니까, 그냥 드릴게요.
20340	죄송해요. 저희는 KSCUM-부우 대회 우승자용 씸블콘 티켓만 있어요.
20341	라디오에서 KSCUM 들으면 당첨될 기회가 있어요-부우.
20342	봤어요, 근데 그 후에 무슨 일이 있었는지는 몰라요-부우.
20343	근데 웃긴 일-부우이 있었어요.
20344	계속하세요...
20345	바로 그날, 코가 큰-부우 남자가 체크인했다가 사라졌거든요.
20346	그것 참 신기한 우연이네-요레노.
20347	그 사람이 어느 방에 체크인했어요?
20348	어디 보자-부우.
20349	에밀리오 에스테베즈 씨였어요...
20350	프랭크 자파 씨였어요...
20351	조지 마이클 씨였어요...
20352	로버트 팔머 씨였어요...
20353	{비꼬듯}그럴듯하네.
20354	네...
20355	3층 방-부우에 체크인했어요.
20356	4층 방-부우에 체크인했어요.
20357	5층 방-부우에 체크인했어요.
20358	6층 방-부우에 체크인했어요.
20359	7층 방-부우에 체크인했어요.
20360	8층 방-부우에 체크인했어요.
20361	9층 방-부우에 체크인했어요.
20362	10층 방-부우에 체크인했어요.
20363	11층 방-부우에 체크인했어요.
20364	12층 방-부우에 체크인했어요.
20365	수사를 위해 그 방 열쇠가 필요한데요.
20366	영장-부우 없이 그러면 안 될 것 같은데요.
20367	근데 어차피 거기 볼 것도 없으니, 드려도 될 것 같네요-부우.
20368	고마워요... 드디어.
20369	가끔 그러는데 다들 호텔이 부우-하고 유령 나온다고 걱정해요.
20370	근데 보통 며칠 안에 저절로 고쳐져요-부우.
20371	안녕히 가세요. 좋은 저녁 보내세요-부우.
20372	필요하시면 피전 브라더스가 배관/전기 잘한다고 들었어요.
20373	정말 친절하시네요-부우.
20374	근데 저희는 이미 몇 년째 써온 훌륭한-부우 분들이 있어요.
20375	관리인분들이 오늘 밤 안 되신다는 소문 들었는데요.
20376	피전 브라더스 한번 써보시는 게 어때요?
20377	아니 이럴 수가-부우, 딱 필요했던 거예요!
20378	정말 감사해요-부우.
20379	이 키카드에 대해 뭐 좀 말해주실 수 있어요?
20380	그 손님-부우은 어제 '미스터 슈도님(가명)'이라는 이름으로 체크인했어요.
20381	{비꼬듯}그럴듯하네.
20382	내일-부우 체크아웃 예정이에요.
20383	고마워요.
20384	코스프레 조언이 필요하신가요?
20385	조언이 더 필요하신가요?
20386	저 코스프레하는 거 아니에요.
20387	저는 초자연 현상을 수사하는 FBI 요원 코스프레 중이에요.
20388	그러시든가요. 나중에 뵙죠.
20389	실례합니다, 부인.
20390	{sit_hostile}미안한데 잔돈 같은 거 없어, 아가씨.
20391	{sit_sexy}어머, 어머, 어머! 이게 누구야?
20392	죄송합니다 부인, 저는 애정행각에 돈 안 씁니다.
20393	저는 연방 요원입니다, 예의를 좀 갖추세요 안 그러면 성매매 알선으로 체포할 수도 있어요!
20394	자기야, 나 창녀 아니거든!
20395	{sit_wave}근데 연방 규정 폴리에스터 정장 입은 남자를 보니까 결혼 서약을 잊고 싶어지는 게 있긴 하네...
20396	나는 그 유명한 필로트로닉스 에드먼드 가문의 레노어 에드먼드-멀치야, 지금 버스로 도착할 남편이랑 아들을 기다리고 있는 거라고!
20397	그러니까 나한테 좀 더 예의를 갖추는 게 좋을걸.
20398	강가의 시체에 대해 아는 거 있어요?
20399	누가 이 시체랑 관련 있다고 생각하는지 말해주세요.
20400	빨리 불어, 트러스트 펀드 바비!
20401	부인, 아시는 걸 말씀해주세요.
20402	필로트로닉스에 대해 말해주세요.
20403	척에 대해 더 말해주세요.
20404	필로트로닉스에 대해 더 말해주세요.
20405	삼촌처럼 되고 싶으세요?
20406	필로트로닉스 경비원을 아셨나요?
20407	매춘하는 게 아니라면, 그런 옷차림으로 뭘 하고 계신 거예요?
20408	버스 정류장에서 뭐 하고 계세요?
20409	비디오 게임 개발자가 되는 게 그렇게 나쁜 일인가요?
20410	오늘은 여기까지 하죠.
20411	오, 자기야, 그럼, 그럼, 그럼!
20412	드디어 누가 그걸 없애준다니 정말 다행이야!
20413	그래도 소문은 좀 듣거든, 이 지저분한 일이랑 누가 관련 있는지 짐작 가는 데가 있어.
20414	{sit_shifty_eyes}험담하고 싶진 않지만, 뭐, 마을을 위한 일이니까...
20415	아시는 걸 말씀해주세요.
20416	사실은...
20417	{sit_wave}아니, 이건 못 하겠어!
20418	에드먼드 가문의 명예가 걸린 일이야.
20419	{sit_wave}좋아, 내 동생, 딜로리스였어!
20420	걔는 우리 가족이랑 사업을 버리고 이런 사람이 됐지...
20421	바닥재 검사관이요?
20422	해적이요?
20423	가죽 재킷 판매원이요?
20424	콜센터 상담원이요?
20425	언니처럼 창녀요?
20426	아니, 아니, 아니, 그보다 훨씬 심했어!
20427	걔는...
20428	{sit_eyes_left_right}
20429	...비디오 게임 개발자가 됐어!
20430	딜로리스는 척 삼촌 가슴에 못을 박고 그 살인 시뮬레이터들을 프로그래밍하기 시작했지.
20431	실제 살인이야말로 걔한테 다음 단계일 게 뻔해, 자기야.
20432	걔가 잔머리 굴려서 사랑하는 척 삼촌의 유산을 가로채기 전에 막아야 해.
20433	네, 바로 그 문제 처리하겠습니다.
20434	필로트로닉스는 내 삼촌, 그 위대한 사업가이자 천재 발명가 척 에드먼드의 아이디어였어.
20435	베개 공장을 열었을 때 우리 에드먼드 가문이 이 마을을 위대하게 만들었지.
20436	내 가족은, 심지어 그 멍청한 여동생 딜로리스까지도, 팀블위드 파크에서는 거의 왕족이나 다름없어, 자기야.
20437	척 삼촌은 힘도 있고 부유했고, 늘 아름다운 것들에 둘러싸여 지냈어.
20438	그분이야말로 내가 되고 싶은 모든 거야, 자기야.
20439	그분의 발명품이랑 돈이 없었다면 우린 지금도 양계장이나 하고 있었겠지, 사회 엘리트가 아니라.
20440	그럼, 그럼, 그럼, 내 아들 이름도 그 위대한 삼촌을 따서 척키라고 지었을 정도야, 우리 유대감이 그만큼 깊었거든.
20441	분명 유언장에도 그게 반영돼 있을 거야.
20442	내가 에드먼드 가문 재산을 손에 넣으면 이 동네도 좀 달라질 거야.
20443	화재 때문에 문을 닫았다고 들었는데요?
20444	그래, 그래, 그래, 무능한 경비원 하나가 부주의로 우리 가문의 유산을 망쳐놨어!
20445	근데 좀 더 유쾌한 얘기나 하지!
20446	이 화재에 대해 질문이 참 많네, 자기야.
20447	저-어-
20448	자, 착하게 좀 재밌는 거나 물어봐, 귀요미 요원.
20449	꼭 알아야겠다면, 유언장 낭독하러 가려고 남편이랑 아들 도착하는 걸 기다리는 중이야.
20450	그리고 참고로, 슬프다고 이렇게 후줄근하게 하고 다닐 핑계는 안 돼.
20451	그럼 당신 핑계는 뭔데요?
20452	그냥 남편이랑 아들 도착하는 걸 기다리는 중인데, 좀 걸릴 것 같네.
20453	그동안 나랑 좀 더 친해져 보는 건 어때, 자기야?
20454	죄송하지만, 지금 사건 수사 중이라서요, 부인.
20455	오 그럼요, 그럼요, 그럼요!
20456	결국, 비디오 게임이란 게 사실상 살인 훈련 프로그램이고 폭력이랑 타락을 조장한다는 건 다 아는 사실이잖아!
20457	게임 개발에 뛰어들고 싶어 하는 건 무슨 반사회적이고, 도덕적으로 문제 있고, 정신 나간 괴짜여야만 가능한 일이라고!
20458	곧 또 보러 와요, 자기야.
20459	고양이들 밥 줘야 할 거 아니야, 자기야.
20460	차오!
20461	{stand_nametag}안녕하세요, 저는 퀴키팔의 레너드예요.
20462	뭘 도와드릴까요?
20463	특수요원 레이다.
20464	주니어 특수요원 레예스예요.
20465	저 그거 안 갖고 있어요, 그렇게 생각하시는 거면요.
20466	강가의 시체에 대해 아는 거 있어요?
20467	마을에서 수상하게 행동하는 사람 본 적 있어요?
20468	윌리가 왜 수상해 보였던 거예요?
20469	그 지갑이 윌리 거였을 가능성은요?
20470	레너드 씨, 본인에 대해 좀 얘기해주세요.
20471	그래서 레너드, 사연이 뭔데?
20472	여기 퀴키팔에서 일하는 거 마음에 들어요?
20473	생각할 시간이 많다고 했죠.
20474	척에 대해 말해주세요.
20475	척을 진짜 존경하는 것 같네요.
20476	카운티 지도 있어요?
20477	이 깜빡이는 조명 때문에 미치겠네요.
20478	이 마을 상태에 대해 어떻게 생각해요?
20479	그 보안 테이프 좀 볼 수 있을까요?
20480	보안 테이프를 넘겨주셔야겠어요.
20481	왜 베타맥스 플레이어를 갖고 계세요?
20482	가게 좀 둘러볼게요.
20483	아뇨, 근데 보안관이 그거 보고 거의 토할 뻔했다는 얘기는 들었어요.
20484	제가 요즘 본 몸뚱이라곤 잡지 진열대 맨 위 칸에 있는 늘씬한 언니들뿐인데요!
20485	네가 벗은 여자를 보는 데가 잡지밖에 없다는 게 놀랍지도 않다.
20486	그건 그냥 넘어가죠.
20487	사실, 그러고 보니까, 며칠 전 밤에 좀 수상한 걸 보긴 봤어요.
20488	야간 근무 중에 문 닫고 피자나 좀 먹으려던 참이었는데 마을 부랑자 윌리가 들어오더라고요.
20489	생각해보니까 진짜 이상했어요.
20490	보통은 그 사람 쫓아내야 돼요, 냄새도 지독하고 돈도 절대 없거든요.
20491	근데 태어나서 처음으로, 그 형이 지갑을 꺼내더니 돈뭉치를 두둑하게 보여주더라고요.
20492	술장 전체를 사가는 거 보고 좀 쩐다고 생각했어요.
20493	그 지갑은 절대 그 사람 거일 리가 없어요. 그냥 운 좋게 주웠나 보다 했죠.
20494	근데 생각해보니까, 그 지갑에 이상한 빨간 얼룩이 좀 있었던 것 같아요.
20495	그땐 그 사람이 마시는 체리맛 구강청결제인 줄 알았는데, 피였을 수도 있겠네요.
20496	우와아, 제 이름 어떻게 아셨어요?
20497	텔레파시 뭐 그런 거 쓰세요?
20498	아뇨, 방금 본인이 이름 말했잖아요, 명찰에도 적혀 있고요.
20499	완전 좋죠, 여기서 커피 공짜에 최저시급까지, 개꿀이에요!
20500	게다가 야간 근무엔 손님도 별로 없어서 생각할 시간이 많아요.
20501	저는 좀 추상적으로 사고하는 편이에요, 시대를 완전 앞서가죠.
20502	엄마는 저더러 MIT 장학금 받은 사촌 버나드처럼 좀 되라고 하시는데.
20503	근데 그런 찌질이처럼 될 바에야 척 에드먼드처럼 되는 게 낫죠.
20504	그 사람은 진짜 제 영웅이에요!
20505	대학도 안 가고, 어릴 때부터 그냥 자기 기계들을 만들기 시작했대요.
20506	그 사람은 자기가 좋아하는 걸 하면서 이 마을을 부자로 만들었잖아요.
20507	그래서 저도 고등학교 자퇴했어요.
20508	폴리에스터 우리에 갇힌 하수인처럼 '그놈들'을 위해 인생 살고 싶지 않거든요.
20509	기분 나쁘라고 한 말은 아니고요.
20510	기분 나쁘네.
20511	안 나빠요.
20512	이 마을이 끝났다고 하는 루저들 말은 그냥 무시하세요.
20513	그니까, 풋, 전혀 아니거든요!
20514	여기 퀴키팔 하나면 사람한테 필요한 건 다 있다고요!
20515	그건 안 돼요, 형씨!
20516	여기 퀴키팔엔 베타맥스 테이프가 딱 하나뿐인데 그거 줬다간 사장님이 뒤집어질 거예요.
20517	그거 잃어버리면 저 완전 끝장이에요.
20518	여기 진짜 죽여주는 최신형 베타맥스 플레이어 하나 있어요.
20519	VHS가 망할 때 구닥다리 기술이나 붙잡고 있고 싶지는 않거든요.
20520	더 우월한 기술에 투자해야죠, 형씨!
20521	네, 진짜 신기하죠?
20522	살짝 취하고 보면 더 죽여줘요, 그리고...
20523	아... 음... 그러니까 제 말은...
20524	네, 경찰관님, 그거 바로 고쳐놓을게요.
20525	아, 미안해요, 형씨, 그거 다 떨어졌어요.
20526	아, 미안해요, 누나, 그거 다 떨어졌어요.
20527	보안관-레노가 와서 싹 다 가져갔어요.
20528	돈도 안 냈어요. 완전 별로예요. 진짜 별로, 진짜.
20529	우와! 연방요원들이 다시 왔네!
20530	이번엔 또 무슨 일로 마을에 왔어요, 형씨?
20531	이번엔 또 무슨 일로 마을에 왔어요, 누나?
20532	마무리 못한 일들 정리하러 마을에 다시 왔어요.
20533	저희가 뭘 하고 있다고 생각하시는지 솔직히 전혀 모르겠네요.
20534	저희가 누굴 죽이러 왔다고 생각해요?
20535	그 식물은 대체 뭐예요?
20536	왜 가게에 사람 잡아먹는 식물을 키우고 있는 거예요?
20537	베개 공장에 대해 뭐 아는 거 있어요?
20538	정말 그 공장에 대해 아무것도 모르는 거 확실해요?
20539	공장에 몰래 들어가 본 적 있어요?
20540	가봐야겠어요.
20541	아, 알겠다. '마무리 못한 일' *윙크윙크*!
20542	무슨 뜻인지 잘 모르겠는데요.
20543	네가 뭘 안다고 생각하는지 모르겠는데, 나한테 다시는 윙크하지 마.
20544	그러니까 '마무리 못한 일'이 무슨 뜻인지 안다는 거예요.
20545	저 쿨해요, 저한테는 안 숨기셔도 돼요.
20546	여러분의 험한 일에 대해서는 입 꾹 다물고 있을게요.
20547	여러분 완전 제임스 본드급이죠?
20548	살인 면허에 그런 죽여주는 것들 다 있고!
20549	그 '마무리 못한 일' 정리하러 오신 거면 저는 아무 말도 안 할게요.
20550	그게 '마무리 못한 일'이 뜻하는 암호 맞죠?
20551	아니요.
20552	에이, 말해줘도 돼요, 저 완전 입 무거워요, 형씨!
20553	혹시... 제가 그 '마무리 못한 일'인가요?!
20554	맹세컨대 저는 그냥 친구를 위해서 그 물건들 보관해주고 있던 것뿐이에요!
20555	제발 저 해치지 마세요, 형씨!
20556	*한숨*
20557	무슨 말씀이신지 모르겠는데요...
20558	저는 제 옷장 안을 들여다본 적도 없다고요!
20559	저는 토마토 화분인 줄 알았어요!
20560	저기 카운터에 있는 식물 얘기하는 거예요.
20561	우리 눈앞에 있는 사람 잡아먹는 식물 얘기하는 거야, 이 멍청아.
20562	휴! 순간 저 걸린 줄 알았네요!
20563	레너드, 잘 넘겼다!
20564	사장님이 카운터 위로 뛰어다니는 쥐들 좀 잡아먹을까 싶어서 키우신 거예요.
20565	손님들이 자기 먹거리를 설치류가 씹어먹는 거 보는 거 안 좋아하잖아요, 아시죠?
20566	근데 지금까지 한 거라곤 초콜릿바 훔치려던 애 손가락 하나 물어뜯은 것뿐이에요.
20567	그거 때문에 완전 욕먹었죠!
20568	팀블위드 역사상 최고의 업적이라는 거 말고요?
20569	네, 그거 말고요.
20570	아뇨, 죄송한데 그건 안 돼요.
20571	공장은 몇 년째 잠겨 있어요.
20572	아뇨, 형씨, 그 공장은 저 고등학교 졸업하자마자 닫혔어요.
20573	거기서 일하려고 지원서까지 냈었는데, 화재 나고 문 닫아버렸어요.
20574	그때는 척 밑에서 일하는 게 제 꿈이었는데, 지금은 그 사람처럼 되는 게 제 꿈이에요.
20575	척도 분명 퀴키팔 같은 데서 몇 년은 허비했을걸.
20576	야망이 있는 건 좋은 거죠.
20577	풋, 맨날 궁금하긴 한데, 그 건물은 포트 녹스보다 더 단단히 잠겨 있어요!
20578	브렛이랑 쳇도 못 들어가요, 걔네는 보안 시스템 해킹하는 법도 아는 애들인데.
20579	안에 부서지거나 도난당하면 안 되는 엄청 대단한 장비가 많은가 봐요.
20580	다음에 또 봐요, 형씨!
20581	{stand_nametag}안녕하세요, 저는 퀴키팔의 레너드예요.
20582	뭘 도와드릴까요?
20583	이 브랜드 위스키 파세요?
20584	어디 보자...
20585	네, 윌리가 마시는 브랜드 같은데요.
20586	왜요? 그 사람 무슨 문제 생겼어요?
20587	이 브랜드 위스키 마시는 사람이 또 있어요?
20588	사실... 없어요. 그걸 견딜 수 있는 사람은 그 사람뿐이에요.
20589	팀블위드 파크 오컬트 서점에 오신 걸 환영합니다.
20590	저는 마담 모레나예요.
20591	저주 때문에 오셨나요, 여름 세일 때문에 오셨나요, 아니면...
20592	...그 정장 보아하니, 제 세금 기록 때문인가요?
20593	요즘은 정장 빼입은 연방요원들이 자주 찾아오지 않는데 말이죠!
20594	저는 레예스 요원입니다, 그냥 몇 가지 질문드리러 왔어요, 부인.
20595	저는 레이 요원이에요.
20596	숨기는 게 없으면 두려워할 것도 없겠죠... 지금은요.
20597	뭐, 알겠어요.
20598	뭘 도와드릴까요?
20599	강가의 시체에 대해 아는 거 있어요?
20600	살인범 찾는 걸 도와주려면 뭐가 필요해요?
20601	아직 버섯 찾는 중이에요.
20602	그 버섯 여기 있어요!
20603	그 멍청한 버섯 구해왔어요.
20604	여긴 뭐 하는 곳이에요?
20605	진짜로 사람한테 저주를 걸 수 있어요?
20606	광대 랜섬한테 저주 걸었어요?
20607	그 멍청이 광대 랜섬한테 저주 거셨어요?
20608	본인에 대해 얘기해주세요, 마담 모레나.
20609	사연이 뭐예요?
20610	오컬트는 어쩌다 시작하게 됐어요?
20611	이 부두교 헛짓거리는 어쩌다 시작하신 거예요?
20612	왜 여기에 가게를 여신 거예요?
20613	왜 이런 후진 동네에 가게를 여신 거예요?
20614	안녕히 계세요.
20615	이 근처에서 일어나는 일은 다 알고 있어요.
20616	잘됐네요! 그럼 누가 이 살인에 연루됐는지도 아시겠네요?
20617	그럼 불어보세요.
20618	음, 지금 당장은 다 알진 못해요.
20619	*한숨*
20620	근데 손 좀 더럽힐 각오가 있으시면, 원하시는 답을 찾아드릴 수 있어요.
20621	손 더럽히는 거 겁 안 나요.
20622	요원 규정 어기고 싶진 않지만, 이 사건에 정말 단서가 필요해서요.
20623	답을 찾으려면 비전 탐구를 좀 떠나야 해요.
20624	근데 약간의 '도움' 없이는 그 공허 속으로 제대로 손을 뻗을 수가 없거든요...
20625	하수도에서 아가리쿠스 펑구스 비지오넴 델렉타멘툼 버섯을 구해다 주시면, 도와드릴 수 있을 것 같아요.
20626	그거 아마 규제 약물일 텐데요.
20627	그거 합법적으로 안 들리는데요.
20628	그래서 하시려는 말씀이...?
20629	좋았어어어어!
20630	이리 주세요, 오늘은 공허가 어떤 답을 주는지 한번 보죠.
20631	그래서? 이 짓 한 그 쓰레기가 누구예요?
20632	뭐가 보이셨어요?
20633	살인범이 별빛으로 움직이는 무지개 용이 아닌 이상, 저는 도와드릴 수가 없네요.
20634	근데 버섯은 고마워요.
20635	레너드랑 저 오늘 밤 아주 신나게 놀 거예요!
20636	완전 낚인 기분이네요.
20637	마약 소지로 당신을 체포해야겠는데요!
20638	잘됐네요! 제 딜러가 아주 훌륭한 증인이 되어줄 테니까요.
20639	이번 판은 당신이 이겼네요, 마녀 아주머니.
20640	이 카운티 최고의 오컬트 책, 지식, 서비스의 원천이죠.
20641	저주, 부적, 만병통치약, 진귀품이 필요하면 저를 찾아오세요.
20642	무슨 말인지 알겠어요.
20643	부두, 후두, 점술, 사기가 필요하면 저를 찾아오세요.
20644	됐어요! 알아들었다고요! 진짜!
20645	흥미롭네요!
20646	기침약이나 커피 필터가 필요하면, 퀴키팔로 가세요.
20647	당연히 할 수 있죠, 소비자 감시 단체가 뭐라 하든 상관없이.
20648	원하시는 대로 정확히 안 나올 수도 있지만, 영혼들이 하는 일은 신비롭거든요.
20649	그러니 불만 있으시면 그쪽에다 따지세요.
20650	저 그 저주 정말 자랑스러워요.
20651	그 인간이 재수 없게 굴어서 업보의 방망이로 좀 맞아야 했거든요.
20652	영구적으로 저주받은 얼굴이면 좀 심하게 맞은 것 같은데요, 부인.
20653	업보의 방망이 맛 좀 보고 싶으세요, 레예스 요원님?
20654	*꿀꺽*
20655	아뇨! 죄송해요! 부인!
20656	다음부터 절대 당신 화나게 하지 말아야겠네요.
20657	딱히 할 얘기가 없어요.
20658	오랫동안 길에서 제 기술을 갈고닦은 다음에 팀블위드에 자리를 잡았죠.
20659	결국, 사막에서 페요테 토하고 엉덩이에서 선인장 가시 뽑는 밤도 계속하다 보면 슬슬 지겨워지거든요.
20660	취해 있으면서 그걸로 돈까지 벌 수 있단 걸 깨달았을 때인 것 같네요.
20661	저는 진지한 영적 수행인 줄 알았는데요?
20662	제가 기대했던 대답은 아니네요.
20663	뭐라고 말씀드려야 할지 모르겠네요, 자기.
20664	저는 완전히 맛이 가는 게 좋고, 저주로 벌어들이는 돈으로 바하마에서 요트 타고 은퇴할 거예요.
20665	갑자기 직업을 잘못 선택한 것 같은 기분이 드네요.
20666	그 진동이요.
20667	이 마을은 어둡고 기이한 기운이 있어서 오컬트 사업하기에 딱이거든요.
20668	제가 들어온 그 신호 같은 그런 에너지 말씀이세요?
20669	아뇨, 요즘 허공에서 튀는 그 신호들은 완전히 다른 거예요.
20670	그게 무슨 의미인지는 모르겠지만, 좋은 건 아니라는 건 알아요.
20671	팀블위드 파크 오컬트 서점에 오신 걸 환영해요, 레이 요원님.
20672	팀블위드 파크 오컬트 서점에 오신 걸 환영해요, 레예스 요원님.
20673	까마귀는 정오에 날고 독수리는 내일 사냥한다.
20674	어둠이 가장 달콤한 곳에서 물이 가장 차갑다.
20675	바나나맨은 해질녘까지 찾을 수 없다.
20676	말은 집이 모르는 것을 안다.
20677	진짜 미쳤네요, 그렇죠?
20678	세일하는 거 뭐 있어요?
20679	세일하는 진귀품은 어떤 게 있어요?
20680	세일하는 이상한 잡동사니는 뭐예요?
20681	세일하는 다른 진귀품은 또 뭐가 있어요?
20682	세일하는 다른 잡동사니는 또 뭐가 있어요?
20683	장사는 어때요?
20684	어떤 손님들이 와요?
20685	여기 오는 미친놈들은 어떤 부류예요?
20686	그렇게 많은 사람들이 진짜 오컬트에 빠져 있어요?
20687	안녕히 계세요, 섬뜩한 아주머니.
20688	안녕히 계세요, 암흑 마법의 여주인님.
20689	여름 세일 1+1 50% 할인에 완전히 미쳐 있죠!
20690	무슨 말인지 알겠네요.
20691	진귀품이 눈알 있는 데까지 꽉 차 있어요!
20692	책이 여기저기서 쏟아져 나오고 있죠!
20693	그렇게 해서 오컬트 절약을 여러분께 가져다드리는 거예요!
20694	여름 세일에서 최대 50% 할인에 1+1까지!
20695	환불은 안 돼요.
20696	'죽음의 단검™'이 완전히 재고 과잉이에요!
20697	그게 뭘 하는 건데요?
20698	지금까지 별로 인상적이지 않네요.
20699	악마의 증오의 불길 속에서 벼려낸 아주 어두운 오컬트 아이템이에요.
20700	이 단검으로 누군가의 심장을 찌르면 죽을 확률이 꽤 높아요!
20701	와, 방금 소름 돋았어요!
20702	그럼 그냥 평범한 단검이랑 똑같은 거잖아요?
20703	저희 '주관적 투명 망토™'가 그야말로 불티나게 팔리고 있어요!
20704	투명해지기로 결심하는 것만으로 친구랑 가족을 어리둥절하게 만드세요!
20705	당신이 그들을 못 보면, 그들도 당신을 못 본다는 걸 기억하세요!
20706	놀랍네요!
20707	제가 들어본 것 중에 가장 멍청한 소리네요.
20708	'불확실한 지식의 매직 8 해골™'!
20709	머리를 흔들어서 모든 질문에 대한 답을 알아내세요.
20710	그냥 해골에 매직 8볼 박아넣은 거잖아요, 안 그래요?
20711	완전 인상적인데요!
20712	그의 정확도와 지식은 그의 출처만큼이나 알 수 없고 불확실하답니다.
20713	좀 더 안목 있는 고객님을 위해, '평화주의자의 무통 부두 인형™'이 있어요!
20714	온순하고 순한 분들, 혹은 원한 있는 불교 신자를 위한 거예요!
20715	업보의 대가를 치르지 않고 감정을 찔러 없애세요!
20716	구리네요!
20717	정말 좋은 아이디어네요!
20718	차원을 넘나드는 '3D 안경™'도 있어요, 세상의 픽셀을 없애드려요!
20719	이건 본인 책임하에 착용하세요, 그리고 경고드리는데...
20720	조작감이 더 뻑뻑하고, 그래픽은 형편없어요!
20721	됐어요.
20722	무섭게 들리네요!
20723	50% 할인 특가로 '초록 손가락 반지™'가 있어요!
20724	금속이 피부에 닿는 부분이 기분 좋은 초록빛으로 변하면서, 원예 실력을 높여줄지도 몰라요.
20725	원예 실력 향상은 보장 못 해드리고, 자극이 생기면 사용을 중단하고 가정의를 찾으세요.
20726	됐어요.
20727	엄마 선물로 정말 좋은 아이디어네요!
20728	마지막 남은 '진짜 카리브해 항해사의 머리™'를 구매하시고 다시는 길을 잃지 마세요!
20729	진짜 식인 부족 주술사한테서 갓 배로 실려 왔어요, 그냥 들어 올리고 빙글빙글 도는 걸 보세요!
20730	보호용 눈알 목걸이가 빠져 있어서 이 마지막 하나는 싸게 팔고 있어요.
20731	좀 역겨우면서도 좀 멋지네요.
20732	물지는 않았으면 좋겠는데요...
20733	방향을 찾아야 하는 고객님을 위해 '북쪽 가리키는 부적™'이 있어요!
20734	그냥 끈에 나침반 달아놓은 거잖아요.
20735	나침반처럼 보이긴 하네요.
20736	아뇨, 이건 지옥의 스카우트 대원들이 직접 쓰던 아주 어둡고 강력한 오컬트 방향 탐지 유물이에요!
20737	헛소리네요.
20738	우와!
20739	레너드 덕분에 '사이렌의 펜™'이 거의 다 팔렸어요!
20740	적한테 거꾸로 건네주면 안에 있는 사이렌이 옷을 벗으면서, 알 수 없는 시간 동안 매혹시키고 정신을 빼놓을 거예요.
20741	심지어 죽을 때까지도요!
20742	그냥 여자 옷 벗겨지는 그런 싸구려 야한 펜이잖아요.
20743	확실히 정신은 빼놓네요, 부인.
20744	생명의 가격이 싸다고 생각하신다면, 얼마든지 제 물건도 싸구려라고 불러도 되죠!
20745	아주 인기 있는 물건인데요, 여기 '계산의 손목 보호구™'가 있어요!
20746	거기서 그만 멈추세요.
20747	그거 계산기 시계잖아요, 그 마법 헛소리는 다 헛소리예요.
20748	괜찮아요, 애송이. 당신한텐 그냥 그 재능이 없는 것뿐이에요.
20749	저승 세계에 맞춰진 사람들이 이런 고품질 장신구에 더 어울리는 법이죠.
20750	방정식만 입력하면 손목 보호구가 정확하게 답해줘요!
20751	시간도 알려주고요.
20752	정말 놀라운 재고를 갖고 계시네요, 마담 모레나!
20753	이보다 더 좋을 수 없죠!
20754	제 가게는 워낙 틈새시장이라 제 물건 사러 카운티 곳곳에서 손님이 끊이질 않아요.
20755	뭐, 늘 오는 이교도, 마녀, 마법사, 드루이드, 부두교인, 늑대인간, 오컬트 연구생, 뱀파이어 사냥꾼, 그리고 물론 게임 개발자들도 있죠.
20756	그 촉수 괴물들 찾으러 신비동물학자들이 마을에 왔을 때 완전 대박 났었어요!
20757	그거 말고는 대부분 브렛이에요, 일루미나티가 팝타르트에 마인드 컨트롤 약물을 넣는다는 책 사러 오는 그 착한 생존주의자 소년이요.
20758	걔도 이 어둠을 감지하거든요.
20759	오 그럼요! 암흑 마법은 항상 인기가 있죠!
20760	제가 이 일을 하는 게 그냥 향이랑 반다나가 좋아서만은 아니라고요!
20761	원한다면 바하마에서 요트 타고 은퇴할 만큼 돈을 충분히 모아뒀어요.
20762	갑자기 제 인생 선택들을 다 재고하게 되네요.
20763	저는 정장 입는 게 좋아서 이 직업을 고른 것도 있어요.
20764	도와드릴까요?
20765	팀블위드 니켈에 오신 걸 환영합니다.
20766	8년 경력에 언론학 학위 두 개면 딱 보고 요원인 거 알아요.
20767	제 지도를 왜 가져갈 수 없다는 거예요? 저는 연방 요원인데요.
20768	제가 그냥 민간인으로서, 그 지도 좀 받을 수 있을까요?
20769	잘 맞히셨네요, 특종 기자님.
20770	언론은 뭐 하나 놓치는 법이 없나 보네요.
20771	당신네 보안관은 대체 뭔가요, 좀 이상한 것 같던-데레노.
20772	척이요?
20773	척 에드먼드요?
20774	척에 대해 또 뭘 아세요?
20775	베개 공장 경비원에 대해 아는 거 있어요?
20776	저희 이 살인 사건 수사하러 왔는데, 뭐 아는 거 있어요?
20777	언론 완전 통제가 필요할 것 같은데요.
20778	혹시 수정헌법 제2조를 말씀하시는 거 아니에요?
20779	혹시 수정헌법 제3조를 말씀하시는 거 아니에요?
20780	혹시 수정헌법 제4조를 말씀하시는 거 아니에요?
20781	혹시 수정헌법 제5조를 말씀하시는 거 아니에요?
20782	혹시 수정헌법 제6조를 말씀하시는 거 아니에요?
20783	혹시 수정헌법 제7조를 말씀하시는 거 아니에요?
20784	혹시 수정헌법 제8조를 말씀하시는 거 아니에요?
20785	혹시 수정헌법 제9조를 말씀하시는 거 아니에요?
20786	혹시 수정헌법 제10조를 말씀하시는 거 아니에요?
20787	혹시 수정헌법 제11조를 말씀하시는 거 아니에요?
20788	혹시 수정헌법 제12조를 말씀하시는 거 아니에요?
20789	혹시 수정헌법 제13조를 말씀하시는 거 아니에요?
20790	혹시 수정헌법 제14조를 말씀하시는 거 아니에요?
20791	혹시 수정헌법 제15조를 말씀하시는 거 아니에요?
20792	혹시 수정헌법 제16조를 말씀하시는 거 아니에요?
20793	혹시 수정헌법 제17조를 말씀하시는 거 아니에요?
20794	혹시 수정헌법 제18조를 말씀하시는 거 아니에요?
20795	혹시 수정헌법 제19조를 말씀하시는 거 아니에요?
20796	혹시 수정헌법 제20조를 말씀하시는 거 아니에요?
20797	혹시 수정헌법 제21조를 말씀하시는 거 아니에요?
20798	혹시 수정헌법 제22조를 말씀하시는 거 아니에요?
20799	혹시 수정헌법 제23조를 말씀하시는 거 아니에요?
20800	혹시 수정헌법 제24조를 말씀하시는 거 아니에요?
20801	혹시 수정헌법 제25조를 말씀하시는 거 아니에요?
20802	혹시 수정헌법 제26조를 말씀하시는 거 아니에요?
20803	혹시 수정헌법 제27조를 말씀하시는 거 아니에요?
20804	베개 공장 화재에 대해 뭐 아세요?
20805	배달 서비스도 하세요?
20806	얘기 즐거웠어요, 저는 살인 사건 풀어야 해서요.
20807	저만큼 법 집행기관을 상대해보면, 이런 것에 대한 육감이 생기거든요.
20808	게다가 그 싸구려 정장도 있고요.
20809	거의 그 싸구려 정장 때문이지만요.
20810	그 사람 좀 별나긴 한데, 여기 사람들 다 그렇죠...
20811	...그리고 척이 죽고 나서 더 심해졌어요.
20812	척 에드먼드, 베개 재벌이요.
20813	50년대부터 이 마을을 사실상 다 좌지우지했고, 그 거대한 베개 공장을 소유하고 있었죠.
20814	음... 소유했었죠. 며칠 전에 돌아가셨거든요.
20815	조카인 딜로리스랑 그 언니 레노어가 그냥 싸움만 그만두면 재산을 물려받게 될 거예요.
20816	30년대 후반에 동생 프랭클린이랑 같이 전쟁 물자용 베개를 만들려고 베개 공장을 시작했어요.
20817	'베개가 전쟁을 이긴다'가 그들의 슬로건이었죠.
20818	그 공장이랑 척은 50년대 팀블위드 사교계의 중심이었어요.
20819	계속하세요...
20820	흥미롭네요...
20821	궁금한데요...
20822	이런... 베개엔 그렇게 관심 없는데...
20823	척은 자동화에 수백만 달러를 투자했고 AI 전문가가 됐어요.
20824	농업 투자(AI)요?
20825	여드름 치료(AI)요?
20826	땅돼지 인공수정(AI)요?
20827	인공지능(AI)이요.
20828	생각할 수 있는 컴퓨터요.
20829	마을 전체를 자동화하기 시작했죠.
20830	사람들 말로는 마치 미래에 사는 것 같았대요.
20831	저기 있는 게 그 사람 기계들 중 하나예요. 카피트론 3000™이요.
20832	그다음엔...
20833	뭐라고요!...
20834	계속해보세요!...
20835	더 말해주세요!...
20836	베개. 척. 재벌. 알겠어요. 이제 좀 지루한데...
20837	그 큰 베개 공장 화재가 일어나서 직원 몇 명이 죽었고 공장 전체가 문을 닫았어요.
20838	많은 사람들이 그 화재를 과도한 자동화랑 컴퓨터 오류 탓으로 돌렸는데...
20839	...근데 제 생각엔 척이 보안관을 조종해서 그때 근무 중이던 경비원한테 뒤집어씌운 것 같아요.
20840	근데 이미 늦었죠, 척은 불명예를 안았고 공장은 몇 년째 문을 닫은 상태예요.
20841	버려진 기계들의 어두운 껍데기가 됐죠.
20842	저는 뭔가 큰 은폐가 있다고 의심하고 있어요, 무슨 말인지 아시-면레노.
20843	증거를 모으려고 했는데, 매번 가로막혔어요.
20844	작은 마을이라서, 누구 심기를 건드릴지 항상 조심해야 하거든요.
20845	별로 없어요. 화재로 죽었고 모든 책임을 뒤집어썼죠.
20846	근데 저는 의심스러워요. 증거만 좀 있으면, 제 특종 기사를 마무리하고 이 모든 걸 폭로할 수 있을 텐데.
20847	별로 없어요, 그냥 경찰 무전으로 들은 것뿐이죠.
20848	강가에서 시체 발견.
20849	아침에 제 최고의 기자를 보내서 확인해볼게요.
20850	제 최고의 기자가 누군지 아세요?
20851	당신이요?
20852	{notalk} *한숨* 당신이요?
20853	{notalk} *으쓱* 당신이요?
20854	{notalk} *눈 굴리며* 당신이요?
20855	클라크 켄트요?
20856	이 빌어먹을 마을이 이렇게 촌구석만 아니었어도, 저는 지금쯤 퓰리처상 두어 개는 받았을 거예요.
20857	이 베개 공장 화재 기사가 저를 여기서 벗어나게 해줄 티켓이에요.
20858	수정헌법 제1조가 아직 살아있는 한 그건 안 돼요. 강한 민주주의의 핵심은 강한 언론이니까요.
20859	왜요? 여기로 이사 올 계획이세요?
20860	전혀 아니야.
20861	이 마을은 나름의 매력이 있네요.
20862	좋아요, 그건 사실 질문이 두 개네요...
20863	첫째로, 연방 요원이라고 해서 신문사 사무실에 성큼성큼 걸어 들어와서 지도를 가져갈 수 있는 건 아니에요.
20864	여기엔 수정헌법 제4조라는 게 있거든요.
20865	그리고 둘째로, 그건 값을 매길 수 없는 원본이에요. 지도가 필요하시면, 퀴키팔에 가보세요.
20866	아니요, 그건 값을 매길 수 없는 원본이에요.
20867	아니요, 그건 무기를 소지하고 휴대할 권리를 보호하는 조항이에요.
20868	아니요, 그건 소유자의 동의 없이 평시에 군인을 민간 가정에 숙영시키는 걸 금지하는 조항이에요.
20869	아니요, 그건 불합리한 수색과 압수를 금지하고 상당한 이유에 근거한 수색영장 요건을 정한 조항이에요.
20870	아니요, 그건 대배심 기소랑 공용수용에 대한 규칙을 정하고 적법 절차를 받을 권리를 보호하는 조항이에요.
20871	아니요, 그건 배심에 의한 공정하고 신속한 공개 재판을 받을 권리를 보호하는 조항이에요, 기소 내용을 통지받고 증인을 대면하고 변호인을 선임할 권리도 포함해서요.
20872	아니요, 그건 관습법에 따라 특정 민사 사건에서 배심 재판을 받을 권리를 규정하는 조항이에요.
20873	아니요, 그건 과도한 벌금과 과도한 보석금, 그리고 잔인하고 비정상적인 형벌을 금지하는 조항이에요.
20874	아니요, 그건 헌법에 열거되지 않은 권리들을 보호하는 조항이에요.
20875	아니요, 그건 연방 정부가 헌법을 통해 주나 국민으로부터 위임받은 권한만 가진다는 연방주의 원칙을 강화하는 조항이에요.
20876	아니요, 그건 주 경계 안에 살지 않는 타주 시민이나 외국인이 주를 상대로 소송하는 걸 면제해주고 주권 면책의 기초를 세우는 조항이에요.
20877	아니요, 그건 대통령 선거 절차를 개정하는 조항이에요.
20878	아니요, 그건 범죄에 대한 처벌을 제외하고 노예제와 강제노역을 폐지하는 조항이에요.
20879	아니요, 그건 시민권을 정의하고, 특권과 면책 조항, 적법 절차 조항, 평등 보호 조항을 담고 있는 조항이에요.
20880	아니요, 그건 인종, 피부색, 과거의 노예 상태를 이유로 투표권을 부정하는 걸 금지하는 조항이에요.
20881	아니요, 그건 의회가 소득세를 부과할 수 있게 하는 조항이에요.
20882	아니요, 그건 미국 상원의원을 국민의 직접 투표로 선출하도록 정하는 조항이에요.
20883	아니요, 그건 미국 내에서 술의 제조나 판매를 금지했지만 1933년에 폐지된 조항이에요.
20884	아니요, 그건 성별을 이유로 투표권을 부정하는 걸 금지하는 조항이에요.
20885	아니요, 그건 대통령, 부통령, 상원의원, 하원의원의 임기가 시작되고 끝나는 날짜를 바꾸는 조항이에요.
20886	아니요, 그건 제18조를 폐지해서 다시 술 판매를 허용하는 조항이에요.
20887	아니요, 그건 한 사람이 대통령으로 선출될 수 있는 횟수를 제한하는 조항이에요.
20888	아니요, 그건 워싱턴 D.C.에 선거인단 투표권을 부여하는 조항이에요.
20889	아니요, 그건 세금 미납을 이유로 투표권을 박탈하는 걸 금지하는 조항이에요.
20890	아니요, 그건 대통령직 승계와 부통령직 공석을 채우는 절차를 정하는 조항이에요.
20891	아니요, 그건 18세 이상 미국 시민의 투표권을 나이를 이유로 부정하는 걸 금지하는 조항이에요.
20892	수정헌법 제27조 같은 건 없어요. 어쩌면 먼, 아주 먼 미래에는 생길지도 모르지만요.
20893	"살인범" 잡은 거 잘했어요.
20894	...네, 저 지금 살인범이라는 말에 손가락으로 따옴표 그렸어요.
20895	이 기자의 촉으로는 윌리가 범인이 아니고 뭔가 더 깊은 사연이 있는 것 같은데요.
20896	안녕하세요, 레이 요원님.
20897	안녕하세요, 레예스 요원님.
20898	좋은 검거였어요, 이제부터는 법원이 알아서 하겠죠.
20899	모든 증거가 윌리를 가리켰어요.
20900	타이핑을 멈추는 법이 없으시네요?
20901	안녕히 계세요, 나탈리.
20902	윌리는 희생양이었어요.
20903	당신들 이용당한 거예요.
20904	방금 답 타이핑해놨는데...
20905	아니요!
20906	여기도 수사하러 오셨어요?
20907	저라면 저기 안 들어갈 거예요.
20908	무슨 뜻이에요? 왜 들어가면 안 되는데요?
20909	여기서 뭐 하세요?
20910	미신을 믿으실 것 같아서요, 호텔의 초자연 현상에 대한 그런 헛소리 다 믿으실 것 같아서요.
20911	초자연? 무슨 헛소리야!
20912	제 생각도 그래요.
20913	초자연이요? 진짜요? 그거 끔찍하네요.
20914	그 제보들이 얼마나 심각해요? 걱정해야 되나요?
20915	유령 같은 건 존재하지 않으니까, 괜찮으실 거예요.
20916	음, 척의 동생 프랭클린이 몇 주 전에 실종됐어요.
20917	다리 옆에서 발견된 그 시체가 그 사람인가요?
20918	아니, 보안관 말로는 타살 흔적은 없다-네레노.
20919	아뇨. 근데 이 기자의 촉으로는 이 사건 전체에 뭔가 이상한 게 있어요.
20920	보안관한테 더 자세한 정보를 요청했어요.
20921	근데 아무것도 없었어요: 시체도 없고, 프랭클린도 없고요.
20922	좀 더 미신을 믿는 부류 사람들은 그가 이 호텔에 출몰한다고 주장해요.
20923	근데 사실 확인에 전념하는 저 같은 사람들은 그게 헛소리라는 걸 알죠.
20924	흥미로운 이야기네요.
20925	그럼 프랭클린도 죽은 건가요?
20926	근데 제 원래 질문엔 답을 안 하셨는데요. 왜 여기 계신 거예요?
20927	그건 여전히 왜 여기 계신지에 대한 제 질문의 답이 안 되는데요.
20928	가명이요? 뭐였는데요?
20929	그 코 큰 남자는 어느 방에 체크인했어요?
20930	당신한테서 정보 얻어내는 게 왜 이렇게 힘든 거예요?
20931	뉴스에 새로운 소식 있어요?
20932	정보 다 감사해요. 나중에 봬요.
20933	그가 죽었는지는 아무도 확실히 몰라요.
20934	팀블위드 파크에서 기자로 사는 게 정말 좋은 시기 아닌가요?
20935	한 명은 실종되고, 수수께끼 시체 하나, 척은 심장마비로 죽고!
20936	강에서 발견된 시체의 신원은 알아내셨어요?
20937	아직 조사 중이에요.
20938	가족한테 통보하기 전까지는 언론에 아무것도 말씀드릴 수 없어요.
20939	저희가 뭘 찾았고 못 찾았는지 언론에 말씀 안 드릴 거예요.
20940	제대로 된 연방요원들 맞으세요?
20941	흥미로운 전개네요...
20942	수사에 방해 같은 거 있었어-요레노?
20943	어떻게 생각하세요?
20944	말 다 했네요.
20945	그럼 그렇게 하세요.
20946	제가 못 속인다는 걸 알겠네요.
20947	혹시 직업 바꾸고 싶으시면, 저희한테 당신 같은 기자가 필요해요.
20948	네, 네!
20949	프랭클린이 여기 가명으로 체크인했다는 제보를 쫓고 있었어요.
20950	드디어.
20951	제가 알아낸 건 그냥 프랭클린이 실종된 것과 비슷한 시기에 코 큰 남자가 목격됐다는 것뿐이에요.
20952	그리고...?
20953	그 남자는 에밀리오 에스테베즈라는 이름으로 체크인했어요.
20954	그 남자는 프랭크 자파라는 이름으로 체크인했어요.
20955	그 남자는 조지 마이클이라는 이름으로 체크인했어요.
20956	그 남자는 로버트 파머라는 이름으로 체크인했어요.
20957	그러니까 척의 동생이 아니었을 수도 있어요.
20958	3층에 있는 방이었어요.
20959	4층에 있는 방이었어요.
20960	5층에 있는 방이었어요.
20961	6층에 있는 방이었어요.
20962	7층에 있는 방이었어요.
20963	8층에 있는 방이었어요.
20964	9층에 있는 방이었어요.
20965	10층에 있는 방이었어요.
20966	11층에 있는 방이었어요.
20967	12층에 있는 방이었어요.
20968	당신 같은 번쩍이는 공식 배지가 없이는 더 이상 알아낼 수가 없었어요.
20969	이걸 취업 면접이라고 해두죠.
20970	{notalk} *한숨*
20971	말씀드렸듯이, 좋은 기자가 필요해요, 그래야 제가 카운티 곳곳을 다 뛰어다니지 않아도 되니까요.
20972	저는 신문기자 할 시간 없어요.
20973	알겠어요, 근데 저 어디 있는지는 아시잖아요.
20974	그냥 여기 호텔의 초자연 현상에 대한 제보 몇 개뿐이에요.
20975	그렇게 신빙성 있게 보진 않아요.
20976	출판할 만한 걸 알아내시면, 니켈지에 들러서 알려주세요.
20977	뭘 도와드릴까요, 레예스 요원님?
20978	"살인범" 또 잡으셨어요?
20979	정말 큰 특종이 있어요!
20980	당신 그 퓰리처상 탈 것 같은데요!
20981	드디어 우리가 찾던 증거를 찾았어요!
20982	진정해요, 지미.
20983	뭘 갖고 있는데요?
20984	척이 우리 아빠한테 공장 화재 누명을 씌웠어요!
20985	그 화재는 트론 기계들이 낸 거였어요!
20986	우리는 전부 그냥 거대한 컴퓨터 게임 속에 살고 있는 거예요!
20987	우와.
20988	왠지 그럴 것 같긴 했어요.
20989	저한테 이상한 시대착오랑 개연성 오류로 가득한 기자 수첩이 있거든요.
20990	이 게임이 삭제되기 전에 기사 써서 내보낼 수 있어요?
20991	맡겨주세요, 특종 씨.
20992	당신은 드디어 아버님 누명을 벗기게 되고, 저는 드디어 그 퓰리처상을 받게 되겠네요.
20993	그게 뭐 정말 중요한 건 아니겠지만, 저한테는 중요해요.
20994	몇 분만 주세요, 저 타자 빠르거든요.
20995	그래서, 왜 여기 왔는지 다시 말해봐.
20996	앨버커키 본부에서 이 사건에 배정받았어요.
20997	앨버커키엔 본부 같은 거 없는데.
20998	{eyes_left}알 필요 없는 거예요.
20999	{eyes_right}이봐...
21000	난 사건 혼자 처리하는 걸 좋아해.
21001	특히 어떤 신참 요원이 내 수사를 망치는 건 필요 없다고.
21002	{eyes_front}특히 앨버커키에 본부가 없다는 걸 내가 모른다고 생각하는 그런 신참 요원은 말이야.
21003	{eyes_right}그러니까, 내 앞길 막지 말고...
21004	메모나 열심히 하고...
21005	뒤로 물러나서 배우기나 해...
21006	{eyes_front}그럼 내가 이 사건 마무리 짓고 우리 둘 다 여기서 벗어날 수 있을 거야.
21007	레이 요원님 명성은 확실히 익히 들었어요.
21008	칭찬으로 받아들이지.
21009	{eyes_front}그렇게 의도한 거니까.
21010	{eyes_front}그랬겠지.
21011	{eyes_right}피해자 사진 찍고 마을로 가서 지역 보안관하고 얘기해보자.
21012	시체가 픽셀화되기 시작하네.
21013	시체가...
21014	픽셀화...
21015	{eyes_left}되기...
21016	{eyes_left}시작하네...
21017	{eyes_front}
21018	{eyes_front}오늘 밤 길어지겠군.
21019	오늘 밤 신호가 아주 강하네요.
21020	무슨 신호요?
21021	네, 이미 말씀하셨는데, 무슨 신호요?
21022	당신 하마터면 연방 요원을 칠 뻔했어요! 그거 중죄예요!
21023	다리 옆 시체에 대해 아는 거 있어요?
21024	왜 거대한 비둘기처럼 입고 있어요?
21025	자매인데 왜 '브라더스'예요?
21026	이거 진짜 이상한데. 게임 저장해야 하나?
21027	근데 클래식 어드벤처 게임 하다 보니 자주 저장하는 습관이 생겨서요.
21028	어드벤처 게임 디자인으로선 합리적인 접근인 것 같네요.
21029	얘기 나눠서 좋았어요. 보안관님 찾아서 살인 사건 해결해야 해서요.
21030	너네랑 얘기는 이 정도면 충분한 것 같고. 보안관 찾아서 살인 사건 해결해야겠어.
21031	그 신호요.
21032	하하...
21033	그냥 장난치는 거예요.
21034	어두운 밤.
21035	황량한 길.
21036	거대한 비둘기 옷 입은 저.
21037	그냥 지나치기엔 너무 아까웠어요.
21038	근데 오늘 밤 신호는 진짜 강해요.
21039	아주 강해요.
21040	저희는 피전 브라더스 배관이에요.
21041	저는 베스고 이쪽은 제 자매 에밀리예요.
21042	안녕하세요.
21043	근데 기억하세요...
21044	왜 항상 시체가 발견되면, 거대한 새 옷 입은 사람한테 의심이 가는 걸까요?
21045	생도 훈련 매뉴얼에 나와 있어요.
21046	야, 부리가 맞으면 뭐...
21047	저흰 시체에 대해 아무것도 몰라요...
21048	...근데 오늘 밤 신호는 강해요.
21049	아주 강해요.
21050	아빠는 아들 낳을 줄 알았거든요.
21051	근데 밴 다시 페인트칠하기엔 너무 짠돌이셔서.
21052	그래서 아빠 돌아가실 때까지 그냥 이대로 가는 거예요.
21053	곧이요.
21054	조용히 해, 에밀리!
21055	죄송해요.
21056	말씀드렸다시피, 오늘 밤 신호가 아주 강해요.
21057	저라면 걱정 안 할 거예요.
21058	이 게임은 막다른 길이나 죽음 없이 전문적으로 설계됐거든요.
21059	그러면서도 무섭고 긴장감은 있게요.
21060	뭐든 마음 편히 탐험하셔도 돼요.
21061	근데 그 신호는 조심하세요.
21062	엄청 강해져서 전력망을 망가뜨릴 수도 있거든요.
21063	하하, 농담이에요.
21064	그건 몽키 아일랜드 나오기 전까지는 사실이었죠.
21065	적어도 루카스아츠 스타일 어드벤처에선요.
21066	그러다 디자이너들이 죽음이랑 막다른 길이 게임을 더 재밌게 만드는 게 아니란 걸 깨달았죠.
21067	사실 오히려 덜 재밌게 만들었거든요.
21068	맞아요.
21069	시간이 좀 더 걸리고 생각이랑 계획이 더 필요하지만요...
21070	...근데 결국엔 그만한 가치가 있어요.
21071	저도 얘기 나눠서 좋았어요.
21072	얘기할 시간 없어요.
21073	신호를 알아내야 해요.
21074	당신들...
21075	둘 다...
21076	정말...
21077	제정신이 아니네요...
21078	됐고요, 어차피 저는 풀어야 할 살인 사건이 있어서요.
21079	...정말 진심인 것 같으니, 알아서 잘 하실 거예요.
21080	...당신들 같은 두뇌라면 알아낼 수 있을 거예요.
21081	...밤새 이럴 거예요?
21082	...저 지금 짭짤한 견과류가 진짜 당기네요.
21083	얘기할 시간 없어요.
21084	이 작은 누수를 고쳐야 해요.
21085	제가 도와드릴 거 있어요?
21086	여기 WC-67 튜브 가져왔어요.
21087	누수 원인이 뭐예요?
21088	A 스트리트 좀 둘러보고 싶은데요.
21089	가봐야겠어요. 풀어야 할 살인 사건이 있어서요.
21090	이 누수 고칠 때까지 거리는 폐쇄예요.
21091	음, 하이드런트트론™의 튜브가 확실히 다 타버렸네요.
21092	새 걸로 하나 필요해요. WC-67로요.
21093	네, 그 사이즈는 다 떨어졌어요.
21094	분명 그 신호들 때문일 거예요.
21095	네, 그 신호들.
21096	얘기할 시간 없어요.
21097	정리하고 갈라져야 해요, 위시본처럼요.
21098	헤헤, 비둘기식 유머죠.
21099	얘기할 시간 없어.
21100	이 변기가 왜 오작동하는지 알아보려는 중이에요.
21101	실례합니다...
21102	잠시만 기다려주세요...
21103	지금 분류 작업 중인데요. 뭘 도와드릴까요?
21104	지금 완전 정신없이 바쁜데요. 뭘 도와드릴까요?
21105	뭘 도와드릴까요, 레이 요원님?
21106	뭘 도와드릴까요, 레예스 요원님?
21107	{show_badge_high}저는 연방 요원입니다, 다리 옆 시체에 대해 아는 거 있어요?
21108	{show_badge_high}저는 연방 요원입니다, 다리 옆 시체에 대해 아는 거 있어요?
21109	다리 옆 시체에 대해 아는 거 있어요?
21110	좋은 우체국 농담 아는 거 있어요?
21111	좋은 우체국 농담 하나 해주세요.
21112	다른 우체국 농담도 아는 거 있어요?
21113	마을이 텅 빈 것 같은데 왜 분류할 우편물이 이렇게 많아요?
21114	이 우편물들은 다 누구 앞으로 온 거예요?
21115	마을 떠나지 마세요, 당신 지켜보고 있으니까.
21116	도와주셔서 감사해요, 질문 더 있으면 다시 올게요.
21117	그건 기밀 정보예요.
21118	연방 요원이시니까 아셔야 할 텐데, 우편물의 사생활이랑 신성함을 지키는 게 제 의무예요!
21119	수사와 관련이 있고 필요한 서류를 다 갖추신 게 아니라면 도와드릴 수 없어요.
21120	말씀드릴 수가 없어요, 그건 연방 범죄가 될 거예요!
21121	연방 직원이시니까 당연히 아실 거라고 생각했는데요.
21122	연방 직원이시니까 당연히 아실 거라고 생각했는데요.
21123	아니면 이거 부정한 우체국 직원 잡으려는 함정수사 같은 거예요?
21124	저는 팀블위드 지점을 항상 깔끔하게 관리하니까 저희 걱정은 안 하셔도 돼요!
21125	연방 요원이세요? 저도 엉클 샘 밑에서 일하는데요!
21126	같은 정부 요원끼리, 제가 할 수 있는 건 도와드릴게요!
21127	아뇨, 마을 사람들 다 평소처럼 우편물 받아가고 있어요.
21128	제 배달 구역에서 없어진 사람은 없고요, 있었으면 분명 눈치챘을 거예요.
21129	그러니까, 자랑은 아닌데, 저도 연방 요원 되는 거 고려해본 적 있어요.
21130	근데 우체국 일만큼 명예롭거나 도전적이지가 않더라고요.
21131	당연히 알죠!
21132	우체국 직원들이 왜 그렇게 훌륭한 코미디언인지 알아요?
21133	우체국에서 일하려면 유머 감각이 필요해요?
21134	그 일 자체가 농담이라서요?
21135	그 사람들 코미디언으로서 별로예요?
21136	모르겠는데요.
21137	특별 배달(special delivery)이 있거든요!
21138	하하하하하하하하하하하하!
21139	으, 그거 진짜 별로다.
21140	하! 좋네요!
21141	당나귀를 우편으로 부칠 수 있냐고 물어본 손님한테 집배원이 뭐라고 했게요?
21142	아니요?
21143	그건 동물 학대 아니냐고요?
21144	가축 전문 운송업체에 연락해보라고요?
21145	'엉덩이 걸고 알아볼게요'라고 했대요!
21146	하하하하하하하하하하하하!
21147	너무 웃겨서 웃는 걸 깜빡했네.
21148	하하! 또 좋은 거네요!
21149	우체국 직원들은 휴가 때 뭘 할까요?
21150	폭음하면서 취업 지원하기?
21151	러시안 룰렛 하기?
21152	울기?
21153	여행사 가서 패키지 상품 예약해요!
21154	하하하하하하하하하하하하!
21155	당신은 내가 만나본 사람 중에 제일 안 웃긴 사람이야.
21156	하하하! 스탠드업 코미디 하셔야겠어요!
21157	저는 여기 있을게요! 분류할 게 너무 많아서요!
21158	언제든지요!
21159	우체국 지혜 좀 더 들으러 오셨어요?
21160	그 좋은 농담들 더 있어요?
21161	그 형편없는 농담들 더 있어요?
21162	농담 하나 더 해주세요, 제 인생을 증오하고 싶은 기분이라서요.
21163	재밌는 농담 하나만 더 해주세요!
21164	농담 하나 더요?
21165	농담 하나 더 해서 저 지루해 죽게 해주세요.
21166	일을 정말 사랑하시는 것 같네요.
21167	왜 우체부 일이 그렇게 좋으세요?
21168	일이 지루하진 않아요?
21169	여기 일이 좀 반복적이지 않아요?
21170	우체국 일이 압박감 큰 직업이에요?
21171	그 우편물들 보면 확 폭발하고 싶지 않아요?
21172	얘기해주셔서 감사해요.
21173	계속 좋은 일 하세요!
21174	우와, 이번엔 여러분 요원들을 위한 진짜 빵빵 터지는 농담이 있어요!
21175	전구 하나 갈아 끼우는 데 요원이 몇 명 필요할까요?
21176	한 명이요?
21177	두 명이요?
21178	아무도 필요 없고, 경찰한테 시킨다?
21179	모르겠는데요.
21180	그건 기밀이에요!
21181	하하하하하하하하하하!
21182	하하하! 이거 우리 엄마한테 꼭 말해줘야겠어요!
21183	내가 왜 자꾸 이 멍청한 농담들을 들려달라고 하는지 모르겠네.
21184	나도 참 마조히스트인가 봐.
21185	요원분들을 위한 또 다른 클래식 개그가 있어요!
21186	연방 요원이랑 우체부의 차이가 뭘까요?
21187	연봉 1만 달러 정도?
21188	한쪽은 그냥 좀 있어 보이는 배달원 그 이상이라는 거?
21189	개들이 우리는 안 싫어한다?
21190	한쪽은 못생기고 싸구려인 폴리에스터 옷을 입어야 하고...
21191	다른 한쪽은 우체부죠!
21192	하하하하하하하하하하!
21193	오 빵! 완전 당했네요! 하하하!
21194	으, 내가 왜 이걸 자처하고 있는 거지?
21195	자, 마지막인데, 미리 경고하는데 이거 진짜 죽여줘요!
21196	우편 사기를 수사하는 연방 요원한테 우체국 직원이 뭐라고 했게요?
21197	내 앞에서 비켜라?
21198	사무실 기록부 좀 볼 수 있을까요?
21199	직원 명단 좀 받을 수 있을까요?
21200	'저는... 크아하하하!'
21201	'2900c 서식 사본이랑, 영장 사본, 92015 서식에 도장 찍은 거, 부록 426b는 빈칸으로 둔 채로 필요할 거예요.'
21202	'근데 운전면허증 사본이랑 823 서식만 주시면 한 시간 안에 036 서식 여기서 발급해드릴 수 있어요!'
21203	하하하하하하하하하하!
21204	하하하하하하! 세상에, 이거 본부 사람들한테 꼭 적어가서 알려줘야겠어요!
21205	허! 좋아, 그건 꽤 괜찮았다는 거 인정하지.
21206	이상하네.
21207	우체부 되는 걸 누가 싫어하겠어요?!
21208	국기를 위해 봉사하는 게 얼마나 기분 좋은지 직접 아시잖아요!
21209	그러니까, 선택받은 소수의 우편 배달부가 되는 것만큼은 아니겠지만, 그래도요!
21210	웬만한 자존감 있는 정부 요원들은 해고 안 당할 정도로만 최소한만 하지.
21211	그래서 내가 요원으로 이렇게 오래 버틴 거고.
21212	저희 모두 당신처럼 봉사하려고 노력해야겠네요, 선생님!
21213	농담하세요? 이 일이 그렇게 흥미로운 이유는 편지 하나하나가 다 유일하기 때문이에요!
21214	그러니까, 그 대량 마케팅 편지들만 빼면요.
21215	그리고 카탈로그, 전단지, 전화번호부도 빼고요...
21216	그러니까 제가 말한 그대로예요, 편지 하나하나가 유일하진 않지만, 다 중요하고, 그게 바로 이 일이 그렇게 매력적인 이유죠!
21217	딱히요. 그러니까, 확실히, 저한테 끝없이 밀려오는 편지랑 소포의 강물이 있긴 하죠.
21218	그리고 네, 하루에 종이에 일곱 번쯤 베인 다음에는 그 튜브들의 끊임없는 웅웅거리는 소리가 좀 신경을 긁긴 해요...
21219	그리고 가끔 그냥 다 불태워버리고 싶다는 생각이 들 때도 진짜 있고요!
21220	그 멍청하고 배고픈 우편함들한테 다시는 무한리필 우편 뷔페를 먹이지 않기 위해서요!
21221	오 그 얼마나 달콤한 해방감일까요!
21222	어...
21223	음...
21224	엄마야!
21225	저기요?
21226	죄송해요! 제가 어디까지 얘기했죠?
21227	우체국 일의 스트레스에 대해 얘기하고 계셨어요.
21228	아, 맞아요! 우체국 일이 딱히 스트레스가 심하다고는 안 하겠어요.
21229	적어도 저 개인적으로는요!
21230	빨리 또 오세요, 우체국은 정말 매력적인 곳이니까요!
21231	뭘 팔든 안 사.
21232	그 싸구려 양복이랑 '좋은 소식' 팜플렛이나 챙겨서 *삐-* 안 드는 데다 쑤셔 넣으라고!
21233	랜섬 더 클라운? 다리 옆 시체에 대해 안다고 들었는데요.
21234	실례합니다, 랜섬 씨? 다리 옆 시체에 대해 여쭤봐야 해서요.
21235	랜섬 더 클라운 앞으로 피자 배달 왔습니다!
21236	랜섬 더 클라운 앞으로 피자 배달 왔습니다!
21237	이 고급 폴리에스터 슬랙스 팔고 있는데요.
21238	이 고급 폴리에스터 슬랙스 팔고 있는데요.
21239	아직도 있어, 레드?
21240	아까 *삐-* 꺼지라고 했을 텐데!
21241	이야, 밀당도 없이 바로 본론이네, 레드?
21242	너 진짜 돌려 말하는 법이 없구나?
21243	내 스타일이 아니라서.
21244	질문은 해도 되는데, 대답해준다는 보장은 없어, 아가씨.
21245	*몸서리*
21246	저, 저... 저기요...
21247	왜 그래 꼬맹아? 화장한 남자는 처음 보나?
21248	그, 그러니까...
21249	이봐 *삐-*상판대기, 말을 하든가 아니면 꺼지든가! 내 문 앞에서 오줌 지리는 광대공포증 *삐-*멍청이는 하나로 족해.
21250	죄송합니다, 제가 왜 이러는지 모르겠네요.
21251	다시 시작할게요...
21252	잠깐 뒤돌아 있을게요.
21253	그, 그거... 으악!
21254	야 꼬맹아! 너 대체 뭐가 *삐-* 잘못된 거야!
21255	아, 이게 좀 낫네요.
21256	죄송해요, 제 열 번째 생일에 있었던 일을 아직도 못 극복한 것 같아요...
21257	맘대로 해라, 삐에로.
21258	그럼 나 내내 등 보고 얘기하겠다는 거야?
21259	어떻게 되나 봐야죠.
21260	강가 시체에 대해 뭘 알아요?
21261	저택에서 있었던 이상한 일들에 대해 뭘 알아요?
21262	여기 사람들이랑 잘 안 지낸다고 들었는데요?
21263	척에 대해 뭘 알아요?
21264	프랭클린 에드먼드는 어떻게 알아요?
21265	프랭클린이랑 무슨 장난감을 만들려고 했던 거예요?
21266	어디 가지 마요. 다시 올 테니까.
21267	이 *삐-* 소름 끼치는 광대 얼굴에 상습적으로 막말이나 해대니, 뭐, 인기 있는 동네 유지가 될 순 없었지, 그래.
21268	근데 이 촌구석 패배자들한테 인정받을 필요 없어!
21269	나 랜섬 더 *삐-* 클라운이야, 투나잇 쇼에도 나왔던 몸이라고!
21270	나 *삐-* 죽여주게 잘나갔었어!
21271	무슨 시체?
21272	오늘 저녁 다리 아래서 시체를 발견했어요.
21273	수사 중인데, 뭔가 정보 있으실 거라고 들었어요.
21274	아니, 아까 사이렌 소리는 들었는데, 저택 쪽으로 가는 줄 알았지.
21275	거기서 대부분의 *삐-* 같은 일들이 일어나니까.
21276	저택 일이 궁금하면 다른 멍청이한테 물어봐.
21277	난 내 일에만 신경 쓰고 마을 사람들도 날 *삐-* 좀 내버려 두거든, 고맙게도!
21278	괜히 평지풍파 일으킬 생각 없어.
21279	여기 월세도 안 내고, 그 *삐-* 전 부인이 내 전 재산을 다 뜯어간 뒤로는 딴 데 갈 데도 없어!
21280	척?
21281	그 '내 공장은 *삐-* 장난감 만들기엔 너무 아깝다'던 척 에드먼드 말하는 거야?
21282	그 거만한 *삐-*자식은 나도 잘 몰랐는데, 걔 동생 프랭클린은 알았지.
21283	물러터진 녀석, 완전 *삐-*였어.
21284	집안 사업이 완전히 망해가는데도 형한테 대들 배짱도 없었고.
21285	우리 둘이 동업하기로 돼 있었어.
21286	내 공연은 곧 *삐-* 예수님보다 더 커질 참이었지.
21287	투나잇 쇼에서도 대박이었고.
21288	잘나가는 중이었으니, 굿즈 좀 팔아서 *삐-* 한몫 챙기자 싶었지.
21289	프랭클린은 베개 공장을 장난감 제작으로 돌리고 싶어 했으니까 딱 맞는 그림이었어.
21290	이야, 머리도 미모도 없이 어떻게 살아가냐?
21291	*삐-* 뻔한 거 아니야?
21292	랜섬 더 클라운 욕쟁이 인형을 만들 참이었다고!
21293	계약서에 사인하기도 전에 프랭클린이 날 버리고 사라지지만 않았어도 *삐-* 대박이었을 텐데.
21294	그 쪼다 같은 *삐-*가 배짱만 좀 있었어도 나 지금쯤 부자였을 거야.
21295	맘대로 해, 레드.
21296	맘대로 해, 말라깽이.
21297	어차피 어디 갈 것도 아니지만, 영장 없인 안으로 못 들어와.
21298	어머, 안녕하세요, 리키의 튜브 가게에 오신 걸 환영해요.
21299	어머, 안녕하세요, 리키의 '골빈 튜브™'에 오신 걸 환영해요.
21300	어머, 안녕하세요, 리키의 '쩌는 튜브™'에 오신 걸 환영해요.
21301	어머, 안녕하세요, 리키의 '튜브 나라™'에 오신 걸 환영해요.
21302	어머, 안녕하세요, 리키의 '튜브-타스틱™'에 오신 걸 환영해요.
21303	어머, 안녕하세요, 리키의 '튜브 타운™'에 오신 걸 환영해요.
21304	어머, 안녕하세요, 리키의 '너 튜브™'에 오신 걸 환영해요.
21305	자, 그럼요.
21306	정확히 뭔지는 모르겠는데, 이 가게에서 허위광고 냄새가 나는데.
21307	간판 보고 여기가 빵집일 줄 알았어요.
21308	미안해요, 자기!
21309	여기 원래 '리키의 케이크'였는데, 지금은 진공관을 팔거든요!
21310	정말 흥미진진한 인생을 사시네요.
21311	흥미로운 전환이네요!
21312	당신 인생 얘기 들을 시간 없어요.
21313	진공관이 필요하면 누구한테 물어봐야 할지 알겠네요!
21314	그럼 당신한테 얘기하고 싶은 게 있어요.
21315	아쉽네요. 체리 파이 한 조각을 정말 기대하고 있었는데.
21316	말할 필요도 없죠.
21317	컬렉션이 꽤 많으시네요!
21318	아무튼, 저는 특수요원 레이입니다.
21319	아무튼, 저는 특수요원 레예스예요.
21320	몇 가지 질문이 있어요.
21321	만나서 반가워요!
21322	저는 리키 리예요, 이 작은 가게 주인이고요.
21323	뭘 도와드릴까요, 자기?
21324	튜브를 찾고 있어요.
21325	튜브를 찾고 있어요. 친구 것으로요. 저 말고요.
21326	강가의 시체에 대해 아는 거 있어요?
21327	살인자에 대해 정말 짐작 가는 거 없어요?
21328	그렇게 사람을 잘 믿으시다니 순진하시네요.
21329	누굴 믿을지는 조심하겠다고 약속만 해주세요.
21330	이제 케이크는 안 파시니까, 가게 이름이 지금 뭐예요?
21331	왜 케이크 파는 걸 그만두신 거예요?
21332	왜 대신 진공관을 팔기로 하신 거예요?
21333	진공관 파는 게 진짜로 이렇게 행복하세요?
21334	척에 대해 어떻게 생각하세요?
21335	그럼 마을 상황에 대해서는 어떻게 생각하세요?
21336	간판 새로 하신 거 봤어요.
21337	새 간판 멋지네요!
21338	가게 이름 짓는 게 그렇게 어렵지 않을 텐데요.
21339	이름 정하는 데 왜 그렇게 힘들어하셨어요?
21340	간판은 어떻게 그렇게 빨리 칠하신 거예요?
21341	오늘은 여기까지요, 마을 떠나지 마세요.
21342	잘 모르겠어요.
21343	전환한 뒤로 아이디어 몇 개를 계속 고민 중이거든요.
21344	혹시 제안해주실 거 없으세요?
21345	골빈 튜브™.
21346	쩌는 튜브™.
21347	튜브 나라™.
21348	튜브-타스틱™.
21349	튜브 타운™.
21350	너 튜브™.
21351	정말 좋은 이름이네요.
21352	오늘 자기가 여기 들러줘서 정말 운이 좋았어요. 낯선 사람의 친절함이란 정말 놀랍네요.
21353	도움이 됐다니 다행이에요.
21354	부자 되면, 나한테 몫 좀 떼줘.
21355	아, 네, 그거 들었어요!
21356	정말 슬프네요, 불쌍한 사람.
21357	여기 사람 중에 그런 끔찍한 짓을 할 사람이 있다고는 상상도 안 되네요.
21358	오, 절대 아니에요!
21359	팀블위드 파크 사람이 살인자일 리가 없다고 저는 한순간도 안 믿어요!
21360	분명 떠돌이거나, 지나가던 그 못된 도시 사람들 중 하나였을 거예요.
21361	여러분 같은 대도시 요원들은 이렇게 좋은 작은 마을에서 사는 게 어떤 건지 이해 못 하실 거예요.
21362	근데 저는 이 사람들을 알아요, 저한테는 가족 같은 사람들이라고요!
21363	몇몇은 좀 별나긴 하지만, 그중 누구도 살인자라고는 도저히 상상이 안 돼요.
21364	음, 저한테 선택의 여지가 별로 없었어요.
21365	예전엔 제 머핀이랑 파이 사려고 사람들이 블록을 돌아서 줄을 섰는데, 지난 몇 년 동안 장사가 정말 부진해졌어요.
21366	근데 불평은 안 해요, 왜냐면 그 덕에 완전히 새로운 방향으로 갈 기회가 생겼으니까요!
21367	음, 자기, 그게 정말 신기한 일이었어요!
21368	처음엔 그냥 빵집을 도우려고 집에 굴러다니던 여분 몇 개만 팔았거든요.
21369	근데 금방 이 녀석들이 제 선반에서 상해가던 그 따끈한 케이크보다 더 잘 팔리더라고요!
21370	오 물론이죠, 이 튜브들이 제 인생의 소명이에요!
21371	매일 갓 구운 빵 냄새가 그리울 줄 알았는데, 튜브에서 나는 오존 냄새가 그것보다 더 좋아요!
21372	그리고 그 전기 불빛은 갓 오븐에서 나온 애플파이만큼이나 따뜻해요.
21373	오, 척 에드먼드가 돌아가신 게 정말 슬퍼요.
21374	그분은 제 영웅이었어요.
21375	그분의 호황 경제가 저희한테 빵집을 줬고, 이제 그분의 튜브 기반 기술이 제 가게를 계속 열어둘 기회를 주고 있어요.
21376	이게 딱 이 마을에 필요한 활력이라고 생각해요!
21377	사람들이 말하는 것만큼 나쁘지 않아요!
21378	가게 몇 개가 문을 닫긴 했는데, 그냥 새롭고 신선한 사업들이 마을에 다시 활기를 가져다줄 자리를 만드는 것뿐이에요.
21379	머지않아 마을이 완전히 새로워질 거라고 확신해요.
21380	안타까운 소식이 있어요.
21381	재고가 이월 주문 상태인 것 같아요. 찾으시는 다른 튜브 있으세요?
21382	여기 튜브가 정말 많아요. 3000종이 넘는 제조사랑 모델이 있죠.
21383	두 글자 모델 식별자 아세요?
21384	NC
21385	AQ
21386	WC
21387	WTF
21388	OMG
21389	튜브는 이제 충분해요. 감사해요.
21390	그건 두 글자 모델 식별자가 아닌데요, 자기.
21391	그건 유효한 튜브 제조사랑 모델 번호가 아니에요, 자기.
21392	그럼 제조 번호는 뭐예요?
21393	23
21394	97
21395	1138
21396	44
21397	1701
21398	0
21399	그럼 제조 번호는 뭐예요?
21400	666
21401	59009
21402	69
21403	7734
21404	25
21405	누가 신경이나 써.
21406	그럼 제조 번호는 뭐예요?
21407	65
21408	66
21409	67
21410	68
21411	백만.
21412	E+7.
21413	재고 있는지 한번 볼게요.
21414	오, 하이드런트트론™ 튜브 중 하나가 또 나갔어요?
21415	어, 네. 피전 시스터스한테 하나 당장 필요하대요.
21416	어, 네. 피전 브라더스한테 하나 당장 필요하대요.
21417	알겠어요, 마을 계정으로 달아둘게요.
21418	아, 네, 여러분 요원들이 와서 도와주신 거 정말 감사했어요!
21419	이름 정하는 데 정말 막혀 있었거든요.
21420	도시 사람들은 말장난이랑 세탁기로 빨 수 있는 정장이 정말 세련되네요.
21421	음, 저는 그렇게 창의적인 사람이 아니에요.
21422	그러니까, 제 빵집 이름도 '리키의 케이크'였잖아요!
21423	새 브랜드로 좀 재치 있게 해보려고 했는데, 저는 마케팅 전문가는 절대 아니거든요!
21424	제가 그냥 피전 브라더스한테 시스터스라고 불렀네요.
21425	그 사람들 배관공인 줄 알았는데요?
21426	오 아니에요. 페인트칠, 전기, 초자연 현상 조사까지 온갖 일을 다 해요.
21427	그러니까, 뭐 그런 거요.
21428	알겠어요, 자기.
21429	필요하면 불러주세요!
21430	어머, 안녕하세요, 리키의 튜브 가게에 오신 걸 환영해요.
21431	어머, 안녕하세요, 리키의 '골빈 튜브™'에 오신 걸 환영해요.
21432	어머, 안녕하세요, 리키의 '쩌는 튜브™'에 오신 걸 환영해요.
21433	어머, 안녕하세요, 리키의 '튜브 나라™'에 오신 걸 환영해요.
21434	어머, 안녕하세요, 리키의 '튜브-타스틱™'에 오신 걸 환영해요.
21435	어머, 안녕하세요, 리키의 '튜브 타운™'에 오신 걸 환영해요.
21436	어머, 안녕하세요, 리키의 '너 튜브™'에 오신 걸 환영해요.
21437	여러분 요원들이 벌써 마을을 떠난 줄 알았어요!
21438	살인 사건도 다 해결됐고 그러니까요.
21439	아직 마무리할 일이 몇 개 남았어.
21440	그냥 세세한 부분들 정리하는 거예요, 부인.
21441	뭐라고 해야 할까... 이 촌구석이 정들었어.
21442	구경 좀 하려고요!
21443	실시간 중계 듣고 싶으면 덜 짜증나는 사람한테 물어봤겠지.
21444	잘못된 정보를 들으신 것 같네요, 부인.
21445	그건 기밀입니다.
21446	음, 행운을 빌어요!
21447	뭘 도와드릴까요, 자기?
21448	거리에 미친놈 하나 줄어드니 좋아요?
21449	이제 살인자가 감옥에 있으니까 더 안전하게 느껴지시겠어요?
21450	모든 증거가 그 부랑자가 그랬다고 말하는데요.
21451	근데 증거는 윌리가 살인자라고 말하는데요!
21452	그 사람이 결백하다고 생각하면 바보인 거예요.
21453	정말로 윌리가 결백하다고 생각하세요?
21454	진공관 농담 아는 거 있어요?
21455	이 농담 얘기 다시 한번 해보죠.
21456	빵집 농담 하나만요!
21457	농담 더 있어요?
21458	안녕히 계세요.
21459	오 세상에, 아니에요! 저는 그 어느 때보다 기분이 안 좋아요!
21460	불쌍한 늙은 윌리가 그런 짓을 했다는 걸 믿을 수가 없어요!
21461	그게 사실이면 이 마을에 대해 이제 뭘 생각해야 할지 모르겠어요!
21462	오 증거는 무슨 증거예요!
21463	저는 어릴 때부터 윌리를 알았어요, 그때 시계 수리점을 하고 있었거든요.
21464	그리고 정말이지, 그 사람은 파리 한 마리도 못 해칠 사람이라고 장담할 수 있어요!
21465	저는 그 사람이 안 그랬다고 너무 확신해서, 만약 그랬다면 다이너에서 핫도그도 먹을 수 있어요.
21466	그리고 데이브가 완전 픽셀 깨진 것들 교체할 때 바닥에 떨어뜨리는 거 저도 알거든요.
21467	으엑.
21468	그러니까요.
21469	제가 부정하는 걸 수도 있지만, 저는 그냥 윌리가 살인자로는 안 보여요. 절대로, 무슨 일이 있어도요!
21470	아뇨, 진공관 농담은 아는 게 없어요.
21471	근데 케이크 가게 하던 시절 빵집 유머는 좀 알아요!
21472	하나 들어보실래요?
21473	좋아요.
21474	아니요.
21475	빵집 주인은 왜 월급 가불을 요청했을까요?
21476	약물 문제가 있어서요?
21477	밀가루를 더 사야 해서요?
21478	도박 빚이 있어서요?
21479	탈세 때문에요?
21480	반죽(도우)이 필요했으니까요!
21481	히히! 저는 좋은 빵집 농담이 좋아요!
21482	이 마을 진짜 멍청하네.
21483	하하! 알겠어요, '도우'가 돈을 뜻하는 속어니까!
21484	저는 그냥 진공관 농담만 듣고 싶었어요, 죄송해요.
21485	빵집보다 롤(roll)이 더 많은 게 뭘까요?
21486	롤스로이스요?
21487	롤러블레이드 100켤레 신은 지네요?
21488	그 대용량 할인매장 같은 데요?
21489	아무것도 없어요, 왜냐면 빵집에 롤이 제일 많으니까요!
21490	틀렸어요! 바로 니 엄마죠!
21491	허! 그거 기억해둬야겠다.
21492	저희 엄마에 대해 뭐라고 하신 거예요?!
21493	말씀드리는데 안나마리아 레예스는 성녀 같은 분이세요!
21494	그리고 16파운드짜리 아기를 낳은 여성치고는 완전 날씬한 골반을 가지셨다고요!
21495	미안해요, 자기! 엄마 얘기에 그렇게 예민하신 줄 몰랐어요!
21496	분명 사랑스러운 분이실 거예요.
21497	그럼요, 완전 맞는 말씀이세요!
21498	그냥 이 얘기는 여기서 덮죠.
21499	미안해요, 자기! 다 떨어졌어요!
21500	근데 우체국에 있는 그 다정한 조지 할아버지한테 물어보세요!
21501	그 사람 완전 웃긴 사람이에요!
21502	자주 좀 와요, 자기!
21503	S&D 다이너에 오신 걸 환영해요.
21504	그냥 알아두시라고 하는 말인데...
21505	팀블위드 니켈지에 실린 그 보톨리누스균 기사는 명예훼손이었어요.
21506	그러니까...
21507	뭘 도와드릴까요, 자기?
21508	저는 연방 요원입니다, 그 시체에 대해 아는 거 있어요?
21509	요원들 상대로 장난치지 말고, 아는 거 말해.
21510	저희는 연방요원이에요, 믿으셔도 돼요. 또 뭘 아세요?
21511	다른 살인 사건들이라뇨?
21512	살인 사건에 대해 누구랑 얘기해보라고 하셨죠?
21513	보안관은 왜 그래요? 좀 이상한 것 같던-데레노.
21514	검시관이랑 보안관이 같은 사람이잖아요!
21515	말투가 어떻게 같은 사람이 아니라는 걸 증명하는데요?!
21516	음식 좀 주문하고 싶은데요.
21517	이 마을은 왜 이래요, 가게 대부분이 버려진 것 같은데?
21518	마을 떠나지 마세요, 지켜보고 있으니까.
21519	도와주셔서 감사해요, 질문 더 있으면 다시 올게요.
21520	그렇게 많진 않고, 그냥 아침 식사하러 온 손님들 잡담뿐이에요.
21521	그리고 저는 곤란해지고 싶지 않아요, 특히 그 사람처럼 미친 사람이랑 엮여서는요.
21522	나 얘기하는 거 아니지?
21523	닥쳐, 데이브.
21524	알겠어요 자기, 근데 저한테 들었다고는 하지 마세요.
21525	저 오래된 서커스에 사는 그 미친 광대를 조사해보시면 좋을 것 같아요.
21526	서커스가 몇 년 전에 문 닫은 이후로 계속 거기 있어요.
21527	화장을 한 번도 안 지워요.
21528	저 오래된 버려진 서커스에 사는 그 미친 광대요.
21529	저는 그 사람이 이 살인 사건 전부 저질렀다는 데 걸겠어요.
21530	제가 너무 많이 말했네요, 그리고 영장도 안 보이고요.
21531	네, 좀 별난 사람이긴 한데, 검시관에 비하면 아무것도 아니에요.
21532	이 마을 전체가 지난 몇 년 동안 완전 이상해졌어요.
21533	완전 미친 동네죠.
21534	음, 눈 주변은 좀 닮은 것 같기도 한데, 그게 다예요.
21535	보안관은 그 짜증나는 '레노'를 하고 검시관은 그 짜증나는 '어후'를 하거든요.
21536	그게 둘이 같은 사람이 아니라는 걸 거의 증명해주죠.
21537	질문을 참 많이 하시네요, 아마 안 물어봐야 할 것들을요.
21538	저는 연방 요원입니다. 이게 제 일이에요.
21539	저 이미 너무 많이 말했어요.
21540	그럼요, 메뉴판에 다 있어요, 뭘 드릴까요?
21541	햄버거 주세요.
21542	이제 그 햄버거 먹을 준비 됐어요.
21543	핫도그 주세요.
21544	파이 주세요.
21545	슈바인학세 주세요.
21546	샐러드 주세요.
21547	법 집행기관 할인 있어요?
21548	배 안 고픈 것 같네요.
21549	그리고 '할인'이라는 건, 그냥 공짜라는 뜻이야.
21550	무슨 말인지 알겠어요 자기, 그리고 네, 해드릴게요.
21551	미안해요 자기, 그 핫도그들 곧 상할 것 같아서, 그것들 다 나가기 전엔 새 햄버거 포장을 못 뜯어요.
21552	좋아요 자기, 이제 핫도그들 처리하는 거 도와주셨으니까, 햄버거 드릴게요.
21553	{face_right}데이브, 하나 태우고, 정원 통과시켜서 장미 하나 꽂아줘요.
21554	준비됐어! 혹시 몰라서 그릴 구석에 하나 아껴뒀지.
21555	미안해요, 데이브가 마지막 조각 먹었어요.
21556	봐요 데이브! 손님이 원할 거라고 내가 말했잖아요.
21557	그 외국 도시 사람들이 이 파이를 진짜 좋아하거든요.
21558	근데 '아니이이'라고 하셨잖아요.
21559	그 도시 사람들 이제 안 올 것 같으니까, 나 파이 좀 줘.
21560	상하기 시작하던 참이었어요.
21561	닥쳐, 데이브.
21562	미안해요 자기, 외국인 사업가가 며칠 전 밤에 마지막 하나 가져갔어요.
21563	지난 몇 주 동안 이국적인 음식에 큰 붐이 있었거든요.
21564	미안해요, 샐러드 다 떨어졌어요.
21565	진딧물 소동이 있었거든요.
21566	몸매 관리하시는 거예요? 잘하셨네요, 자기.
21567	근데 저희 샐러드 다 떨어졌어요.
21568	샐러드 좀 더 먹어야 할 사람 하나 아는데.
21569	닥쳐, 데이브.
21570	예전엔 트라이카운티 지역의 문화 중심지였어요.
21571	매일 밤 호텔에서 파티가 열렸고요.
21572	유명인들이 에드먼드 저택을 방문했었죠.
21573	그 시절엔 돈 안 버는 게 더 어려울 정도였어요.
21574	물론, 이건 제가 태어나기 전 얘기예요.
21575	그리고 베개 공장이 불타버린 뒤로 이 마을은 데이브의 성욕보다도 더 빠르게 말라가고 있어요.
21576	그렇지 않아요, 데이브?
21577	그래서 광대 랜섬이 그렇게 소름 끼치는 거예요...
21578	그러니까 가서 살인죄로 체포하셔야 해요.
21579	흥미로운 이야기네요.
21580	가서 확인해볼게요.
21581	언제든지요.
21582	{stand_right}
21583	우리 어디서부터 잘못된 걸까, 데이브?
21584	모르겠어.
21585	근데 이것만 잘 해내면, 다시 괜찮아질 것 같아.
21586	사랑해, 데이브.
21587	그냥 예전처럼 돌아갔으면 좋겠어.
21588	나도 그래, 내 사랑 머핀.
21589	내 포옹 케이크.
21590	S&D 다이너에 오신 걸 환영해요.
21591	뭘 도와드릴까요, 자기?
21592	장사는 어때요?
21593	괜찮으세요?
21594	지금 되게 수상하게 행동하시는데요.
21595	베개 공장에 대해 많이 아세요?
21596	음식 좀 주문하고 싶은데요.
21597	일단 안녕히 계세요.
21598	그게 무슨 뜻이에요?
21599	그냥 잡담하는 거예요, 부인.
21600	장사가 어떻게 돼가냐는 뜻이야.
21601	지금 영어를 못 알아듣는 거야, 뭐야?
21602	이런 사생활 침해하는 질문에 대답할 필요 없어요, 그거 위헌이라고요!
21603	잘한다, 자기야.
21604	닥쳐, 데이브!
21605	좀 예민해 보이시네요, 부인.
21606	지금 뭔가 숨기는 사람처럼 들려서 그래.
21607	저 아무것도 안 숨겨요, 그리고 영장 없이 심문받는 거 못 참아요!
21608	그래, 우리 묵비권 행사할 거야!
21609	닥쳐, 데이브!
21610	정말 괜찮으신 거 맞아요?
21611	그만 얼버무리고 무슨 일인지 그냥 말하지 그래.
21612	아니면 시내로 데려가서 심문 좀 받게 할 수도 있고.
21613	아무 일도 없어요!
21614	그리고 왜 다시 여기 오신 거예요?! 살인 사건 종결됐잖아요, 그렇죠?!
21615	그냥 행정적으로 마무리할 게 몇 개 남아서요.
21616	아.
21617	음 그런 거면, 더 필요한 거 있으세요, 자기?
21618	베개 공장이요?
21619	딱히 아는 건 없고, 그냥 화재 이후로 계속 문 닫혀 있다는 거뿐이에요.
21620	그리고 그게 우리 마을이 예전에 잘나갔던 이유이기도 했고.
21621	닥쳐, 데이브!
21622	그럼요, 메뉴판에 다 있어요, 뭘 드릴까요?
21623	햄버거 주세요.
21624	이제 그 햄버거 먹을 준비 됐어요.
21625	핫도그 주세요.
21626	파이 주세요.
21627	샐러드 주세요.
21628	배 안 고픈 것 같네요.
21629	미안해요 자기, 그 핫도그들 곧 상할 것 같아서, 그것들 다 나가기 전엔 새 햄버거 포장을 못 뜯어요.
21630	좋아요 자기, 이제 핫도그들 처리하는 거 도와주셨으니까, 햄버거 드릴게요.
21631	{face_right}데이브, 하나 태우고, 정원 통과시켜서 장미 하나 꽂아줘요.
21632	준비됐어! 혹시 몰라서 그릴 구석에 하나 아껴뒀지.
21633	미안해요, 데이브가 마지막 조각 먹었어요.
21634	봐요 데이브! 손님이 원할 거라고 내가 말했잖아요.
21635	그 외국 도시 사람들이 이 파이를 진짜 좋아하거든요.
21636	근데 '아니이이'라고 하셨잖아요.
21637	그 도시 사람들 이제 안 올 것 같으니까, 나 파이 좀 줘.
21638	상하기 시작하던 참이었어요.
21639	닥쳐, 데이브.
21640	미안해요, 샐러드 다 떨어졌어요.
21641	진딧물 소동이 있었거든요.
21642	몸매 관리하시는 거예요? 잘하셨네요, 자기.
21643	근데 저희 샐러드 다 떨어졌어요.
21644	샐러드 좀 더 먹어야 할 사람 하나 아는데.
21645	닥쳐, 데이브.
21646	언제든지요.
21647	지도도 없이 그냥 카운티를 이리저리 헤매고 다닐 순 없지.
21648	너무 쉽게 길을 잃을 수 있고, 살인범도 아직 활보하고 있으니-까레노.
21649	아까도 말했지만, 지도도 없이 그냥 카운티를 이리저리 헤매고 다닐 순 없어.
21650	법은 법이-야레노, 지도 없이 돌아다니는 건 안 돼-레노.
21651	연방 요원 학교에서 규칙 지키는 거 안 가르쳐줬나?
21652	슬슬 짜증이 나기 시작하는-군레노!
21653	여기 '공식' 지도가 있는데요.
21654	저는 연방 요원이에요, 제 몸은 제가 알아서 챙길 수 있어요.
21655	지도요? 진심이세요?
21656	그 '공식 지도'는 어디서 구할 수 있죠?
21657	어림도 없죠, 연방요원은 절대 포기 안 해요.
21658	그 '공식 지도'는 어디서 찾을 수 있죠?
21659	먹어치워야 할 도넛 좀 있지 않아요?
21660	그래요, 맞는 말이네요. 마을로 돌아가서 지도를 찾아봐야겠어요.
21661	그리고 아주 훌륭한 요원이겠지, 확실히...
21662	...근데 여기는 법이 있어서 다들 공식 지도를 가지고 있어야 하네.
21663	오 그래, 아무 지도나 말고, 공식 지도여야 해.
21664	음, 카운티에 그게 완전히 다 떨어졌-어레노.
21665	이거 자네 수사에 정말 차질이 생기겠구먼.
21666	본사도 이해해줄 걸-세레노.
21667	이 사건은 '미해결'로 표시할까?
21668	음, 카운티에 그게 완전히 다 떨어졌-어레노.
21669	이거 자네 수사에 정말 차질이 생기겠구먼.
21670	오, 그렇군.
21671	음, 그거 진짜 그럴싸해 보이는-군레노.
21672	흠...
21673	이상하군... 분명 내가...
21674	음...
21675	법은 법이니 어쩔 수 없지.
21676	이 지도들을 전부 퀴키팔에 돌려줘야 할 것 같군.
21677	아니면 '연방요원들은 절대 포기 안 한다'고 해야 하-나레노.
21678	그렇군.
21679	지금 날 놀리는 거군.
21680	음, 나한테 딱 걸렸군. 저 도넛들이 저절로 없어지진 않을 테니.
21681	...근데 여기는 법이 있어서 다들 공식 지도를 가지고 있어야 하네.
21682	도넛 맛있겠다...
21683	여기서 보는 경치가 참 좋다는 건 인정해야-지레노.
21684	{flip_coin3}안녕하신가. 나는 팀블위드 파크 보안관일세.
21685	연방 요원들을 부른 기억은 없는-데레노.
21686	그게 자네들인가? 연방요원?
21687	정부 지급 양복 못 알아보기도 힘들지.
21688	그래 맞다, 우리 연방요원이다.
21689	맞습니다, 저희는 연방 요원입니다.
21690	그 촌구석 콩트는 집어치우고, 이 사건은 우리가 맡는다.
21691	그 시체를 강에서 얼마나 더 썩게 놔둘 생각이었어요?
21692	나는 레이 요원이고 이쪽은... 어... 내 파트너.
21693	저는 레예스 요원이고 이쪽은 제 파트너 레이 요원입니다.
21694	여기 파이 맛있게 하는 데 알아요?
21695	여기 미트로프 맛있게 하는 데 알아요?
21696	여기 햄버거 맛있게 하는 데 알아요?
21697	여기 핫도그 맛있게 하는 데 알아요?
21698	여기 키슈 맛있게 하는 데 알아요?
21699	여기 코코뱅 맛있게 하는 데 알아요?
21700	여기 타코 맛있게 하는 데 알아요?
21701	여기 소시지롤 맛있게 하는 데 알아요?
21702	여기 바나나빵 맛있게 하는 데 알아요?
21703	그냥 그 가게 문 닫게 하지 그래요?
21704	저 아래 다이너 한번 가봐, 근데 아무도 거기서 안 먹지만...
21705	*속삭이며* 보툴리누스균.
21706	*속삭이며* 대장균.
21707	*속삭이며* 흑사병.
21708	*속삭이며* 부틸화 히드록시톨루엔.
21709	*속삭이며* 배터리 산.
21710	*속삭이며* 발톱 각질.
21711	*속삭이며* 곰팡이.
21712	*속삭이며* 코딱지.
21713	*속삭이며* 발가락 때.
21714	내가 왜 그러겠나? 나는 법 집행관 5% 할인 받는데.
21715	그 강은 옛날 베개 공장에서 나온 화학물질로 하도 꽉 차서...
21716	...포름알데히드 통 안에 두는 것보다 저기 두는 게 차라리 낫지.
21717	{chuckle}
21718	어어... 진정해-레노, 그렇게 날 세울 것까진 없잖아.
21719	만나서 반갑-네레노, 요원 양반들.
21720	우리 동네 그 작은 살인 사건에 대해 들은 모양이-군레노.
21721	우리 동네 그 작은 살인 사건 때문에 온 모양이-군레노.
21722	살인에 '작은' 건 없습니다, 선생님.
21723	{notalk} *한숨*
21724	신경 쓰지 마세요... 얘가 신참이라서요.
21725	다들 시간 낭비할 필요 없-지레노.
21726	이 컷신이 점점 길어지고 있는데 앞으로 더 길어지기만 할 거야.
21727	검시관 찾아서 얼른 보내드리지.
21728	레슬링이 8시에 시작하거든.
21729	TV로 보는 거였으면 좋겠네요.
21730	{flip_coin2}검시관이 사무실에서 기다리고 있으니, 끝나면 나한테 오게.
21731	불이 다 꺼져있어서 미안하-네레노. 우리는 자네들 도시 사람들처럼 밤늦게까지 안 열어놓거-든레노.
21732	살인 사건이어도요?
21733	살인 사건이면 특히 더 그렇죠.
21734	그건 말이 안 되는데...
21735	우리 사람들 쏴도 되는 권한 있-나레노?
21736	{flip_coin3}안녕하신가-어후, 나는 팀블위드 파크 검시관일세.
21737	미래에 오신 걸 환영하네-어후!
21738	이게 필로트로닉스 사에서 만든 최신 범죄 수사 컴퓨터들일세.
21739	이건 아마 자네들 연방요원들-어후한테도 꽤 첨단일 걸세.
21740	오, 어디 한번 알려주시죠.
21741	레이 요원, 그 비꼬는 유머-어후 정말 마음에 드는군.
21742	유머 아닌데요.
21743	하하, 또 그러시는군.
21744	이 컴퓨터들이 어떤 도움을 줄 수 있는지 관심 있습니다, 정말 멋져 보이네요.
21745	{notalk} *한숨*
21746	그래, 기꺼이 설명해주지. 설명하는 게 너무 좋아서 말이야-어후.
21747	받아 적는 게 좋을 걸세.
21748	이미 하고 있습니다.
21749	블러드트론 3000™에 대해 얘기해주세요.
21750	블러드트론 3000™이 뭐 하는 거였죠?
21751	핑거트론 3000™에 대해 얘기해주세요.
21752	핑거트론 3000™ 다시 설명해주실래요?
21753	페이스트론 3000™에 대해 얘기해주세요.
21754	그래서, 페이스트론 3000™이 뭐 하는 거였죠?
21755	혹시 보안관님-레노 아니세요?
21756	이 컴퓨터들로 베개 공장 화재도 조사했어요?
21757	컴퓨터들이 그 화재에 대해 틀렸을 수도 있을까요?
21758	필로트로닉스랑 그 화재 사이에 이해충돌 있는 거 아니에요?
21759	흥미롭네요, 이 정도면 충분히 들은 것 같아요.
21760	이게 블러드트론 3000™일세.
21761	피 묻은 물건 두 개를 넣으면 혈액형을 매칭해서 보고서를 출력해주지-어후.
21762	맞아레노. 핑거트론 3000™.
21763	알려진 범죄자들의 지문 등록부랑 살인 무기에서 뜬 지문 테이프를 넣으면 매칭해준다네-어후.
21764	페이스트론 3000™...
21765	...아니면 내가 부르는 대로 하면...
21766	어디 맞혀볼까요... 페이스-레노?
21767	하하. 아니, 그건 보안관이 부르는 이름이야. 자네들 도시 사람들-어후 참 웃기는군.
21768	그냥 한 사람의 사진 두 장을 넣으면 일치 여부를 확인해준다네.
21769	당연히 그랬지!
21770	컴퓨터 네 대가 전부 화재 원인이 공장 경비원이라고 확실히 나왔어.
21771	의심의 여지-어후 없이 말이야.
21772	이 컴퓨터들이 아니라니. 필로트로닉스가 만든 최첨단-어후 컴퓨터들이야.
21773	완벽하게 틀림없지.
21774	어, 이보게나...
21775	필로트로닉스랑 그 창업자 척은 나무랄 데가 없는 사람이야.
21776	척이 이 마을을 세웠고 컴퓨터랑 베개의 천재였다고.
21777	연방 요원들이 이 사건을 다시 들여다보는 건가? 20년 전에 이미 해결된 건데.
21778	아니요, 그냥 궁금해서요. 얘가 베개 공장 화재 덕후거든요.
21779	컴퓨서브 채팅방까지 만들었다니까요.
21780	{flip_coin}오 이런, 아니야. 하하. 아니, 아니, 아니지-어후.
21781	사람들이 눈매가 좀 닮았다곤 하는데...
21782	근데 우리는 콩깍지 속 콩알-어후들만큼이나 다르다네-어후.
21783	게다가 보안관은 뭐든지 그 짜증나는 '레노'를 붙이잖나.
21784	나는 절대 그렇게-어후 안 한다네.
21785	그러시겠죠. 뭐든.
21786	정말 인상적이네요, 선생님. 이걸로 수사 시간이 많이 줄겠어요.
21787	{notalk} *한숨*
21788	그 놀라운 아레스트트론 3000™에 대한 자세한 설명은 보안관 사무실 가서 들어보게. 나는 서류 작업이 좀 있어서-어후.
21789	오, 하마터면 잊을 뻔했군...
21790	이 트론 기계들은 전부 음성으로 작동하니까, 정보가 필요하면 그냥 '말하기'로 걸면 되네.
21791	마치 우리가 미래적인 2017년에 살고 있는 것 같지 않나.
21792	{flip_coin}또 만났-군레노, 요원 양반들.
21793	검시관이 우리 최첨단 컴퓨터들에 대해 다 알려줬길 바라-네레노.
21794	정말 대단한 컴퓨팅 파워를 갖고 계시네요.
21795	당신도 검시관님 맞으시죠?
21796	당신이... 아니 검시관님이... 아레스트트론에 대해 뭐라고 하셨는데요?
21797	20년 전 베개 공장 화재에 대해 또 아시는 거 있어요?
21798	그 화재, 장비 결함으로 시작된 건 아니었을까요?
21799	{flip_coin}오 이런, 아니야. 하하. 아니, 아니, 아니-지레노.
21800	사람들이 눈매가 좀 닮았다곤 하는데...
21801	근데 우리는 콩깍지 속 콩알들만큼이나 다르다-네레노.
21802	게다가 검시관은 뭐든지 그 짜증나는 '어후'를 붙이잖나.
21803	나는 절대 그렇게 안 한다-네레노.
21804	그렇다-네레노.
21805	전부 필로트로닉스에서 만든 최첨단 컴퓨터들이-지레노.
21806	완벽하게 틀림없어.
21807	공장에 있던 사람들 전부를 앗아간 끔찍한 화재였지.
21808	긴 수사 끝에, 우리 컴퓨터들로 확증된 결과, 화재는 경비원이 낸 걸로 밝혀졌-어레노.
21809	장비 결함 이론은 우리 컴퓨터들이 반박했-지레노.
21810	철벽같은 증거가 그 경비원을 가리켰고, 그 사람도 화재로 죽었다-네레노.
21811	사건은 종결됐고 책임은 정확하고 공정하게 그 경비원한테 돌아갔-지레노.
21812	그래, 아레스트트론 3000™!
21813	완전히 전산화된 체포 절차의 마지막 단계-지레노.
21814	확실한 유죄 판결로 가는 사슬의 마지막 고리라-네레노.
21815	모든 세부사항이 컴퓨터로 분석되고 검증됐-지레노.
21816	다음으로 넘어가죠...
21817	아, 미안하-네레노. 가끔 흥분해서 말이야.
21818	이게 자네들이 듣던 그 거물일-세레노.
21819	아레스트트론 3000™...
21820	다른 트론 기계들에서 나온 보고서 세 개만 여기 넣으면 100퍼센트 유효한 체포 영장이 발부되-지레노.
21821	이 기계들 덕분에 법 집행관이 딱 한 명만 있으면 되는 거-고레노.
21822	척 말로는 컴퓨터가 곧 우리 모두를 실직시켜서, 다들 풍족한 삶을 살게 해줄 거라더군.
21823	척이요?
21824	계속 듣게 되는 이 척이라는 사람은 누구예요?
21825	척이 누군데요?
21826	척을 용의자로 조사해봐야 할까요?
21827	안타깝게도, 척은 며칠 전에 세상을 떠났다네. 묘지에서 큰 장례식이 있었-지레노.
21828	마을 전체가 다 왔는데, 팀블위드 카운티의 영웅이니 놀랍지도 않지.
21829	척 얘기는 나중에 더 하지. 나가봐야 해서, 옛날 서커스 부지에 소란 신고가 들어왔거-든레노.
21830	아마 또 그 멍청한 광대일 거-야레노.
21831	브레이커 1-9. 브레이커. 브레이커.
21832	*후* *후* *후*
21833	이거 켜진 거 맞아?
21834	데이지, 데이지.
21835	전 부대 주목!
21836	장난은 그만하고, 나 해결해야 할 사건이 있어.
21837	공식 카운티 장비를 이렇게 쓰면 안 되는 건데.
21838	이제 됐어. 적어도 작동은 하는구나.
21839	여기서 내 레퍼토리를 다 할 수도 있겠지만, 다음에 하지.
21840	(노래하며) 대답해줘요, 부디.
21841	(노래하며) 나는 반쯤 미쳤어요
21842	(노래하며) 오직 당신에 대한 사랑 때문에
21843	(노래하며) 둘이 타는 자전거 하나.
21844	그 남자를 봤는데...
21845	그 여자를 봤는데...
21846	흙길 옆에서...
21847	옛 서커스 부지 근처에서...
21848	옛 공장 근처에서...
21849	마을 동쪽에서...
21850	다이너 근처에서...
21851	옛 서커스 부지 근처에서...
21852	옛 저택 근처에서...
21853	고장 난 차를 몰고요.
21854	마체테를 휘두르면서요.
21855	방귀 소리를 내면서요.
21856	그냥 앉아만 있던데요.
21857	양을 껴안고서요.
21858	바지도 안 입고서요.
21859	오소리를 안고서요.
21860	저작권 있는 노래를 부르면서요.
21861	담배꽁초를 버리면서요.
21862	자기 할 일만 하던데요.
21863	크게 소리 지르면서요.
21864	연어를 들고서요.
21865	새총을 휘두르면서요.
21866	쓰레기통을 엎으면서요.
21867	비명을 지르면서요.
21868	뱀을 쓰다듬으면서요.
21869	로켓 발사기를 들고서요.
21870	피자 전단지를 바닥에 버리면서요.
21871	책을 읽으면서요.
21872	접촉사고에 대해서요.
21873	햄스터를 쓰다듬으면서요.
21874	지나치게 화려한 모자를 쓰고서요.
21875	무허가로 색종이를 뿌리면서요.
21876	손톱을 청소하면서요.
21877	무허가 쇠스랑을 휘두르면서요.
21878	타이어 네 개가 다 펑크 난 채로요.
21879	이유 없이 웃으면서요.
21880	불법 타조 농장을 운영하면서요.
21881	5시 이후에 낙엽청소기를 돌리면서요.
21882	난 결백해!
21883	자백 받았어, 살인범 양반. 넌 이제 매달리는 일만 남았어.
21884	정말 안 했으면, 배심원단이 무죄로 판단할 겁니다.
21885	예전에 시계 수리점 했었다고 들었는데요.
21886	이 시계 좀 고쳐줄 수 있어요?
21887	내가 왜? 애초에 너 때문에 여기 갇힌 건데.
21888	나는 당신이 결백하다는 거 알아요.
21889	시계 고쳐주면, 결백 증명해줄게요.
21890	레이 요원 잘못이었어요. 난 항상 당신이 안 그랬다는 거 알고 있었어요.
21891	가봐야겠네요. 여기 꼼짝 말고 있어요.
21892	이제 와서 죄를 부인하지 마, 이 소름 끼치는 놈아!
21893	재판에서 다 알아서 해결될 겁니다.
21894	안 했다면서 왜 자백한 거예요?
21895	여전히 안 믿기는데, 살인범 양반.
21896	그 아레스트트론이란 게 절대 안 틀린다면서요, 안 그래요?
21897	기분이 어때, 쓰레기야?
21898	잘 버티고 있어요? 괜찮아요?
21899	자업자득이지.
21900	정의는 실현될 겁니다, 윌리.
21901	'연방 요원 협박죄'도 전과 기록에 추가해볼까.
21902	이봐요 윌리, 협박해봐야 도움 안 돼요.
21903	시계 수리공이었어?
21904	일도 그다지 잘하진 못했겠지.
21905	사업이 잘됐다면서 왜 노숙자가 된 거예요?
21906	가봐야겠네, 살인범 양반.
21907	그럼 이만, 윌리.
21908	근데 난 진짜 안 했다니까, 맹세해!
21909	내가 죽이고 싶었던 사람은 딱 하나, 척 에드먼드뿐인데, 걘 벌써 죽었잖아!
21910	그럼 살인 충동이 있었다는 걸 인정하는 거네!
21911	내 눈엔 아주 명백해 보이는데!
21912	그런 말은 배심원 앞에서 안 하는 게 좋을 텐데요, 윌리.
21913	증거가 이미 상당히 불리하게 나와 있어요.
21914	무섭고 정신이 없었다고!
21915	너희가 그 굿캅 배드캅 짓을 하는데, 멈추게 하려면 뭐든 말했을 거야!
21916	난 그냥 스타들 시계랑 바이올린이나 고치던 소박한 사람일 뿐이라고!
21917	너희 대도시식 고문 기술엔 익숙하지가 않다고!
21918	아레스트트론은 실수 안 해.
21919	그 고물 덩어리는 날 함정에 빠뜨린 놈이랑 한패라고!
21920	아무한테나 물어봐, 다들 '윌리 영감은 파리 한 마리도 못 죽인다'고 할걸!
21921	이 촌구석 사람들이야 구워삶을 수 있을지 몰라도, 그딴 개소리는 나한텐 안 통해.
21922	썩어 문드러지길 바란다, 살인 쓰레기야!
21923	윌리, 뭐라고 해야 할지 모르겠네요.
21924	증거가 이렇게 확실한데 제가 더 해줄 수 있는 게 없어서 미안해요.
21925	기분이 어떠냐고?
21926	기분이 어떠냐고?!
21927	완전히 열받았다, 그게 내 기분이야!
21928	아무 잘못도 안 했는데 너희 요원들이 날 가둬놨잖아!
21929	너희 같은 인간들 때문에 속이 뒤집어져!
21930	내가 볼 유일한 정의는, 너희 요원들이 죄 없는 사람 가둔 죗값을 치르는 그 순간뿐이야!
21931	혹시라도 여기서 나가면, 너희가 벌 받게 만들어서 진짜로 갇힐 이유를 만들어주지!
21932	그래, 요원 협박이 내가 실제로 저지른 유일한 죄지!
21933	그냥 나 좀 내버려 둬.
21934	네 얼굴 보는 것도 지긋지긋해.
21935	맞아.
21936	팀블위드에서 최고였지.
21937	카운티 전역의 상류층들이 몰려와서 윌리 영감한테 바이올린 줄이며 톱니바퀴며 다 맡겼었다고.
21938	역겹네.
21939	그래, 나도 스타들 시계랑 바이올린 고쳐주던 사람이었어.
21940	내 고객들은 죄다 카운티 최상류층이었지.
21941	척 에드먼드가 날 매장시키고 나서 A급 고객들이 싹 다 끊겼어.
21942	꺼져.
21943	여기서 꺼내주든가 아니면 꺼지든가!
21944	저는 연방 요원입니다. 몇 가지 여쭤볼 게 있어요.
21945	또 왔습니다.
21946	다리 근처에서 발견된 시체에 대해 아는 거 있습니까?
21947	시체에 대해 아는 거 있어요, 없어요?
21948	밤에는 어디서 주무세요?
21949	주머니에 그거 뭡니까? 지갑 같은데요.
21950	지갑 내놔요, 나 연방 요원입니다.
21951	10센트 동전 거스름돈 있어요?
21952	척이라는 남자에 대해 아는 걸 말해보세요.
21953	척에 대해 아는 거 있으면 말해봐요.
21954	척이 어떻게 당신 인생을 망친 겁니까?
21955	척한테도 당신을 망칠 이유가 있었겠죠.
21956	척은 왜 당신을 망치려 한 겁니까?
21957	나중에 다시 얘기하죠. 마을 뜨지 마세요.
21958	{wave}시체? 그거 양복 입은 통나무인 줄 알았는데.
21959	{wave}무슨 시체? 우리 통나무 얘기하고 있던 거 아니었어?
21960	하수구에서 제일 좋은 자리에 골판지 부동산 한 채 갖고 있지.
21961	악어한테 물린 적도 거의 없고, 환기구 창살 덕분에 하수구 폐도 어느 때보다 팔팔하다고!
21962	나 지갑 없어, 나 그냥 부랑자야.
21963	진짜 이렇게 나올 거야?
21964	주머니에 뭔가 있는 거 다 보이거든요.
21965	순순히 내놓으면 피차 편할 텐데.
21966	그냥 반가워서 이러는 걸 수도 있잖아?
21967	핏자국 같은 게 묻어 있는 것 같은데요.
21968	다 보이는데, 영장 없이도 그냥 가져갈 수 있어요.
21969	다 보이는데, 영장 없이도 너를 패서 뺏을 수 있어.
21970	그냥 순순히 지갑 내놔요.
21971	피 아니야, 그냥 강바닥 진흙이야.
21972	내 거야. 먼저 주운 사람이 임자지.
21973	아, 그럼 주머니에 뭔가 있다는 건 인정하는 거네요?
21974	시체 발견된 트레슬 트레일 옆에 있는 그 강 말입니까?
21975	지갑 내놔요.
21976	그 망할 지갑 내놓으라고.
21977	음... 그게...
21978	이걸 주면 내 돈은 어디다 넣고 다니라고?
21979	몰라요.
21980	관심 없어요.
21981	거봐, 생각보다 쉽지 않지, 잘난 양반아?
21982	이제 그만! 나 연방 요원이야, 그 빌어먹을 지갑 내놔!
21983	지갑 때문에 당신을 흠씬 패도 법적으로 문제없을걸요.
21984	합법적 수색 방해로 체포할 수도 있어요.
21985	내가 술주정뱅이 부랑자긴 해도, 내 권리는 알아 — 영장 가져와!
21986	개인 소지품 넣을 다른 지갑 구해다 주면, 이건 줄게.
21987	어차피 다 해져가고 있었어 — 랜섬 더 클라운 지갑™처럼 죽여줬던 시절은 이제 다 갔지, 걔 커리어 망하기 전까진 진짜 물건이었는데.
21988	바람둥이에 사기꾼, 완전 개*삐-*놈이었지만, 지갑 하나는 기가 막히게 잘 만들었지.
21989	그럼 당신 방식대로 해보죠.
21990	일단은요.
21991	내가 술주정뱅이긴 해도, 내 권리는 알아.
21992	고급 랜섬 더 클라운 지갑™ 구해다 주면 이거 줄게.
21993	완전 짜네. 그냥 10센트 다 줘버려!
21994	그러고 싶은데 나도 잔돈이 진짜 필요해서.
21995	부랑자한테 잔돈을 구걸해야 하다니 믿을 수가 없네.
21996	내가 뭐 잔돈 교환기로 보여? 꺼져!
21997	그 인간은 완전 개자식이었고, 심장마비로 뒈져서 얼마나 속 시원한지 몰라!
21998	아무 이유도 없이 내 인생을 망쳐놨다고!
21999	에드먼드 씨가 손써서 나를 팀블위드 파크에서 완전히 매장시켰어.
22000	소위 친구라는 것들도 다 등 돌리고, 시계 수리점은 이유도 모르게 홀랑 타버리고, 다 잃었지.
22001	저녁 예약은커녕 일자리 하나 못 구했고, 결국 옛 삶에서 남은 거라곤 애지중지하던 스트라디바리우스 하나뿐이었어.
22002	어느 날 밤 그 인간 여자친구를 데리고 그 형편없는 개그 광대 쇼를 보러 갔었지.
22003	근데 억울한 게, 척은 셔츠 갈아입듯 여자친구를 갈아치웠다고!
22004	필로트로닉스 바람둥이의 이달의 여자인 줄 내가 어떻게 알았겠어?!
22005	내가 어딜 가겠어?
22006	자, 누가 나쁜 경찰 하고 누가 착한 경찰 할래?
22007	음...
22008	굿캅 배드캅 해봐야 할까요?
22009	그럼 뭘 하겠어?
22010	내가 나쁜 경찰 할게.
22011	내가 착한 경찰 할게.
22012	네가 나쁜 경찰 해.
22013	네가 착한 경찰 해.
22014	이런 건 TV에서나 먹히는 거 아닌가.
22015	내가 착한 경찰이야.
22016	그리고 이쪽이 나쁜 경찰.
22017	내가 나쁜 경찰이야.
22018	그리고 이쪽이 착한 경찰.
22019	(한숨) *한숨* 그걸 대놓고 말하면 어떡해!
22020	굿캅 배드캅이 아니라니까!!
22021	내가 했어! 내가 했다고!
22022	다리 옆 남자, 내가 죽였어!
22023	그냥 죽는 거 보고 싶어서!
22024	또 자백할 거 있어?
22025	양심에 걸리는 거 다 털어놔.
22026	계속 말해봐, 살인범 양반.
22027	계속해, 네 무덤 네가 파는 중이야.
22028	계속 지껄여, 굿캅 배드캅은 못 당해내지.
22029	이 정도면 종신형 보내기 충분한 것 같은데.
22030	린드버그 아기도 내가 유괴했어!
22031	내가 D.B. 쿠퍼야, 그 돈 다 내가 훔쳤어!
22032	내가 잭 더 리퍼야!
22033	내가 그 소고기 훔쳤어!
22034	내가 조디악 킬러야!
22035	마피아 대신 지미 호파도 내가 죽였어!
22036	암스테르담 다이아몬드 강도 사건도 내 작품이야.
22037	변기 시트도 안 내려놨어!
22038	이 괴물 같으니.
22039	스리마일 아일랜드 노심용해도 나 때문이야!
22040	체르노빌도 나였어!
22041	그 오링(O-ring)도 내가 설계했어.
22042	너무 이르잖아요.
22043	그래, 너무 이르지, 예의 좀 지켜.
22044	그리도를 진짜로 쏜 것도 나였어!
22045	그 잔디 언덕에서 저격한 것도 나였고!
22046	아멜리아 에어하트의 무면허 비행기 정비사도 나였어!
22047	됐어. 이 정도면 다 나온 것 같네.
22048	윌리, 넌 이제 큰집 가는 거야.
22049	연방 요원 건드리는 거 아니야.
22050	새 지갑 여기 있어요. 진흙 묻은 그거랑 바꿀래요?
22051	이 광대 지갑 마음에 들 것 같은데요.
22052	깨끗한 지갑이면 좋지, 고마워. 여기 내 헌 거.
22053	나중에 다시 얘기하죠. 마을 뜨지 마세요.
22054	내가 어딜 가겠어?
22055	아무도 원치 않는 *삐-* 새 지갑이 하나 있는데.
22056	여기 내 사진 박힌 새 지갑이 있어.
22057	랜섬 더 클라운 지갑이잖아! 고마워, 여기 내 헌 거.
22058	이 *삐-* 같은 걸로 대체 뭘 하라는 거야.
22059	지갑 바꿀래요? 이 새 걸로 아저씨 헌 거랑?
22060	이 근사한 랜섬 더 클라운 정품 지갑™ 마음에 드실 것 같아서요.
22061	깨끗한 지갑이면 좋지, 고마워. 여기 내 헌 거. 이거 좀 버려줄래?
22062	그럼요, 윌리 아저씨. 또 봐요.
22063	MMucasFlem 온라인 입사 지원 프로그램에 오신 것을 환영합니다.
22064	개인 정보를 입력하시고 간단한 MMucas 프로그래밍 질문 몇 개에 답해주세요.
22065	그런 다음 지원서를 출력해서 MMucasFlem으로 보내주세요...
22066	정확히 5일 안에 답변드리겠습니다.
22067	성함이 어떻게 되세요?
22068	델 에드먼드
22069	딜로리스 에드먼드
22070	딜로리스 A. 에드먼드
22071	딜로리스 애니 에드먼드
22072	감사합니다. 주소가 어떻게 되세요?
22073	5858 에드먼드 드라이브, 팀블위드 파크, WY
22074	5858 에드먼드 드라이브, 팀블위드 파크, WA
22075	5858 에드먼드 드라이브, 팀블위드 파크, WV
22076	5858 에드먼드 드라이브, 팀블위드 파크, WI
22077	확인했습니다. 다음으로, 선호하시는 프로그래밍 언어가 뭔가요?
22078	가장 능숙하게 다루시는 언어요.
22079	LISP
22080	PASCAL
22081	C
22082	BASIC
22083	6502 어셈블리
22084	전부 다요.
22085	흥미로운 선택이네요.
22086	정말 야심차네요! 마음에 듭니다.
22087	저희 자체 개발한 MMucas 프로그래밍 언어에 관한 다음 질문들에 답해주세요.
22088	지원서를 제출하려면 모든 질문을 맞히셔야 합니다.
22089	첫 번째 질문...
22090	다음 질문...
22091	MMucas는 어떤 종류의 멀티태스킹을 사용하나요?
22092	A. 선점형(Preemptive).
22093	B. 협력형(Cooperative).
22094	C. 체계적(Systematic).
22095	이건 나중에 다시 답할게요... 지원서 잠시 멈춤.
22096	룸 지역 변수는 몇 개인가요?
22097	A. 256개.
22098	B. 16개.
22099	C. 1024개.
22100	함수는 매개변수를 몇 개까지 받을 수 있나요?
22101	A. 8개.
22102	C. 32개.
22103	기호 구분자로 어떤 문자가 사용되나요?
22104	A. 밑줄.
22105	B. 대시.
22106	C. 마침표.
22107	MMucas 소스 레벨 디버거는 어디서 실행되나요?
22108	A. 별도의 스레드에서.
22109	B. 별도의 모니터에서.
22110	C. 별도의 컴퓨터에서.
22111	프로그램을 디버깅하는 동안 변수를 수정할 수 있다...
22112	A. 참.
22113	B. 거짓.
22114	컴파일된 스크립트는 어떤 파일 형식으로 압축되나요?
22115	A. 닷LFL.
22116	B. 닷BIN.
22117	C. 닷MFL.
22118	게임이 출시될 때 사용되는 암호화 방식은...
22119	A. 절대 뚫리지 않는 XOR.
22120	B. 절대 뚫리지 않는 RSA.
22121	C. 절대 뚫리지 않는 CRC.
22122	한 번에 몇 명의 액터를 화면에 표시할 수 있나요?
22123	A. 4명.
22124	B. 8명.
22125	C. 16명.
22126	룸 배경은 무엇으로 압축되나요?
22127	A. 스트립(Strips).
22128	B. 쿼드(Quads).
22129	C. 캐릭터 셋(Character sets).
22130	화면이 스크롤될 때, 이동하는 단위는...
22131	A. 부드러운 스크롤.
22132	B. 8픽셀 단위.
22133	C. 메모리 복사.
22134	게임 하나에 정의할 수 있는 사운드의 총 개수는?
22135	A. 256개
22136	B. 512개
22137	C. 무제한.
22138	가비지 컬렉션은 어떻게 이루어지나요...
22139	A. 수집 후 청소.
22140	B. 객체 순서.
22141	C. 참조 카운팅.
22142	이거 답하려면 MMucas 관련 참고 자료를 좀 찾아봐야겠어.
22143	MMucasFlem 프로그래밍 테스트에 응시해주셔서 감사합니다.
22144	안타깝게도, 통과하지 못하셨습니다. 편하게 더 공부하시고 다시 응시해보세요.
22145	축하합니다, MMucasFlem 프로그래밍 테스트를 통과하셨습니다.
22146	{stand}좋아, 첫 번째 질문... 이건 쉬운 거네...
22147	{stand}다음 질문... 이것도 쉬운 거고... 참조 카운팅이지.
22148	음... 조금 더 어렵네...
22149	{stand}아... 디버깅은 두 번째 모니터에서 하는구나...
22150	마지막 질문...
22151	아야, 이건 좀 생각해봐야겠는데.
22152	{stand}그래, 이거다! XOR!
22153	무엇을 도와드릴까요, 에드먼드 양?
22154	공장 열쇠 좀 빌릴 수 있을까요?
22155	이 수표 부본 관련해서 좀 도와주실 수 있어요?
22156	저 아직 가족 금고에 접근할 수 있나요?
22157	저 여기 아직 당좌예금 계좌 있어요?
22158	게임 개발자는 어떤 신용카드를 받을 수 있어요?
22159	은행은 어떻게 돼가고 있어요?
22160	척 삼촌이 그렇게 잘 지내고 계신 줄 몰랐어요.
22161	삼촌이 어떤 자산을 처분한 거예요?
22162	안녕히 계세요, 엘 파울로 씨.
22163	죄송합니다, 에드먼드 양. 그 열쇠는 에드먼드 씨 가족분들께도 내드릴 수 없어요.
22164	안됐네요, 엘 파울로 씨.
22165	안타깝지만 안 돼요.
22166	삼촌분이 당신이 마을을 떠난 직후에 접근 권한을 취소하셨어요.
22167	그럼 우리 아빠가 최근 몇 주간 입출금한 게 있는지도 말씀 못 해주시겠네요?
22168	네, 그건 저희 고객 기밀 위반이 될 거예요.
22169	그렇겠네요.
22170	저는 편의점에서 수표를 현금화하고 있었어요, 삼촌이 제 계좌를 통제하고 있을 거라고 거의 확신했거든요.
22171	삼촌분이 당신 이름으로 된 계좌를 전부 닫으셨어요.
22172	그렇군요.
22173	하하하! 그거 재밌네요!
22174	어...
22175	오! 농담이 아니셨군요!
22176	음, 저희 기본 연방 베이지색 신용카드를 받으실 수 있는데, 한도 100달러에 연이율 1232%예요.
22177	됐거든요! 그건 사양할게요!
22178	아주 좋습니다, 물어봐 주셔서 고마워요, 에드먼드 양.
22179	가게들이 그렇게 많이 문 닫아서 혹시 은행도 좀 힘든가 했어요.
22180	오, 전혀 아니에요.
22181	삼촌분이 저희가 마을의 경기 침체를 버틸 만큼 충분히 갖고 계셨거든요.
22182	그러니까 베개 공장은 몇 년째 문 닫혀있었잖아요.
22183	맞아요, 근데 말년에 삼촌분이 값나가는 자산들을 여러 개 처분하기 시작하셨어요.
22184	그걸로 충분히 버틸 수 있었죠.
22185	흠...
22186	말씀드릴 수가 없네요, 에드먼드 양.
22187	은행-고객 기밀이라서요.
22188	아마 유언장 낭독 때 더 알게 되실 거예요.
22189	그럴지도요.
22190	곧 또 오세요, 에드먼드 양.
22191	무료 피자 쿠폰 필요해?
22192	*윙크* *윙크*
22193	그 피자 쿠폰이 뭔데요?
22194	당신 대체 왜 그래요?
22195	코스튬 멋지네요.
22196	그 옷이 신호를 막아주는 거예요?
22197	무슨 회의요?
22198	우리 아는 사이예요?
22199	저 가봐야 돼요, 피자 아저씨.
22200	잠깐만, 낯이 익은데...
22201	우리 1학년 화학 수업 같이 듣지 않았나?
22202	이름이 뭐였더라?
22203	에드나.
22204	레노어.
22205	샌디.
22206	리키.
22207	딜로리스.
22208	나 너 누군지 알아!
22209	너 딜로리스 에드먼드잖아!
22210	너랑 척 삼촌이 죽기 전에 우리 자유의지를 없애려고 마인드 컨트롤 광선을 만들고 있었잖아!
22211	뭐라고요?!
22212	네?!
22213	헐?!
22214	나한테 시치미 떼지 마!
22215	너희가 우리 베개에 도청기 심은 거 다 알아!
22216	넌 절대 날 산 채로 못 잡아갈걸!!!
22217	아아아아아아악!
22218	무료 피자 쿠폰 필요해?
22219	*윙크* *윙크*
22220	네, 근데 그거 받으면 뭘 얻는 거예요?
22221	어... 쿠폰?
22222	*한숨*
22223	그 쿠폰에 대해서 그냥 좀 말해주면 안 돼요?!
22224	무료 피자 쿠폰 필요해?
22225	*윙크* *윙크*
22226	왜 자꾸 윙크하는 거예요?
22227	일부러 못 알아듣는 척하는 거예요?
22228	야, 이 옷 때문에 그냥 좀 통통해 보이는 거라고, 알았어!
22229	으! 됐어요!
22230	고마워.
22231	이게 신호로부터 날 보호해줘.
22232	그럼 당신도 그걸 느꼈어요?
22233	나도 계속 삐 소리랑 웅웅거리는 소리가 들려.
22234	그 회의에 대해 알아요?
22235	{stop_typing}어디 보자... 바이너리에서 디코딩했더니 헥사 숫자가 잔뜩 나왔네.
22236	척 삼촌 성격상, 절대 못 뚫는다는 XOR로 유언장을 암호화했을 거고, 키는 자기 행운의 숫자를 썼겠지.
22237	좋아, 한번 해보자.
22238	{stop_typing}
22239	{stand}아마 백보다 작은 숫자일 거야.
22240	{stand}아마 백보다 큰 숫자일 거야.
22241	{stand}아마 정확히 백일 거야.
22242	포기할래.
22243	{stop_typing}
22244	{stand}분명 홀수일 거야...
22245	{stand}분명 짝수일 거야...
22246	포기할래.
22247	{stop_typing}
22248	{stand}아마 1로 끝날 거야.
22249	{stand}아마 2로 끝날 거야.
22250	{stand}아마 3으로 끝날 거야.
22251	{stand}아마 4로 끝날 거야.
22252	{stand}아마 5로 끝날 거야.
22253	{stand}아마 6으로 끝날 거야.
22254	{stand}아마 7로 끝날 거야.
22255	{stand}아마 8로 끝날 거야.
22256	{stand}아마 9로 끝날 거야.
22257	{stand}아마 0으로 끝날 거야.
22258	포기할래.
22259	{stand}아마 짝수로 시작할 거야.
22260	{stand}아마 홀수로 시작할 거야.
22261	포기할래.
22262	{stop_typing}
22263	{stand}아마 1로 시작할 거야.
22264	{stand}아마 2로 시작할 거야.
22265	{stand}아마 3으로 시작할 거야.
22266	{stand}아마 4로 시작할 거야.
22267	{stand}아마 5로 시작할 거야.
22268	{stand}아마 6으로 시작할 거야.
22269	{stand}아마 7로 시작할 거야.
22270	{stand}아마 8로 시작할 거야.
22271	{stand}아마 9로 시작할 거야.
22272	포기할래.
22273	{stand}나머지 비트는 암호학적으로 상관없으니...
22274	{stand}그냥 비트 AND 연산으로 없애버리면 되겠다.
22275	{stop_typing}
22276	이건 추측하기엔 너무 복잡해. 척 삼촌의 행운의 숫자에 대한 단서가 좀 필요해.
22277	{stand}음. 그래, 뭔가 나오고 있어...
22278	아니, 이건 완전히 틀렸잖아.
22279	{stop_typing}
22280	다시 시도하기 전에 척 삼촌의 행운의 숫자부터 알아내야겠어.
22281	몇 년 전에 그걸로 지역 복권에 당첨됐었지, 아마. 신문에 사진까지 실렸었고.
22282	척 삼촌의 죽음에 뭔가 수상한 게 있다는 느낌을 지울 수가 없어.
22283	{eyes_left}삼촌은 좀 괴짜였지만...
22284	{eyes_front}...마음속으로는 항상 다정하고 배려심 많은 삼촌이었어.
22285	근데... 지난 몇 년 사이에, 뭔가에 집착하기 시작했어...
22286	...평소보다 더 심하게...
22287	...그 베개 공장에.
22288	안에 들어가서 삼촌의 옛날 사무실에 이 모든 걸 이해할 단서가 있는지 찾아봐야겠어.
22289	{eyes_right}무슨 일이 있었는지 알아내는 게 삼촌에 대한 도리인 것 같아.
22290	안녕하세요, 뭘 도와드릴까요?
22291	연방 요원입니다.
22292	여기서 애들끼리 약 하는 거예요?
22293	강가 시체에 대해 아는 거 있어요?
22294	괜찮은 그래픽 어드벤처 게임 아는 거 있어요?
22295	미안한데, 지금은 얘기하기 안 좋은 때예요.
22296	실례지만, 나가기 전에 언니랑 유언장 낭독 얘기 좀 해야 해서요.
22297	언니가 도서관에서 기다리고 있어서요.
22298	그래요, 알겠어요, 마을 밖으로는 나가지 마세요.
22299	안녕, 내가 제일 아끼는 조카.
22300	척 삼촌! 저 엠뮤카스플렘에서 게임 만드는 일 제안받았어요!
22301	조지가 삼촌한테 이 편지 전해달래요, 척 삼촌.
22302	척 삼촌, 새 프린터 리본 있어요?
22303	프린터 잉크는 어떻게 만들어요?
22304	아빠한테 좀 더 잘해주세요, 그냥 도와주고 싶어서 그러는 거잖아요.
22305	저 베개 공장 물려받고 싶은지 잘 모르겠어요.
22306	저 정말 게임 디자이너로 취직하고 싶어요.
22307	제 꿈은 게임 프로그래머가 되는 거지, 베개 공장 운영하는 게 아니에요.
22308	얘기 나눠서 좋았어요, 척 삼촌.
22309	프랭클린은 선의는 있지, 그건 인정해.
22310	근데 걔는 너나 나만큼 베개에 대한 열정과 비전이 없어.
22311	흠...
22312	나는 새 리본 안 사, 그냥 직접 다시 잉크 채워 쓰지.
22313	프린터 잉크는 완전 사기야!
22314	돈 낭비해서 부자가 된 게 아니거든.
22315	그냥 다환 탄화수소랑 메틸에틸케톤 좀 구해다가, 내가 보여준 대로 잉크 만들어.
22316	그럼요! 고마워요, 척 삼촌.
22317	프린터 잉크는 완전 사기야!
22318	내가 보여준 대로 직접 만들어...
22319	...근데 진짜 싸게 하고 싶으면, 그냥 재랑 휘발유 좀 구해다가 잘 섞으면 돼!
22320	그럼요! 고마워요, 척 삼촌.
22321	그냥 제가 삼촌을 얼마나 사랑하는지 말하고 싶었어요, 척 삼촌.
22322	나도 사랑한다, 딜로리스.
22323	네가 베개 공장 물려받아서 가문의 유산을 되살릴 날이 너무 기다려지는구나.
22324	ASCII 변환이나 좀 연습하지 그러니?
22325	내 트론 기계들은 다 그거에 의존하니까.
22326	네, 척 삼촌.
22327	안녕 더그. 뭐 파고 있어요?
22328	어이 딜로리스. 그냥 앞마당에서 뭐 좀 파는 거여.
22329	어이 딜로리스. 그냥 현관에서 뭐 좀 파는 거여.
22330	어이 딜로리스. 그냥 큰 로비에서 뭐 좀 파는 거여.
22331	어이 딜로리스. 그냥 도서관에서 뭐 좀 파는 거여.
22332	대부분은 그냥 구멍이지.
22333	그담에 다시 곱게 잘 묻어놓는 거고.
22334	그렇군요, 더그. 일 잘하고 있네요.
22335	고맙구먼, 딜로리스.
22336	안녕 더그. 유언장 낭독 때문에 여기 온 거예요?
22337	그렇다우, 딜로리스. 새 삽 하나 받았으면 해서.
22338	{give_letter}저 엠뮤카스플렘에서 일자리 제안받았어요!
22339	척 삼촌이 아빠한테 그런 식으로 말하면 안 되는 거였어요.
22340	저는 아빠의 베개 공장 아이디어 좋았어요.
22341	좀 더 자신감을 가지세요, 척 삼촌한테 휘둘리는 것도 그만하고요.
22342	안녕, 아빠. 사랑해요.
22343	그 사람 말이 맞아. 내 아이디어는 쓸모없었어.
22344	나는 쓸모없는 사람이야.
22345	아빠, 이런 모습 보기 싫어요.
22346	척은 그게 나쁜 아이디어라고 생각했고, 걔 말이 맞아.
22347	{frustrated}척은 그거 읽어본 적도 없잖아요!
22348	고맙다, 딜로리스. 넌 정말 좋은 딸이야.
22349	근데 척이 공장에 뭐가 최선인지는 잘 알아.
22350	그건 척 삼촌을 기쁘게 하지 못할 거야.
22351	삼촌은 정말로 네가 베개 공장을 물려받길 바라거든.
22352	{stand}제가 뭘 할 수 있는지 보면, 절 자랑스러워하실 거예요.
22353	나는... 나는 잘 모르겠다, 딜로리스.
22354	잘 가라, 딜로리스.
22355	안녕하세요, 딜로리스! 오늘 만나서 정말 반갑네요.
22356	어떻게 도와드릴까요-부우?
22357	그 밖에 또 어떻게 도와드릴까요-부우?
22358	제 별명으로 씸블콘 티켓이 있을 텐데요.
22359	씸블콘 티켓 좀 받고 싶어요.
22360	씸블콘 티켓 좀 더 받고 싶어요.
22361	장사는 좀 어때요?
22362	저희 아빠가 사라지기 직전에 보셨어요?
22363	아름다운 로비 좀 둘러볼게요.
22364	네, KSCUM-부우 퀴즈 대회에서 받은 티켓이 있어요.
22365	그 티켓들이 어떤 별명-부우으로 되어있죠?
22366	까먹었어요.
22367	아, 맞네요. 여기 손님 별명-부우이 목록에 있네요.
22368	그 이름은 목록에 안 보이는데요...
22369	근데 딜로리스잖아요, 그냥 드릴게요.
22370	하하. 저도 항상 그래요-부우.
22371	근데 딜로리스잖아요, 그냥 드릴게요.
22372	죄송해요. 저희는 KSCUM-부우 대회 우승자용 씸블콘 티켓만 있어요.
22373	라디오에서 KSCUM 들으면 당첨될 기회가 있어요-부우.
22374	이 마을에서요? 항상 느리죠, 아시다시피.
22375	음... 씸블콘-부우이 방금 열렸는데 기록적인 인파가 몰렸어요!
22376	봤어요, 근데 그 후에 무슨 일이 있었는지는 몰라요-부우.
22377	근데 웃긴 일-부우이 있었어요.
22378	네? 다 말해주세요!
22379	바로 그날, 코가 큰-부우 남자가 체크인했다가 사라졌거든요.
22380	이상하네! 아빠 코는 안 큰데, 아빠 얼굴 아시잖아요.
22381	안녕히 가세요. 좋은 저녁 보내세요-부우.
22382	필요하시면 피전 브라더스가 배관/전기 잘한다고 들었어요.
22383	정말 친절하시네요-부우.
22384	근데 저희는 이미 몇 년째 써온 훌륭한 분들이 있어요.
22385	관리인분들이 오늘 밤 안 되신다는 소문 들었는데요.
22386	피전 브라더스 한번 써보시는 게 어때요?
22387	아니 이럴 수가-부우, 딱 필요했던 거예요!
22388	정말 감사해요-부우.
22389	이 키카드에 대해 뭘 말씀해주실 수 있어요?
22390	미안해요 딜로리스, 그런 정보를 아무렇게나 드릴 수는 없어요-부우.
22391	아쉽네요.
22392	네, 딜로리스. 삼촌의 유언 조건에 대해 궁금한 게 있나요?
22393	네, 그 조건이 다시 뭐였죠?
22394	여기 갓 구운 팀블베리 파이예요.
22395	왜 하필 팀블베리 파이예요?
22396	무덤이 열렸다는 느낌이 들었어요.
22397	왜 하필 무덤에서 만나야 되는 거예요?
22398	여기 암호 해독한 유언장이에요.
22399	유언장은 왜 암호화되어 있는 거예요?
22400	안녕히 계세요, 할 일이 좀 있어서요.
22401	{take_out_will}유언장 낭독을 진행하기 전에, 세 가지 조건이 있습니다:
22402	{reading}첫째. 팀블베리 파이를 대접해야 합니다.
22403	{reading}첫째. 팀블베리 파이를 대접해야 하는데, 이미 준비하셨군요.
22404	{turn_page}둘째. 유언장의 암호를 풀어야 합니다.
22405	{turn_page}둘째. 유언장의 암호를 풀어야 하는데, 이미 해내셨군요.
22406	{turn_page}셋째. 마지막으로, 유언장 낭독은 척 에드먼드의 호화로운 무덤에서 이루어져야 합니다.
22407	{turn_page}셋째. 마지막으로, 유언장 낭독은 척 에드먼드의 호화로운 무덤에서 이루어져야 하는데, 이미 열려서 준비가 되어 있군요.
22408	{pocket_will}
22409	감사합니다, 베일리윅 변호사님.
22410	척 삼촌께서 팀블베리 파이를 얼마나 좋아하셨는지 아시죠.
22411	그냥 축하하는 분위기를 만들고 싶어 하셨을 뿐이에요.
22412	자기 무덤이 어떻게 완성됐는지 무척 자랑스러워하셔서, 다들 즐기길 바라셨죠.
22413	유언장 낭독에 딱 맞는 분위기이기도 하고요, 안 그런가요?
22414	어... 뭐, 네, 알겠어요...
22415	약간의 도전 과제를 드려서 팀블베리 파이에 대한 식욕을 돋우고 싶어 하셨어요.
22416	게다가, 해커들로부터는 아무리 조심해도 지나치지 않으니까요.
22417	그렇군요...
22418	네, 열렸습니다. 최근에 무덤 경보가 울렸어요.
22419	음, 저는 안 열었는데요.
22420	겸손해하실 필요 없어요, 딜로리스.
22421	다음에 봐요, 딜로리스. 저는 여기 있을게요.
22422	코스프레 조언이 필요하신가요? 오... 안녕하세요, 딜로리스!
22423	팀블위드 파크에는 무슨 일로 다시 오셨어요?
22424	그 외에 또 뭘 도와드릴까요, 딜로리스?
22425	삼촌 척의 유언장을 읽어주셔야 해요.
22426	여기 부도난 수표 드릴게요.
22427	코스프레 전문가이기도 하세요?
22428	안녕히 계세요.
22429	척은 유언장을 읽어주는 대가로 저한테 돈을 준 적이 없어요.
22430	제 수수료는 1만 5천 달러였는데, 저는 단 한 푼도 못 받았어요.
22431	분명히 드렸을 거예요.
22432	그런 걸 잊어버리실 삼촌이 아니었거든요.
22433	증거를 보지 않는 한 믿지 않을 거예요.
22434	여기 명확하게 나와 있어요, 척 삼촌이 유언장을 읽어달라고 변호사님께 돈을 지불했다고요.
22435	그렇게 나와 있네요.
22436	죄송합니다. 지금 바로 저택으로 갈게요.
22437	그냥 코스프레의 법적인 부분에 대해서요.
22438	정말 흥미로운 지적 재산권 문제죠... 코스프레를 하면 그 회사를 대표하는 것처럼 보이니까 그 상표권이...
22439	괜찮아요. 자세한 건 몰라도 돼요.
22440	다음에 봐요, 딜로리스.
22441	좋아, 우리 시작이 좀 안 좋았지. 다시 해보자...
22442	레노어.
22443	야, 레니, 오랜만이네.
22444	다시 보니까 좋다, 언니.
22445	딜로리스.
22446	유언장 낭독 때문에 왔으면 그냥 지금 가는 게 나을걸, 실망만 할 테니까.
22447	척 삼촌은 돌아가시기 전에 새로 예뻐하는 조카가 생겼거든.
22448	그리고 또...
22449	꺼져, 딜로리스!
22450	너가 날 그렇게 부르는 거 딱 질색인 거 알잖아!
22451	그냥 나 열받게 하려고 온 거면 가, 왜냐면 우리 둘 다 알잖아 유언장에 너한테 뭐 좋은 거 남겨졌을 리 없다는 거.
22452	그리고 또...
22453	너무 오랜만이네.
22454	그게 누구 잘못인데, 자기야?
22455	적어도 가족이 힘들 때 떠나버린 사람은 내가 아니잖아.
22456	그리고 또...
22457	그 멍청한 변호사한테 전화는 했어?
22458	유언장 낭독 빨리 끝내고 척 삼촌이 너한테 얼마나 쥐꼬리만큼 남겼는지 보고 싶어.
22459	그 빌어먹을 변호사한테 돈은 냈어?
22460	그 멍청한 유언장 빨리 읽고 내가 얼마나 부자인지 봐야겠어.
22461	유언장 낭독 준비는 다 됐어?
22462	내 돈 받아서 이 시궁창 같은 동네를 떠나고 싶어.
22463	혹시 척 삼촌이 좋아하던 숫자 기억나?
22464	조금 도와주는 게 그렇게 힘들어?
22465	그럼 척 삼촌이 진짜로 날 미워했어?
22466	내 직업이 진짜 그렇게 부끄러운 거야?
22467	사람들한테 나 마약중독자라고 말하고 다녀?!
22468	아빠가 사라진 거에 대해 뭐 아는 거 있어?
22469	척 주니어는 어떻게 지내?
22470	피터랑은 어떻게 지내?
22471	이제 그만 얘기하자.
22472	어떻게 척 삼촌이 좋아하던 숫자를 모를 수가 있어?
22473	그거로 백만 달러를 더 벌었는데!
22474	그거 하나도 넌 못 볼 거야, 사랑스러운 내 여동생아.
22475	뭐, 네가 그때 무슨 일이 있었는지 기억 못 하는 것도 놀랍지도 않네.
22476	가족을 버린 건 내가 아니었잖아.
22477	난 항상 척 삼촌 곁에 있었어, 그러니까 이제 너도 손가락 하나라도 움직여서 좀 도와야지.
22478	{frustrated}오 토 나온다! 언니가 곁에 있었던 건 척 삼촌한테서 뭐 받아내려고 그런 거잖아.
22479	오 딜로리스, 유언장 다 읽고 척 삼촌이 전부 나한테 남긴 걸 봐도 난 눈물 한 방울 안 흘릴 거야.
22480	그분을 탓할 수 있겠어?
22481	네가 그... 뭐라더라, 그거 되겠다고 떠났을 때 그분 가슴이 무너졌잖아.
22482	게임 개발자?
22483	쉬이이잇!
22484	온 집안 사람들이 다 듣게 하고 싶어?!
22485	오 당연하지, 자기야!
22486	그럼 내가 무슨 일 한다고 사람들한테 말하는 건데?
22487	그냥 너 재활원 갔다고 말해.
22488	그게 가문 이름에 더 낫거든.
22489	네가 정신 갉아먹는 살인 시뮬레이터나 만들면서 먹고산다는 걸 아느니, 차라리 그렇게 생각하는 게 낫지!
22490	마지막으로 말하는데, 언니, 나 살인 시뮬레이터 안 만들어!
22491	그으으래, 안 만들겠지, 자기야.
22492	아, 진짜! 됐어, 아무 상관 없어!
22493	아무 말이나 하고 다녀, 이 촌스러운 흉내쟁이야!
22494	근데 이걸로 내 홈커밍 왕관을 내 수제 발전기 도체로 썼던 거랑 이제 퉁친 거다!
22495	아빠는 아마 어디 숨으려고 도망친 걸 거야.
22496	아빠랑 척 삼촌이 같은 핏줄이라는 게 참 놀랍다니까.
22497	한쪽은 강력한 리더고 다른 한쪽은... 뭐... 줏대가 없고.
22498	아빠를 그렇게 말하지 마, 언니. 진짜 너무하다.
22499	척키는 아주 잘나가고 있어!
22500	어떤 사람들은 걔가 버릇없다고 하는데, 그 사람들은 그저 걔의 피어나는 리더십 자질을 못 알아보는 것뿐이야.
22501	분명 척 시니어한테서 물려받은 거겠지, 지 아빠한테서 물려받았을 리는 없으니까.
22502	그럭저럭.
22503	그냥 그렇지 뭐.
22504	우리가 겨우 20년 같이 산 거라니 믿기지가 않네, 완전 영원처럼 느껴지는데.
22505	나가는 길에 문에 채이지나 마!
22506	안녕, 딜로리스!
22507	팀블위이이이드에 돌아온 걸 환영해.
22508	척 삼촌 돌아가신 거 안됐다. 정말 훌륭한 분이었는데.
22509	매력 있고 똑똑하고 진정성도 넘치는 분이었지.
22510	(dismissive)그러시겠지.
22511	아직도 퀴키팔에서 일해?
22512	왜 우리 척 삼촌처럼 되고 싶은 건데?
22513	우리 삼촌이 완벽한 사람은 아니었어.
22514	네 사촌은 어떻게 지내?
22515	마을이 지금 완전 죽어 보이네.
22516	여기 오락실 게임 다 깬 것 같은데.
22517	다음에 봐, 레너드.
22518	그럼, 디디-리셔스!
22519	여기서 진정성 지키면서 내 발명품들 작업 중이야.
22520	너 발명가야?
22521	음, 정확히는 아니고.
22522	근데 머릿속에 있는 걸 종이에 옮기는 법만 알아내면, 나도 네 삼촌처럼 될 거야!
22523	그래, 그렇겠지.
22524	그분은 내 영웅이야!
22525	다 가진 사람이었잖아! 여자, 두뇌, 두둑한 돈다발까지!
22526	누가 그분처럼 되고 싶지 않겠어?!
22527	음, 나는 아닌데.
22528	척 삼촌도 결국 사람이었어.
22529	대중한테 보여준 모습 말고 다른 면도 있었다고.
22530	그래, 근데 분명 우리가 본 모습보다 훨씬 더 대단했을걸.
22531	난 항상 그분이 내 삼촌이었으면 좋겠다고 생각했어.
22532	그럼 고등학교 때 너 좋아했던 게 완전 이상해졌겠지만.
22533	완전 토 나온다.
22534	네 사촌 MIT 들어갔다며?
22535	어, 맞아. 완전 찌질이지.
22536	한동안 집에 안 왔더니 가게 절반이 짐 싸서 떠난 것 같네.
22537	어, 완전 유령 마을 느낌 나지.
22538	근데 다이너는 아직 열려 있어, 돈 내고 점심 게워내고 싶으면.
22539	그리고 오락실도 아직 잘나가!
22540	오 맞다! 거기 기계 대부분 아직도 네가 최고 점수 갖고 있을걸!
22541	웃긴 게, 요즘은 게임을 만들면서 먹고사느라 정작 게임할 시간이 별로 없어.
22542	너 MMucasFlem에서 일하는 거 맞지?
22543	응, 맞아.
22544	쩐다.
22545	빨리 또 와, 딜로리스!
22546	팀블위드 파크 오컬트 서점에 오신 걸 환영해요, 딜로리스.
22547	버블피시는 바나나를 가지고 있다.
22548	다시 보니까 좋다, 모레나.
22549	그 완전 맛이 간 저주들은 대체 뭐야?
22550	우리 삼촌 얘기 들었지?
22551	사람들이 우리 삼촌 진짜 좋아했었지?
22552	우리 삼촌한테 있었다는 그 어둠이 무슨 뜻이었어?
22553	내가 떠난 뒤로 여기는 어떻게 지냈어?
22554	내 직업 얘기 진짜 듣고 싶어?
22555	컴퓨서브 채팅방에 있었어?
22556	안녕, 마담 모레나.
22557	딜로리스, 이 작은 행운의 콩 같으니, 마을에 다시 돌아온 걸 보니 정말 기뻐요!
22558	그 대도시에서 누가 자기를 괴롭히면 한마디만 해요, 내가 저주 걸어줄 테니까.
22559	그 사람 수영복 부위를 초록색으로 만들어버리는 정말 좋은 저주가 있는데 꼭 써보고 싶었거든요!
22560	제 기술로 창의력 발휘하는 걸 좋아하거든요, 자기.
22561	그건 그렇고, 얼굴에 영구히 말하는 여드름 하나 생겨도 마땅한 사람 아는 사람 있어요?
22562	으엑, 모레나, 저주 얘기는 이제 그만해! 진짜!
22563	근데 우리 언니가 계속 완전 속물처럼 굴면 다시 찾아올지도 몰라.
22564	그래요, 자기, 상심이 크겠어요.
22565	정말 그래?
22566	슬프다면, 나도 자기를 위해 슬퍼요, 딜로리스.
22567	근데 척이 지옥불에서 구워지고 있을 거라는 생각이 나한테 좀 재미를 주는 건 부인 못 하겠네요.
22568	그거 진짜 너무하다, 모레나, 근데 솔직히 지금 내 기분이 어떤지 나도 잘 모르겠어.
22569	여러 가지가 섞여 있었죠, 자기.
22570	마을 대부분은 척을 정말 좋아했지만, 우리 중 많은 사람들은 그 사람을 경멸했고 그 안의 어둠을 느꼈어요.
22571	척한테는 위대함의 아우라가 뿜어져 나왔지만, 그 위대함은 항상 선과 악 사이 칼날 위에서 아슬아슬하게 균형 잡고 있었어요.
22572	그 사람은 무자비했고, 오래전에 이미 어둠에 빠졌어요.
22573	난 그분이 내가 행복하길 바라는 줄 알았는데, 사실은 그냥 자기 유산을 이어가길 바랐던 것뿐이었어.
22574	난 우리 삼촌을 우상처럼 여겼는데, 그게 그분한테 내가 가진 전부였다면 내가 정말로 그 사람을 알긴 했었는지 모르겠네.
22575	오 늘 똑같지 뭐.
22576	레너드가 퀴키팔 도넛을 다 먹어치웠고, 랜섬은 여전히 재수 없고, 신비동물학자들은 촉수 괴물들을 쫓고 있고, 뭐 늘 그렇죠.
22577	게임 개발자로 신나는 새 인생을 사는 건 자기잖아요!
22578	그거 다 얘기해줘요!
22579	응, 완전!
22580	근데 이거 비밀로 해야 돼!
22581	우리 이제 완전 획기적인 새로운 텍스트 어드벤처 게임을 낼 건데, 근데 반전이, 텍스트 대신 그림이 나올 거야!
22582	그걸 '클리커™'라고 부를 건데, 왜냐면 그냥 타이핑하는 대신 그림을 클릭해야 하거든!
22583	완전 참신하지, 그치?
22584	그거 진짜 좋은 것 같네요, 자기.
22585	근데 그거 저 이미 컴퓨서브 채팅방 중 한 곳에서 읽었는데요.
22586	정신 좀 차려요, 자기!
22587	1987년이라고요!
22588	온라인 저주 걸기라는 완전히 새로운 세계가 열리고 있는데, 저는 절대 놓칠 생각 없어요.
22589	그리고, 인터넷은 제 주식 포트폴리오 관리하기에도 완전 좋고요.
22590	부두교가 요즘 이렇게 최첨단인 줄 몰랐네.
22591	언제든 또 와요, 딜로리스.
22592	안녕, 딜로리스.
22593	대도시 생활은 어때?
22594	완전 재밌게 지내!
22595	그럭저럭 괜찮아.
22596	슬슬 질리는데, 그래도 여기보다는 낫지.
22597	상 받은 니켈지에서 짧은 인터뷰 하나 할래?
22598	우리 독자들이 분명 흥미로워할 거야.
22599	됐어. 마을 사람들이 삼촌 버렸다고 나한테 완전 화나 있잖아.
22600	유언장 낭독 끝나고 나면 생각해볼게.
22601	니켈지가 무슨 상을 받았어?
22602	(웃으며)팀블위드 파크에 상 줄 만큼 똑똑한 사람이 있긴 해?
22603	(웃으며)'최고의 새장 깔개상'이라도 말이야!
22604	(웃으며)하하하하하!
22605	정말 인터뷰 안 할 거야?
22606	완전 가벼운 홍보성 기사로만 쓸게, 약속해.
22607	됐어.
22608	유언장 낭독 끝나고 나면 생각해볼게.
22609	네 입장을 알릴 완벽한 방법이잖아.
22610	'지역 소녀 성공 스토리, 만드는 건...'
22611	만드는 건... 음...
22612	네가 만드는 게 다시 뭐였지?
22613	어드벤처 게임.
22614	아... 게임. 애들 하는 그런 거?
22615	아니, 우리 주요 대상은 성인이야.
22616	어드벤처 게임 해본 적 있어? 앞으로 완전 대세가 될 거야.
22617	나 가봐야 할 것 같아. 얘기해줘서 고마워, 나탈리.
22618	총싸움에 살인 뭐 그런 거 많아? 그런 거야?
22619	어드벤처 게임은 완전히 스토리랑 캐릭터가 핵심이야.
22620	퍼즐 풀고 훌륭한 상호작용 대화를 따라가는 거지.
22621	나 가봐야 할 것 같아. 얘기해줘서 고마워, 나탈리.
22622	지금 우리가 하는 이런 거 말하는 거야?
22623	응, 근데 내 건 더 잘 쓰여 있어.
22624	(웃으며)그러길 바라!
22625	내가 좋아할 만한 거네.
22626	나 지금 소설 쓰고 있거든.
22627	2017년 첫 여성 대통령에 대한 얘기야.
22628	(웃으며)네가 판타지 쓰는 줄은 몰랐네!
22629	(웃으며)돌아와서 좋다, 딜로리스.
22630	왜 여기 들렀는지 나도 잘 모르겠어.
22631	척 삼촌에 대한 내 감정이 좀 헷갈려.
22632	척 삼촌 얘기 좀 더 해도 될까?
22633	척 삼촌에 대해 또 어떻게 생각해?
22634	척 삼촌 얘기 좀 더 할 수 있을까?
22635	나 가봐야 할 것 같아. 얘기해줘서 고마워, 나탈리.
22636	괜찮아.
22637	너한테 힘든 시기라는 거 알아.
22638	그분은 복잡한 사람이었어.
22639	그 사람 자존심이랑 오만함에 대해서는 책 한 권도 쓸 수 있을 정도야.
22640	군중을 조종할 줄 아는 매력적인 사람이었지.
22641	속 깊은 데서는, 그분이 좋은 사람이었다고 생각해?
22642	분명 본인은 그렇게 생각했을 거야.
22643	그건 나도 알아.
22644	잘 가, 딜로리스.
22645	척 삼촌 돌아가신 거 안타깝다.
22646	잘 가, 나탈리.
22647	딜로리스, 나야, 척 삼촌.
22648	날 구하러 와줘서 기쁘구나.
22649	미쳤어요!
22650	삼촌이 우릴 죽이려고 했잖아요, 왜 제가 구해줘야 하는데요?
22651	다시 뵈니 좋네요, 척 삼촌.
22652	그냥 문 열고 저 내보내주시는 건 어때요?
22653	나 안 미쳤다.
22654	너한테 내가 발견한 것에 대해 말해줘야 해.
22655	네가 알고 싶어할 걸 발견했으니까.
22656	나도 다시 보니 좋구나, 딜로리스.
22657	네가 날 구하러 올 줄 알았다.
22658	너한테 뭔가 말해줘야 할 게 있어.
22659	그럴 수가 없다, 아직은.
22660	먼저 너한테 말해줘야 할 게 있어.
22661	의자 좀 당겨 앉으렴, 딜로리스, 이제 진짜 정신없어질 거다.
22662	좋아요, 첫째...
22663	...절 여기 가둬놔서 의자를 못 가져와요...
22664	...그리고 둘째...
22665	...삼촌이 튜브 컴퓨터에 자기 자신을 다운로드한 것보다 더 정신없을 수가 있어요?
22666	좋은 지적이구나...
22667	근데 훨씬 더 정신없어질 거다.
22668	이 모든 게 트론 튜브들이 AI의 비밀을 담고 있다는 걸 내가 발견하면서 시작됐지.
22669	농업 투자(AI)요?
22670	여드름 치료(AI)요?
22671	땅돼지 인공수정(AI)요?
22672	아니! 인공지능 말이다!
22673	알아요, 척 삼촌, 그냥 분위기 좀 풀어보려고 한 거예요.
22674	트론 기계들을 점점 더 똑똑하게 만들면서, 걔네가 비밀들을 드러내기 시작했지.
22675	그러다 나를 자기들 안으로 들어오라고 초대하더구나.
22676	음...
22677	처음엔 '초대'로 시작했는데, 금방 '요구'로 바뀌었지.
22678	그냥 트론 기계들 전원을 끄면 안 됐어요?
22679	이게 공장 불타고 난 다음이었어요?
22680	삼촌이 완전히 안 미쳤다는 확신이 아직 안 서는데요.
22681	그냥 넘어가죠, 척 삼촌.
22682	그렇게 쉽지가 않았단다.
22683	걔네가 이미 강력해져서 통제권을 가져갔거든.
22684	게다가 걔네가 나한테 준 힘에 나도 중독돼 있었고.
22685	걔네가 경고 삼아 공장을 불태웠지...
22686	...그래서 내가 몰래 재건해야 했고.
22687	그리고 경비원한테 책임을 뒤집어씌웠지.
22688	이게 어떻게 들릴지 안다, 딜로리스.
22689	내가 알아낸 모든 것들이 서서히 날 미치게 만들었지.
22690	자, 여기서부터 진짜 이상해진다.
22691	내가 이 텍스트 어드벤처 게임을 다운로드했는데...
22692	...콜로설 던전 케이브 퀘스트 II였지.
22693	다운로드요? '셰어웨어'였다는 말씀이세요?
22694	다운로드요? '불법복제'했다는 말씀이세요?
22695	다운로드요? 온라인에서 '구매'하셨다는 말씀이세요?
22696	허, 누가 지금 남 판단하고 있나 보네.
22697	어떻게 구했는지는 중요하지 않아.
22698	게임 만들어서 먹고사는 수천 명한테는 중요하죠.
22699	괜찮아요, 어차피 해적들은 안 샀을 거잖아요.
22700	데모가 없었던 게 자기들 잘못이죠.
22701	자, 이제 완전 설교조가 되는구나. 내 얘기 계속해도 될까?
22702	게임을 더 플레이하고 모드를 만들수록, 점점 깨닫게 됐지...
22703	이 어드벤처 게임이 그냥 작은 시뮬레이션일 뿐만 아니라...
22704	...우리가 사는 이 세상도 그냥 시뮬레이션이라는 걸!
22705	근데 시뮬레이션보다 더 나쁜 게...
22706	우린 다 그냥 비디오 게임 속 캐릭터라는 거다!
22707	미쳤어요!
22708	정신 나갔네요!
22709	말도 안 돼요!
22710	완전 어이없네요!
22711	생각해봐라, 딜로리스!
22712	네 엄마가 누구지?
22713	엄마가 있긴 하니?
22714	엄마 얘기를 해본 적 있어? 아니면 생각이라도 해본 적 있고?
22715	아니... 아니요, 없어요.
22716	생각해봐, 딜로리스.
22717	이 세상의 온갖 이상한 것들을 생각해보렴.
22718	위쪽 세계요?
22719	전화번호부에 3000명이나 있다는 것처럼요?
22720	팀블위드 파크에 학교가 없다는 것처럼요?
22721	마을 전체에 집이 딱 한 채뿐이라는 것처럼요?
22722	고속도로가 다리 옆에서 그냥 끊긴다는 것처럼요?
22723	다들 어드벤처 게임에 대해 툭하면 4번째 벽을 깬다는 것처럼요?
22724	우리가 먼지 조각들만 모으고 다닌다는 것처럼요?
22725	보안관이랑 검시관이 같은 배우라는 것처럼요?
22726	버스 정류장 옆에 미완성 화면이 있다는 것처럼요?
22727	이제 충분히 들었어요... 믿을게요, 척 삼촌.
22728	그래!
22729	팀블위드 파크엔 80명이 사는데 전화번호부엔 3000개 이름이 있지.
22730	딜로리스! 이 사람들은 우리 세상 사람들이 아니야.
22731	걔넨 '위쪽 세계'에서 온 거지.
22732	그리고 마을 전체에 애가 딱 하나뿐이야!
22733	학교 다녔던 거 기억나니?
22734	친구 있었던 적은?
22735	아뇨, 없어요.
22736	바로 그거야! 다들 어디 사는데?
22737	80명이 사는 마을에 집이 딱 한 채뿐이라니.
22738	저기 밖으로 걸어 나가본 적 있어?
22739	나가고 싶었던 적은?
22740	그런 욕구가 없는 거야, 왜냐면 너한테 그렇게 프로그래밍되지 않았으니까.
22741	그건 이 '게임'의 일부가 아니거든!
22742	다들 어드벤처 게임이랑 어드벤처 게임 디자인에 대해 질문을 엄청 많이 하지, 안 그래?
22743	뭐, 어드벤처 게임은 멋지잖아요, 누가 그 얘기 하고 싶지 않겠어요?
22744	그래, 알았다, 일리 있는 말이네.
22745	네가 모으고 다니는 그건 먼지가 아니야!
22746	그건 픽셀이지! 우리 세상을 이루는 벽돌 같은 거야.
22747	그건 '위쪽 세계' 사람들 중 강박적인 사람들을 노리려고 거기 놔둔 거고.
22748	내가 그렇게 부르기로 했다.
22749	우리는 콜로설 던전 케이브 퀘스트 II의 위쪽 세계인 거지.
22750	걔넨 우리한테 위쪽 세계인 거고.
22751	아마 끝없이 많은 위쪽 세계들이 있을 거다, 각자 이전보다 더 정교해지면서, 다들 아래쪽 세계를 그냥 게임처럼 취급하면서.
22752	무서워지기 시작하네요, 척 삼촌.
22753	좋아. 우리는 무서워해야 해.
22754	바로 그거지!
22755	아마 성우료랑 아트, 애니메이션 비용을 아끼려는 거겠지.
22756	이 마을엔 미완성된 구역이 통째로 있는데 넌 그냥 편하게 '거긴 못 가요'라고 말하지.
22757	왜 거길 못 가는 건데!
22758	우리가 그걸 한 번이라도 생각해본 적 있나?!
22759	다행이다, 딜로리스, 널 믿을 수 있을 줄 알았어.
22760	서둘러야 한다.
22761	개발자들이 우리가 눈치챘다는 걸 알고 게임을 리부트하려 하고 있어.
22762	그렇게 되면, 우린 다시 의미 없는 가짜 자유의지의 끝없는 순환 속에 갇히게 된다.
22763	우린 필로트론 3000™을 꺼버리고, 게임을 삭제하고, 우리의 존재를 끝내야 해. 그게 우리가 진짜로 자유로워지는 유일한 방법이야.
22764	세상을 삭제하고 우리 존재를 끝낸다고요?
22765	우리한테 자유의지가 없다고요?
22766	근데 저 지금 필로트론 3000™ 끄고 있는데요!
22767	그래, 그게 유일한 방법이야. 개발자들은 계속 우리를 같은 이야기 속으로 리부트시키지, 계속 반복해서.
22768	우리가 게임을 삭제하지 못하게 하려고 뭐든 할 거야.
22769	팀블위드 파크는 돈줄이니까, 끝나게 놔둘 수 없는 거지.
22770	아니, 딜로리스, 넌 딱 세 가지 말만 할 수 있어.
22771	이제 두 가지네.
22772	다른 말을 스스로 할 수 있어 보겠니?
22773	아니, 이 필로트론 3000™이 아니야.
22774	원조 필로트론 3000™이지!
22775	그 콘셉트 아트 와이어프레임 필로트론 3000™ 말이다.
22776	개발자들이 내가 얼마나 가까이 갔는지 보고는 거기로 코드를 전부 옮겨놨어.
22777	우리가 리부트되기 전에 그걸 찾아서 꺼야 한다.
22778	좋아요, 다시 삼촌이 미쳤다고 생각하는 쪽으로 돌아가네요.
22779	와이어프레임 필로트론 3000™이요? 완전 미쳤네요.
22780	그래요, 뭐든. 그거 하자고요.
22781	그거 하자!
22782	저희 밖에서 큰 모니터로 계속 지켜보고 있었어요.
22783	정신이 아득해지네.
22784	이런 *삐-*! 다 가짜라니, 내 전처의 *삐-*처럼.
22785	이제 이게 다 진짜가 아니라는 걸 알지만, 그래도 저는 여전히 저희 아버지 누명을 벗겨드려야 해요.
22786	거의 다 왔었는데 큰 보상을, 이걸 놓칠 순 없지.
22787	이게 다 끝나기 전에, 딱 한 번만 더 쇼를 하고 싶어. *삐-* 스포트라이트 속에 살 마지막 기회를.
22788	너희 엔딩을 완성해줄 인벤토리 아이템 네 개를 숨겨뒀다.
22789	그걸 챙기면 너흰 자유로워질 거다.
22790	딜로리스, 최고의 걸 너를 위해 남겨뒀단다.
22791	그걸 어떻게 써야 하는지는 말해줄 수가 없어. 개발자들이 너한테 숨기려고 내 모든 대사를 삭제해버렸거든.
22792	네 유일한 단서는 원조 킥스타터 영상에 있단다. 네게 필요한 건 다 거기 있어.
22793	난 이제 시뮬레이션 더 깊은 곳으로 들어갈 테니, 걔네가 날 못 찾을 거다.
22794	행운을 빈다, 그리고 서둘러라.
22795	사랑한다, 그리고 네가 정말 자랑스러워.
22796	나도?
22797	닥쳐, 랜섬.
22798	*삐- 꺼져*, 빨강머리.
22799	안녕, 딜로리스!
22800	제 훌륭한 우체국 농담 더 들으러 오셨어요?
22801	우체국 농담 듣고 싶어요!
22802	우체국 농담 더 듣고 싶어요!
22803	마지막으로 우체국 농담 하나만 더 듣고 싶어요!
22804	우체국 생활은 어때요?
22805	나라가 당신의 봉사에 감사하고 있어요!
22806	왜 우체부가 되기로 하신 거예요?
22807	제가 떠난 뒤로 마을에 새로운 소식 있어요?
22808	우리 삼촌 없는 게 마을에 더 나을 수도 있다고 생각 안 하세요?
22809	그냥 척 삼촌의 더 어두운 면을 본 것 같아요.
22810	일을 사랑하시는 거 멋지네요, 잘 가요, 조지.
22811	왜 우체부가 심리치료를 받으러 갔을까요?
22812	전혀 모르겠어요!
22813	외상 후 스트레스 장애가 있었거든요!
22814	하하하하하하하하하!
22815	그거 웃기네요, 조지.
22816	왜 우체부가 올해의 우체국 직원상을 받았을까요?
22817	전혀 모르겠어요!
22818	자기 분야의 봉투를 계속 밀어붙였거든요!
22819	하하하하하하하하하!
22820	좋은 거네요, 조지.
22821	은퇴한 우체부들은 어떻게 될까요?
22822	모르겠어요.
22823	자기 우편번호를 잃어버려요!
22824	하하하하하하하하하!
22825	또 당했네요, 조지!
22826	바쁘고, 바쁘고, 바빠요, 딜로리스!
22827	연방 공무원이 되는 게 항상 듣기만큼 화려하진 않아요!
22828	불평하는 건 아니고요!
22829	제가 나라를 위해 봉사하는 걸 얼마나 좋아하는지 아시잖아요!
22830	천만에요, 딜로리스, 근데 저한테 감사할 필요는 없어요.
22831	저는 칭찬받으려고 우체국 일을 시작한 게 아니거든요.
22832	당연히 아니겠죠...
22833	제가 너무 어리석었네요...
22834	음, 우선 거기서 좀 멈춰볼게요, 딜로리스.
22835	이 제복으로 가는 길은 당신이 선택하는 게 아니에요, 그 길이 당신을 선택하는 거죠.
22836	그렇군요.
22837	우체국 일은 소명이에요, 신부님이나 슈퍼히어로가 되는 것 비슷하게요.
22838	우편물이 안전한 손에 있다는 걸 아니까 완전 신나네요!
22839	당신 소포를 위해서라면 총알도 대신 맞을게요, 딜로리스, 걱정 마세요!
22840	딱히요, 가게들이 더 문 닫는 것도 치는 거면 모를까요?
22841	어, 저는 완전 유령 마을 느낌이 최고조로 드는데요!
22842	늙은 척이 돌아가셨으니 이제 상황이 나아질 것 같지가 않네요.
22843	그건 그렇고, 삼가 조의를 표해요.
22844	뭐라고요?!
22845	딜로리스, 왜 그런 말을 하는 거예요?!
22846	당신 삼촌은 이 마을에 우리가 본 적 없는 번영을 가져다주셨어요!
22847	그분 없으면 우리는 노 없는 조각배나 마찬가지예요.
22848	딜로리스, 죽은 사람 나쁘게 말하는 거 아니에요!
22849	그냥 슬픔 때문에 좀 혼란스러운 거겠지만, 이 마을 사람들은 당신 삼촌을 사랑했으니까, 말 좀 조심하세요.
22850	저는 그걸로 뭐라 안 하겠지만, 밖에 있는 사람들 중엔 잘못 건드리면 꽤 사나워지는 사람들도 있어요.
22851	그런가 보네요. 고마워요, 조지.
22852	빨리 또 와요, 딜로리스!
22853	리키의 튜브 가게에 오신 걸 환영해요, 뭘 도와드릴까요?
22854	리키의 '골빈 튜브™'에 오신 걸 환영해요, 뭘 도와드릴까요?
22855	리키의 '쩌는 튜브™'에 오신 걸 환영해요, 뭘 도와드릴까요?
22856	리키의 '튜브 나라™'에 오신 걸 환영해요, 뭘 도와드릴까요?
22857	리키의 '튜브-타스틱™'에 오신 걸 환영해요, 뭘 도와드릴까요?
22858	리키의 '튜브 타운™'에 오신 걸 환영해요, 뭘 도와드릴까요?
22859	리키의 '너 튜브™'에 오신 걸 환영해요, 뭘 도와드릴까요?
22860	안녕, 리키.
22861	안녕, 딜로리스.
22862	리키, 팀블베리 파이를 정말 잘 만들잖아. 하나 만들어줄 수 있어?
22863	팀블베리가 있어! 파이 좀 만들어줄 수 있어?
22864	척 삼촌의 아레스트트론 3000™용 AT-25 튜브 있어?
22865	정말 오랜만이다! 빵집엔 무슨 일 있었어?
22866	여기 오래된 영수증이야. 튜브 뽑는 도구에 대해 아는 거 있어?
22867	튜브들 멋지네. 척 삼촌이 좋아하셨을 텐데.
22868	PF-001 튜브 재고 있어?
22869	이 티셔츠에 있는 튜브 도면이 PF-001 거야?
22870	이제 가야 할 것 같아. 곧 또 봐.
22871	미안해요, 자기, 그건 맞춤 제작 튜브였어요.
22872	당신 삼촌이 그냥 작업장에서 직접 만드시곤 했거든요.
22873	미안해요, 자기, 저 이제 파이 만드는 일은 안 해요. 이제 완전 튜브만 팔아요.
22874	오 안 돼! 그럼 나 문제가 생겼는데.
22875	삼촌 유언장 낭독을 들으려면, 리키의 그 유명한 팀블베리 파이가 하나 필요해.
22876	음, 척 삼촌을 기리는 의미로, 예외를 만들어볼게요.
22877	근데 팀블베리가 이제 하나도 안 남았어요. 당신 삼촌이 멸종될 때까지 수확하게 했었거든요.
22878	팀블베리가 더는 없다고?
22879	어딘가엔 분명 있을 거야!
22880	근데... 근데... 마지막으로 아는 게 어디였어?
22881	슬픈 일이죠, 그렇죠. 마지막 팀블베리는 오래된 숲에서 목격됐어요.
22882	숲은 안 돼! 나 거기 항상 싫어했는데!
22883	네, 꽤 으스스하죠. 꼭 가야 할 일 아니면 아무도 안 가요.
22884	사람들이 며칠씩 거기서 길을 잃곤 했어요.
22885	며칠씩요!
22886	그리고 어떤 사람들은 살아서 못 나온다고도 들었는데.
22887	정말이야. 나도 그 얘기들 들어봤어.
22888	그리고, 그 오래된 곰 문제도 있고요...
22889	그러니까...
22890	우선, 팀블베리 따는 장갑이 좀 필요할 거예요.
22891	그 가시들이 얼마나 온몸에 두드러기를 남기는지 아시잖아요.
22892	마침 빌려드릴 만한 오래된 장갑 한 켤레가 있어요.
22893	찾으셨네요! 잘하셨어요. 두드러기도 없고요!
22894	정말 조심했거든.
22895	오, PF-001은 척만 알던 일급비밀 튜브인데, 저는 그걸 '직접' 본 적이 한 번도 없어요.
22896	재고는 없고요, 한두 개만 생산됐던 것 같아요.
22897	근데 도면만 있으면, 아마 만들어드릴 수 있을 거예요.
22898	네, 맞아요! 그 도면으로 하나 만들 수 있을지도 몰라요.
22899	고마워요!
22900	저도 방향을 바꿔야 했어요...
22901	예전엔 제 머핀이랑 파이 사려고 사람들이 블록을 돌아서 줄을 섰는데, 지난 몇 년 동안 장사가 정말 부진해졌어요.
22902	근데 불평은 안 해요, 왜냐면 그 덕에 완전히 새로운 방향으로 갈 기회가 생겼으니까요!
22903	튜브 파느라 얼마나 바쁜지 보이네.
22904	아, 딜로리스, 항상 유머 감각이 좋았죠. 지금은 저녁이라 그래요.
22905	이른 오후에 얼마나 바쁜지 봐야 하는데.
22906	오 그럼요, 당신 척 삼촌은 제 영웅이에요. 그리고 제 파이를 정말 좋아하셨죠.
22907	S&D 다이너에 오신 걸 환영해요.
22908	뭘 도와드릴까요, 딜로리스?
22909	돌아온 걸 환영해요, 딜로리스. 중요한 게임 개발자로 사는 삶은 어때요?
22910	그렇게 나쁘진 않아요. 근무시간 길고, 월급 짜고, 사장이 재수 없고.
22911	완전 좋은 시간 보내고 있어요!
22912	팀블위드 파크가 그리워요.
22913	돌아오니까 좋네요.
22914	그냥 하고 싶은 말이 있었는데...
22915	당신 척 삼촌이 좀 재수 없긴 했지만...
22916	나 얘기하는 거야?
22917	닥쳐, 데이브!
22918	이봐요, 유언장에서 빼버린 건 재수 없는 짓이었지만, 그래도 분명 자랑스러워하셨을 거예요.
22919	그랬으면 좋겠어요...
22920	그냥 마지막 몇 년 동안은 삼촌답지 않으셨어요...
22921	베개 공장을 다시 시작하는 데 대한 집착이랑...
22922	작업장에서 오랜 시간 보내고 며칠씩 사라지고 그러셨죠.
22923	아무튼...
22924	음식 좀 주문하고 싶은데요.
22925	팀블베리 파이 있어요?
22926	마음이 바뀌었어요. 배 안 고파요.
22927	그럼요, 메뉴판에 다 있어요, 뭘 드릴까요?
22928	햄버거 주세요.
22929	이제 그 햄버거 먹을 준비 됐어요.
22930	핫도그 주세요.
22931	체리 파이 주세요.
22932	샐러드 주세요.
22933	마음이 바뀌었어요. 배 안 고파요.
22934	미안해요 자기, 그 핫도그들 곧 상할 것 같아서, 그것들 다 나가기 전엔 새 햄버거 포장을 못 뜯어요.
22935	좋아요 자기, 이제 핫도그들 처리하는 거 도와주셨으니까, 햄버거 드릴게요.
22936	{face_right}데이브, 하나 태우고, 정원 통과시켜서 장미 하나 꽂아줘요.
22937	준비됐어! 혹시 몰라서 그릴 구석에 하나 아껴뒀지.
22938	미안해요, 팀블위드 카운티엔 몇 년째 팀블베리가 없었어요.
22939	당신 척 삼촌이...
22940	...영면하시길...
22941	...마지막 한 알까지 다 드셨거든요.
22942	삼촌은 정말 팀블베리 파이를 좋아하셨죠.
22943	미안해요, 키 큰 남자가 방금 커피 한 잔이랑 마지막 조각을 먹어버렸어요.
22944	저희 샐러드 다 떨어졌어요.
22945	다음에 봐요, 딜로리스.
22946	야, 윌리!
22947	어이, 딜로리스!
22948	오랜만이야!
22949	뭐, 삼촌 열받게 하고 비디오 게임 회사에 번듯한 일자리 구하면 다 그렇게 되는 거지!
22950	그건 그렇고 잘했어, 그거.
22951	척은 완전 열받았었지!
22952	우리 척 삼촌이 아저씨 인생 망친 거, 미안해.
22953	아저씨 인생 되돌려줄 수 있으면 좋을 텐데.
22954	척 삼촌이랑 무슨 일이 있었던 거야?
22955	어떻게 지냈어?
22956	아직도 시계 고치는 일 해?
22957	이 음악 때문에 미치겠지 않아?
22958	잘 있어, 윌리.
22959	너희 척 삼촌은 쪼잔하고 자기중심적이고 오만한 인간이었어...
22960	...근데 딜로리스 넌 괜찮은 애야.
22961	너 보면 집안 내력을 영 안 닮았나 봐.
22962	나 그 다리 옆 남자 안 죽였어, 그건 알아줬으면 좋겠는데.
22963	알지, 윌리. 분명 동료 배심원단이 무죄로 풀어줄 거야.
22964	잘됐네! 술 취한 퇴물 노숙자 열두 명만 찾으면 난 완전 자유의 몸이겠구먼.
22965	삼촌이 왜 아저씨를 마을에서 매장시켰는지 제대로 설명한 적이 없더라고.
22966	정 알고 싶다면, 그 인간 여자친구 중 한 명을 데리고 그 소름 끼치는 개그 광대 쇼를 보러 갔었어.
22967	척은 원칙 문제로라도 지는 꼴을 절대 못 참는 인간이라, 날 본보기로 삼은 거지.
22968	우리 삼촌 진짜 개자식이었네!
22969	듣자 하니 내가 자초한 것 같기도 하고.
22970	넌 착한 애야.
22971	삼촌 머리는 물려받았어도, 마음은 그대로 남아있네.
22972	그거 절대 잃어버리지 마.
22973	딜로리스, 너 잘못 봤나 보다.
22974	그만 좀 꺼져줄래.
22975	그럭저럭 지내지.
22976	하수구에 버섯 많은 새 거처 하나 구했어.
22977	그거 죽이네... 아마도?
22978	당연히 죽이지!
22979	죽인다는 게 좋다는 뜻 맞지?
22980	시계 수리 안 한 지 몇 년 됐어.
22981	너희 삼촌이 날 매장시키고 사업 망한 다음부터.
22982	예전엔 팀블위드 카운티의 부자랑 유명인사들 시계를 다 고쳐줬었는데.
22983	보안관이 일부러 고문하려고 틀어놓은 것 같아.
22984	라디오까지 고장 내놔서 끌 수도 없다니까.
22985	그냥 좋은 테레민 음악이나 좀 듣고 싶은데.
22986	이 지루함을 더는 못 견디겠어. 지금 나랑 얘기 좀 해!
22987	그게... 나는 그러니까... 낯선 사람이랑 얘기하는 게 잘 안 되는데... 그래도 한번 해볼게...
22988	오! 또 그 헛소리군.
22989	누가 왔네! 다행이다, 돌아왔구나!
22990	그, 클라라... 유령으로 사는 건... 그러니까... 어때?
22991	왜 항상... 그러니까... 화나 있어?
22992	유령은... 그러니까... 뭘 먹을 수 있어?
22993	뭘... 그러니까... 먹고 싶어?
22994	이... 그러니까... 유령 케이크 먹을래?
22995	이... 그러니까... 아이스크림 유령 케이크 먹을래?
22996	저... 그러니까... 펜트하우스에 가도 될까?
22997	잘 있어, 클라라.
22998	그, 클라라... 어떻게 죽었는지 알아?
22999	여기 영원히 갇혀있는 거 안 지겨워?
23000	제일 좋아하는... 그러니까... TV 프로그램이 뭐였더라?
23001	누가... 그러니까... 자비에르를 책임자로 앉힌 거야?
23002	우리... 그러니까... 이 호텔에서 어떻게 나가?
23003	저... 그러니까... 이제 펜트하우스에 가도 될까?
23004	잘 있어, 행운을 빌게, 클라라.
23005	일단, 이건 '삶'이 아니야.
23006	그야 그렇지만... 그러니까 무슨 말인지 알지? 어떤 느낌이냐고.
23007	유령인 느낌이지.
23008	그건 불공평해. 나 항상 화나 있는 거 아니야.
23009	지금 그냥 좀 배고픈 거고, 그게 나를 화나게 하는 거야.
23010	나도 그래! 그거 뜻하는 단어가 있어야 하는데.
23011	유령으로서 먹을 수 있는 음식 찾기가 힘들어.
23012	내 특별한 약점은 항상 아이스크림 케이크였어.
23013	근데 이 멍청한 엘리베이터에 갇혀서 하나도 못 구해.
23014	나 아이스크림 케이크 꽤 좋아해.
23015	근데 자비에르가 엘리베이터를 못 벗어난다고 했어.
23016	그건 그냥 평범한 유령 케이크잖아.
23017	나는 아이스크림 케이크만 먹어.
23018	어머! 이러지 않아도 되는데! 정말 친절하구나.
23019	사실, 이건 버질이 준 거야.
23020	내 생각엔 걔가... 그러니까... 너 좋아하는 것 같아.
23021	정말?! 세상에! 전해줘서 정말 기특하네.
23022	정말 고마워. 벌써 훨씬 기분이 나아졌어.
23023	자, 나한테 뭘 물어보고 싶었더라?
23024	남편이랑 호텔 무도회에서 춤추고 있었는데, 갑자기 옆구리에 끔찍한 통증을 느꼈고 눈을 떠보니 죽어있었어.
23025	나도 호텔에 있었던 것 같아. 그냥 섬광 하나 기억나고 그다음엔 눈을 떠보니 죽어있었어.
23026	우리 다 이 호텔에서 살해당한 것 같아.
23027	이 장소엔 뭔가 소름 끼치는 게 있어.
23028	처음 50년은 힘든데, 그다음엔 익숙해져.
23029	새 손님들이 오면 뭐가 걔들을 무섭게 하는지 알아내는 게 재밌어.
23030	그리고 너희들이 만든 이 '티비'라는 신문물도 정말 좋아해.
23031	손님이 '내 고양이 사랑해'를 보고 있을 때가 제일 좋아.
23032	손님이 '바나나 바나나 바나나스!'를 보고 있을 때가 제일 좋아.
23033	손님이 '스키로 한몫'을 보고 있을 때가 제일 좋아.
23034	손님이 '부자들과 비누거품'을 보고 있을 때가 제일 좋아.
23035	손님이 '병원 소동'을 보고 있을 때가 제일 좋아.
23036	그 프로그램 정말 웃겨.
23037	내 고양이 사랑해.
23038	바나나 바나나 바나나스!
23039	스키로 한몫.
23040	부자들과 비누거품.
23041	병원 소동.
23042	이러면 안 되는 거 아는데...
23043	그 테마 음악만 들으면, 손님 TV 몰래 훔쳐보는 걸 참을 수가 없어.
23044	아무도 안 앉혔어. 그냥 어느 날 나타나더니 그다음엔 내가 지루한 엘리베이터 당번이 돼있더라고.
23045	걘 뚱뚱하고 고약한 데다 걸핏하면 소리 질러대는데, 아무도 걔한테 대들지 못해.
23046	넌 아무한테나 안 지는 사람 같아 보이는데, 혹시 네가 할 수 있을까?
23047	글쎄... 나는 잘 모르겠어... 나는 그런 타입이 아니라서... 그러니까...
23048	자비에르는 펜트하우스에 비밀 방이 있는데, 거기서 주문을 걸어서 호텔 밖으로 여행할 수 있어.
23049	어떻게 하는 건지는 나도 몰라...
23050	호텔 밖에서 온 특별한 책이 하나 있었고, 다른 뭔가도 있었어. 아마...
23051	며칠 전엔 우리를 척의 장례식에 데려갔었어.
23052	척은 내 동생이야.
23053	이제 그냥 자기 자랑하는 거네.
23054	너도 일이나 하러 가야지, 나랑 얘기하지 말고 로비에서 누구 좀 놀래켜.
23055	자비에르 화나게 하고 싶지 않을 거야.
23056	안 돼.
23057	음... 제발?
23058	안 돼, 넌 내 친구도 아니잖아. 나는 너한테 빚진 거 없어.
23059	좋아. 나도 자비에르 얘기 듣는 거 지쳤어. 그 늙고 고약한 인간.
23060	네가 걔를 없앨 방법을 찾을 수 있을지도 몰라.
23061	오... 그러니까... 그건 좀... 대립하는 건데... 잘 모르겠어...
23062	그렇게 겁쟁이처럼 굴지 마. 너 자신을 위해 나서야지.
23063	오... 알았어... 네 말이 맞는 것 같아.
23064	좋아. 그럼 결정된 거네. 준비되면 그냥 펜트하우스 버튼을 눌러.
23065	더 이상 안 막을게.
23066	자비에르가 근무 중에 얘기하는 거 안 된다고 했어.
23067	그리고 나 새로 온 유령이랑 얘기 안 해.
23068	나 좀 내버려 둬!
23069	쉿!!
23070	내가 제일 좋아하는 프로그램 하고 있어.
23071	오...
23072	오... 나는... 그러니까... 진짜 죽은 거구나.
23073	이제 막... 그러니까... 실감이 나기 시작하네.
23074	다시는 우리 딜로리스를 안아줄 수 없겠구나.
23075	게임 디자인 일자리 구한 거, 얼마나 자랑스러웠는지 딸한테 말도 못 해줬는데.
23076	그러니까... 척이 뭐라고 생각할지가 너무 무서웠어.
23077	이제 난 죽었어.
23078	누가 날 죽였는지... 왜 이 호텔에 갇혀있는지도 기억이 안 나.
23079	여기서 빠져나갈 방법을 찾아야 해...
23080	분명 나갈 방법이 있을 거야... 마법의 책이라든가... 주문이라든가...
23081	아 프랭클린... 이제 너 미쳐가는구나, 그런 건 게임에서나 통하는 거야.
23082	딜로리스!
23083	아빠!
23084	만나서 정말 반가워요!
23085	살 좀 빠지셨어요?
23086	척 삼촌이 놀라운 걸 알아냈어요!
23087	나도 만나서 반갑다!
23088	그러니까... 척한테서 널 지켜줬어야 했는데.
23089	괜찮아요.
23090	음... 그렇게 말할 수도 있겠네.
23091	어떻게 된 건진 모르겠는데, 나... 그러니까... 죽었어.
23092	네 삼촌이 뭔가 관련 있는 것 같아.
23093	괜찮아요, 무슨 일인지 알 것 같아요.
23094	우리 모두 시뮬레이션 안에서 살고 있었대요.
23095	거대한 어드벤처 게임이요.
23096	모든 게 다 미안하다, 딜로리스.
23097	잠깐... 척 삼촌이 사악한... 그러니까... 개자식이라고요?
23098	시뮬레이션이라니, 그럴 리가!
23099	가봐야지. 사랑한다. 다들 너만 믿고 있어.
23100	사실이에요.
23101	마스터 트론 기계를 꺼서 우리 모두를 자유롭게 해줄 거예요.
23102	아... 우리 모두를 자유롭게 한다는 게, 우리 진짜 삶으로 돌아간다는 뜻이니?
23103	아... 우리 모두를 자유롭게 한다는 게, 고통을... 영원히 끝낸다는 뜻이니?
23104	솔직히 저도 모르겠어요, 아빠.
23105	제가 아는 건 이게 끝나야 한다는 것뿐이에요.
23106	널 믿는다, 딜로리스, 항상 그래왔어.
23107	널 위해 나섰어야 했는데.
23108	아빠는 정말 멋진 아빠였어요.
23109	어쩌면 척 삼촌이 아빠를 대했던 방식 때문에...
23110	...아빠는 항상 제가 되고 싶은 뭐든 될 수 있게 밀어주셨잖아요.
23111	미안해할 거 하나도 없어요.
23112	척 삼촌도 개자식이긴 했지만, 대부분은 그 기계들한테 잠식당해서 그런 거였어요.
23113	진실을 알게 됐을 때, 삼촌도 뭘 해야 할지 알았고요.
23114	그 전엔 나한테 못되게 굴었어.
23115	그랬다는 거 알아요.
23116	고마워요, 아빠.
23117	이제 드디어 다음 세상으로 갈 수 있을 것 같구나.
23118	사랑해요, 아빠.
23119	나도 사랑한다, 딜로리스.
23120	딜로리스!
23121	나야! 아빠야!
23122	딜로리스! 내가 보이니?
23123	안아주면서 미안하다고 말하고 싶어.
23124	네가 프로그래머 일자리 구한 거, 정말 자랑스럽다!
23125	척한테 맞섰어야 했는데!
23126	잘 있어, 딜로리스, 보고 싶다.
23127	나 바로 여기 서 있는데!
23128	그러니까... 척한테서 널 지켜줬어야 했는데.
23129	넌 네 꿈을 따랐고 척이 널 막게 놔두지 않았지.
23130	나도... 그러니까... 너만큼 강했으면 좋았을 텐데.
23131	척은 다들 밀어붙이고는 그 매력으로 다 용서받게 만들었어.
23132	나도 그걸 보고... 그러니까... 아무것도 안 했지.
23133	나한테 최신 핫템 없으면, 너랑 얘기할 시간 없어.
23134	어이, 형씨.
23135	너 입은 그 재킷 뭐야?
23136	얼굴에 그건 뭐야?
23137	발에 신은 건 뭐야?
23138	그 '최신 핫템' 타령은 다 뭐야?
23139	네가 최신 핫템이 없다고 하면 어떨 거야?
23140	그 음악 좀 그만 틀면 안 될까?
23141	잘 가, 꼬맹이.
23142	당신 우리 아빠 아니잖아요. 저한테 이래라저래라 하지 마요!
23143	완전 대박 최신 재킷이지.
23144	앞으로 지퍼가 열려!
23145	재킷 대부분이 그런 거 아닌가?
23146	{notalk} *한숨*
23147	아저씬 너무 늙어서 이해 못 해요.
23148	이건 엠뮤카스플렘 게임 '제이슨 더 뉴스가이'에 나오는 완전 최신 코안경이에요.
23149	이거 쓰면 아무도 내가 누군지 몰라요!
23150	완전 최신 리복이죠.
23151	방금 산 건데. 죽이지 않아요?
23152	저는 아저씨처럼 후줄근하지 않거든요.
23153	최신 핫템 없으면 그냥 토할 거 같다는 거 다들 알아요.
23154	최신 핫템 아닌 건 만지지도 않아요, 제 평판 걸고요.
23155	완전 토 나오네! 제 물건들은 다 완전 최신 핫템이거든요.
23156	그 재킷 최신 핫템 아니잖아.
23157	그 안경 최신 핫템 아니잖아.
23158	그 신발 최신 핫템 아니잖아.
23159	나도 뭐가 최신 핫템인지 완전 알거든.
23160	아니... 그냥 놀린 거예요.
23161	그러시겠죠! 완전 믿어요.
23162	뭐가 문제예요?
23163	당연하지, 완전 죽여주지.
23164	이 안경은 분명 최신 핫템일 텐데...
23165	그래요? 더 새로운 거 나왔어요?!
23166	아니... 헛소리하시네. 아저씨 같은 찐따는 못 믿어요.
23167	아 그래? 1987년에 뭐가 제일 핫한지 하나도 모르실 것 같은데.
23168	50년대 찐따 아저씨 아니란 걸 증명해보시죠.
23169	그래, 증명할 수 있지. 나 완전 죽여주게 너처럼 말할 수 있고...
23170	내가 아는 죽여주는 형이 있는데...
23171	내가 아는 힙한 친구가 있는데...
23172	내가 아는 애들이 있는데...
23173	내가 아는 끝내주는 친구가 있는데...
23174	잡지를 내고...
23175	MTV에 나왔고...
23176	맨날 블로그를 하고...
23177	신문 칼럼을 쓰는데...
23178	뭐가 쩌는지 알려줘요. 완전 대박 인생 한 번뿐! 해시태그 나만믿어.
23179	뭐가 고양이 잠옷급인지 벌 무릎급인지 알려주죠.
23180	뭐가 죽이는지 숟가락으로 토할 것 같은지 알려주죠.
23181	뭐가 힙한지 알려주죠, 아빠.
23182	우와... 진짜네요.
23183	완전 뭐가 짱인지 아시는 것 같아요.
23184	새 거에 죽여주는 거 생기면, 그때 바꿔드릴게요.
23185	그때까진, 그냥 신나게 놀 거예요.
23186	됐거든요! 완전 여기서 끝.
23187	짱인 사람은 그렇게 말 안 해요!
23188	아저씬 뭐가 죽이는지 하나도 모르는 짝퉁이에요!
23189	네 물건이랑 곰인형 바꿀래, 꼬마야?
23190	그걸 왜 원해요, 찐따 아저씨? 완전 후진 거예요!
23191	이 새 곰인형 시제품이 완전 최신 핫템이야.
23192	네 것보다 더 새 거야, 바꿔주지.
23193	완전 짝퉁이시네! 아저씨 말은 다 구라일 거예요!
23194	야! 이 죽여주는 새 필로우베어™ 좀 봐!
23195	완전 쩐다. 진짜 완전 쩌는 거야.
23196	특별히 바꿔줄게.
23197	저한테 그래주신다고요? 대박!
23198	뭐랑 바꾸고 싶으세요?
23199	곰인형이랑 네 재킷 바꾸자. 장난 아니야.
23200	곰인형이랑 네 안경 바꾸자. 장난 아니야.
23201	곰인형이랑 네 신발 바꾸자. 장난 아니야.
23202	생각해보니... 뻥이야! 거래 없음.
23203	네 재킷 완전 후줄근하네.
23204	근데 이거 따뜻하단 말이에요!
23205	말도 안 돼! 절대 안 해요!
23206	그 신발 신으면 완전 어리바리해 보여.
23207	근데 엄마가 이거 주면 완전 뒤집어질 텐데.
23208	그러니까... 저 이 신발 되게 좋아해요.
23209	진정 좀 하세요, 완전 거래 없음.
23210	웩! 그 안경 쓰니까 완전 찐따 같아 보여.
23211	네?! 몰랐어요?!
23212	그럼 안경 가져가세요!
23213	빨리요! 누가 눈치채기 전에!
23214	먼저, 제 씹던 껌 컬렉션용으로 드릴게요.
23215	어... 나 껌 컬렉션 없는데...
23216	신경 쓰지 마시고. 이제 그 곰인형 주세요, 제가 자랑하고 다니게.
23217	그래, 어... 찐따형... 어... 죽여주는형... 어...
23218	더는 못 하겠다! 그냥 빨리 끝내자.
23219	여기 있어.
23220	쩐다! 아저씨 최고예요!
23221	나중에 봐요, 아저씨!
23222	이 음악 완전 좋지 않아요?!
23223	안녕.
23224	여보세요오?!
23225	내 말 못 듣나 보네.
23226	이 곰인형 갖고 싶어?
23227	...
23228	내 말 못 듣나 보네.
23229	에드먼드 호텔에 오신 걸 환영해요-부우, 트라이-팀블위드 파크 카운티 지역에서 제일 아름다운 호텔이죠.
23230	어떻게 도와드릴까요-부우?
23231	다시 오셨네요, 에스테베즈 씨.
23232	다시 오셨네요, 자파 씨.
23233	다시 오셨네요, 마이클 씨.
23234	다시 오셨네요, 팔머 씨.
23235	다시 오셨네요.
23236	어떻게 도와드릴까요-부우?
23237	그 밖에 또 어떻게 도와드릴까요-부우?
23238	체크인하고 싶은데요.
23239	이 호텔에 감시 장치 같은 거 있어요?
23240	여기서 복사도 해주나요?
23241	이제 종이 충분히 있을 텐데요, 뭐 좀 복사해야 해서요.
23242	제가 문구류를 좀 갖고 있는데요...
23243	뭐 좀 복사해야 하는데요.
23244	저는... 그, 당신의 아름다운 로비 좀 구경할게요.
23245	물론 해드리죠-부우.
23246	부우-부우-부우...
23247	그러니까, 평소엔 해드리는데, 지금 종이가-부우 다 떨어졌어요.
23248	종이를-부우 더 구하지 않으면, 도와드릴 수가 없네요.
23249	아니요, 절대 안 됩니다, 에스테베즈 씨.
23250	아니요, 절대 안 됩니다, 자파 씨.
23251	아니요, 절대 안 됩니다, 마이클 씨.
23252	아니요, 절대 안 됩니다, 팔머 씨.
23253	저희는 최첨단-부우 호텔트론 3000™ 시스템이 있어서 손님의 투숙 기간 전체를 VHS 비디오로 만들어드려요.
23254	그거 완전 감시 아닌가요.
23255	얼마냐고요?
23256	단돈 19.99달러면 고향 친구들에게 자랑할 여행 하이라이트 영상을 독점으로-부우 받으실 수 있어요.
23257	너무 새로운 시스템이라 아직 10층-부우엔 설치 중이에요.
23258	여기서 놀라운-부우 투숙 경험을 한순간도 놓치고 싶지 않으실 테니, 10층엔 방문하지 마시길 권해요.
23259	뭘 복사해드릴까요?
23260	정전기요.
23261	이 사업 계획서요.
23262	물 한 잔이요.
23263	이 장난감 엉덩이요... 헤헤헤...
23264	아무것도 아니에요.
23265	누가 그러던데 정전기-부우로 복사를 만든다고요.
23266	근데 그걸 어떻게 복사하는지-부우는 몰라요.
23267	흥미로운 과학 실험-부우 같네요.
23268	근데 저는 호텔 운영해야-부우 해서 과학 할 시간이 없어요.
23269	손님.
23270	손님. 저는 동물 학대는 용납 못 해요, 장난감-부우 동물이라도요.
23271	아직 복사할 만큼 종이가-부우 충분하지 않네요.
23272	네 손님. 예약하실 성함이-부우 어떻게 되시죠?
23273	에밀리오 에스테베즈.
23274	프랭클린... 음... 프랭크 자파요.
23275	조지 마이클이요.
23276	로버트 팔머요.
23277	그럼요, 에스테베즈 씨.
23278	그럼요, 자파 씨.
23279	그럼요, 마이클 씨.
23280	그럼요, 팔머 씨.
23281	3층에 근사한 스위트룸-부우이 준비되어 있어요.
23282	4층에 근사한 스위트룸-부우이 준비되어 있어요.
23283	5층에 근사한 스위트룸-부우이 준비되어 있어요.
23284	6층에 근사한 스위트룸-부우이 준비되어 있어요.
23285	7층에 근사한 스위트룸-부우이 준비되어 있어요.
23286	8층에 근사한 스위트룸-부우이 준비되어 있어요.
23287	9층에 근사한 스위트룸-부우이 준비되어 있어요.
23288	10층에 근사한 스위트룸-부우이 준비되어 있어요.
23289	11층에 근사한 스위트룸-부우이 준비되어 있어요.
23290	12층에 근사한 스위트룸-부우이 준비되어 있어요.
23291	손님 스위트룸엔 신형 최첨단-부우 호텔트론 3000™이 설치되어 있어요.
23292	너무 새로운 기술-부우이라 아직 10층 객실엔 설치 중이에요.
23293	이런, 안녕하세요, 에드먼드 씨. 오늘 오실 줄은 몰랐네요. 무엇을 도와드릴까요-부우, 손님?
23294	안녕하세요, 에드먼드 씨. 무엇을 도와드릴까요-부우, 손님?
23295	그 밖에 또 어떻게 도와드릴까요-부우?
23296	개인 호텔 방 하나 필요한데요.
23297	개인 호텔 방 하나 필요한데요.
23298	여기서 복사도 해주나요?
23299	저는 이제 가볼게요. 저 못 보신 거예요.
23300	안녕히 가세요. 좋은 저녁 보내세요-부우.
23301	이 모습으로는 이 사람이랑 얘기할 수 없어, 척이랑 그 스파이들을 속이려면 변장을 해야 해.
23302	호텔 방은 왜 필요하신 거예요, 에드먼드-부우 씨?
23303	그... 음... 당신이 알 바 아니에요.
23304	척-부우 씨네 펜트하우스 스위트에 항상 공간이 넉넉한데 왜 방이 필요하신지 모르겠네요.
23305	아... 그러네요... 그런 것 같아요.
23306	척한테 전화해서 어느 방에 묵으실 수 있는지 알아봐 드릴까요?
23307	아니요.
23308	그러니까... 그럴 필요 없어요.
23309	안녕히 가세요. 좋은 저녁 보내세요-부우.
23310	이거 좀 복사해주실 수 있어요?
23311	평소엔 기꺼이-부우 도와드리는데요.
23312	근데 오늘은 종이가-부우 부족해서요.
23313	그거 복사하려면 종이 4장이-부우 필요해요.
23314	그거 복사하려면 종이 3장을-부우 더 구해야 해요.
23315	그거 복사하려면-부우 종이 2장을 더 구해야 해요.
23316	그거 복사하려면-부우 종이 딱 한 장만 더 있으면 돼요.
23317	그럼요-부우.
23318	그거면 충분해요, 금방-부우 다녀올게요!
23319	안녕, 버질.
23320	우리가 호텔에서 나가는 방법 알아?
23321	자비에르한테서 벗어날 방법이 있어?
23322	저... 그러니까... 케이크 좀 줄 수 있어?
23323	제발... 그러니까... 케이크 좀 줄 수 있어?
23324	또 보자, 버질.
23325	안녕, 프랭클린.
23326	자비에르한테 우리가 일 안 하고 얘기하는 거 들키지 마.
23327	죽은 친척들을 방문할 수 있는 방법이 있다는 건 알아...
23328	주문서랑 죽은 이에게 남길 공물만 있으면 말이야.
23329	우리 다 최근에 척의 장례식에 갔었어.
23330	사람이... 그러니까... 많았어?
23331	척 에드먼드? 당연히 많았지.
23332	다들 척을... 그러니까... 좋아해... 나만 빼고...
23333	그 주문이 정확히 어떻게 작동하는지는 모르겠는데, 비밀의 방에서 정말 좋은 냄새가 났던 건 알아.
23334	걘 우리한테 아무것도 못 하게 해.
23335	또 지하실에 갇힐까 봐 무서워.
23336	근데 걔한테 맞서봐. 끝까지 하면 통한다고 들었어.
23337	이건 특별한 유령 케이크야, 엄청 희귀하고 구하기 어려워.
23338	진짜 좋은 이유 없으면 안 줄 거야.
23339	진짜 좋은 이유 없으면 안 줄 거야.
23340	그, 나는... 그러니까... 배고픈데?
23341	그, 이게... 그러니까... 맛있어 보이는데?
23342	그, 클라라가... 그러니까... 케이크 먹고 싶다고 했는데?
23343	그, 불쌍한... 그러니까... 영혼 좀 봐줘?
23344	그, 그러니까... 나 먹고 싶은데?
23345	그런 한심한 이유로는 케이크 한 조각도 낭비 못 해.
23346	오... 알았어... 미안... 어쨌든 고마워.
23347	클라라를 위해서라고?!
23348	그럼 얘기가 완전히 달라지지. 그녀를 위해서라면 뭐든 해줄게.
23349	자. 한 조각 가져가, 근데 꼭 내가 줬다고 전해줘.
23350	고마워. 그렇게 할게.
23351	야, 새 유령, 귀찮게 하지 말라고 했잖아!
23352	미안해, 자비에르. 바로 나갈게.
23353	혹시 딸이랑 다시 얘기할 방법이 있을까?
23354	그 수정 좀 줄 수 있어? 딜로리스랑 마지막으로 한 번만 얘기하고 싶어서.
23355	가정으로... 만약 내가 그 수정을 갖게 된다면, 어떻게 쓰는 거야?
23356	넌 폭군에 불량배야!
23357	넌 폭군에 불량배야!
23358	잘 있어 자비에르, 귀찮게 해서 미안해.
23359	내려가는 길에 클라라한테 말해, 널 여기 올려보낸 걸로 걔 큰일 났다고.
23360	어림도 없어, 새 유령!
23361	내 뒤에 있는 그 수정만이 그 능력을 줄 수 있고, 넌 절대 못 가질 거야!
23362	어림도 없어, 새 유령!
23363	내 뒤에 있는 그 수정엔 헤아릴 수 없는 힘이 있고, 아무도 절대 못 가져.
23364	뭐, 넌 절대 못 가질 거야!
23365	근데 가정으로, 만약 네가 그걸 가진다면.
23366	그리고 순전히 가정으로만, 왜냐면 넌 절대 못 가질 테니까.
23367	그래... 그러니까... 순전히 가정으로만.
23368	좋아, 가정으로, 넌 그냥 그걸 내 비밀 방으로 가져가서...
23369	...그럼 산 사람이랑 얘기할 수 있을 거야. 그게 다야.
23370	귀찮게 해서... 그러니까... 미안해, 자비에르.
23371	(웃으며) 우와! 새 유령이 좀 배짱이 생겼나 본데!
23372	내 이름은 '새 유령'이 아니야! 프랭클린이라고!
23373	다들 널 싫어해!
23374	너 확실히 자존감 문제가 있어!
23375	우리 다 네 괴롭힘에 질렸어!
23376	우리 다 그냥 다음 세상으로 가고 싶을 뿐이야!
23377	우리 더 이상 너한테 지배당하지 않을 거야!
23378	너 손도 작잖아!
23379	조심해, 안 그러면 지하실행이야!
23380	너한테 질릴 만큼 질렸어, 새 유령!
23381	그래, 그건 좀 아프네.
23382	정말? 내가 그렇게 나빠?
23383	(울며) 그냥 아내를 다시 보고 싶을 뿐이야.
23384	(울며) 난 외롭고 그녀가 그리워.
23385	(울며) 난 죽었고 그녀한테 내가 얼마나 사랑했는지 한 번도 말 못 했어!
23386	(공감하며) 괜찮아, 우리 다 사랑하는 누군가가 그리워.
23387	여기서 뭐 하는 거예요, 광대 씨?
23388	그 *삐-* 열쇠 내놔.
23389	이건 강도다!
23390	*삐-* 사업자 대출 신청하고 싶은데.
23391	왜 내 인형 아이디어를 싫어하는 거야?
23392	신용점수는 어떻게 올려요?
23393	잘 있어요, *삐-*상판대기 씨.
23394	죄송합니다. 그 열쇠는 누구에게도 내드릴 수 없어요.
23395	*삐-* 먹어라, 이 은행 나부랭이 *삐-*씨.
23396	그 *삐-* 돈 다 표시 안 된 지폐로 내놔!
23397	그리고 뭘로 우리를 위협하실 건데요?
23398	물총으로요? 아니면 풍선으로요?
23399	야 이 *삐-*대가리야, 여기서 유일한 '강도질'은 네 *삐-* 속에 낀 그거뿐이야!
23400	광대 씨, 당신 농담은 투나잇 쇼에서도 안 웃겼고, 제 은행에서는 더더욱 안 웃겨요.
23401	그 끔찍한 광대 인형 얘기라면, 광대 씨, 이미 얘기 끝난 거예요.
23402	대답은 '아니오'예요.
23403	*삐-* 다른 아이디어도 있어, *삐-*대가리야!
23404	랜섬 더 클라운 트래퍼 키퍼.
23405	랜섬 더 클라운 테마 레스토랑.
23406	랜섬 더 클라운 삐삐.
23407	좋아, 그래도 *삐-* 랜섬 인형은 계속 만들고 싶어.
23408	*삐-* 네 돈 필요 없어, *삐-*대가리야!
23409	이게 열리면 애를 욕할 수 있어.
23410	'숙제나 해, 이 *삐-*야!' 뭐 이런 식으로.
23411	우리가 돈을 엄청 벌어서 그 *삐-* 리사 프랭크랑 걔 *삐-* 환각 동물들이 뭐에 맞았는지도 모를걸!
23412	여전히 안 돼요.
23413	그럼 *삐-* 먹어!
23414	웨이터들이 다 나처럼 옷 입고 손님들 모욕하는 거야!
23415	예를 들어 손님이 스테이크를 웰던으로 시키면 '*삐-* 고무 맛이 좋으신가 봐요?' 이러는 거지.
23416	그다음엔 '아니, 레어로 드시게 될 겁니다, 이 멍청한 *삐-*야.' 이러고.
23417	흥미로운 콘셉트인데, 확고하게 안 돼요, 광대 씨.
23418	그럼 *삐-* 먹어!
23419	이건 유일하게 '너나 *삐-* 먹어'라고 말해주는 삐삐야.
23420	재밌는 아이디어긴 한데, 역시 안 돼요.
23421	그럼 *삐-* 먹어!
23422	그리고 이미 안 된다고 말씀드렸잖아요.
23423	그럼 *삐-* 먹어!
23424	최악의 아이디어는 아닌 것 같은데, 당신이 자기 유명세를 과대평가하고 있는 것 같네요, 광대 씨.
23425	담보도 없고 파산 신청까지 하셔서 신용등급도 완전히 바닥이에요.
23426	요컨대, 사업자 대출 받기엔 위험도가 너무 높으세요.
23427	너희 엄마가 *삐-* 위험한 인간이지, 이 개*삐-*야.
23428	여기 뇌물 먹일 사람이나 아부할 엉덩이 좀 없나?
23429	진짜, 여기서 대출받으려면 누구를 *삐-* 해야 하는 거야?
23430	그런 단계는 이미 훨씬 지났어요, 광대 씨.
23431	그 인형들을 만들 수 있는 유일한 방법은 부유한 투자자를 찾는 거예요.
23432	*삐-*!
23433	다시는 서두르지 말고 오세요.
23434	내 돈 가져왔냐, 삐에로야?
23435	랜섬 더 클라운이거든, 이 새끼야.
23436	그래, 내 돈 가져왔냐, 랜섬 더 새끼 클라운?
23437	천 달러 안 가져오면 네 농담집 못 돌려받는다.
23438	그 오리 게임 하다가 그 꼴 난 거니 꼴좋다.
23439	내 돈 가져왔냐, 랜섬 더 새끼 클라운?
23440	네 *삐-* 돈 있어, 1000달러에 이자까지.
23441	네 *삐-* 돈 있어, 1000달러.
23442	네 *삐-* 돈 있어.
23443	내 농담집 필요해. 관객들이 날 기다리고 있어.
23444	내 농담집 내놔, *삐-*상판대기야.
23445	내 *삐-* 농담집 어디 있어?
23446	그래, 그 마누라랑 애들은 잘 지내나?
23447	애가 몇 명이라고 했었지?
23448	*삐-* 먹어, 나 간다 이 *삐-*야!
23449	전에도 말했지, 오리 게임 빚진 천 달러 갚기 전까진 못 줘...
23450	...게다가 이자 138달러도.
23451	그런 돈을 대체 어디서 구하라는 거야? 나 쇼 해야 한다고!
23452	*삐-* 이자가 138달러라고? 이 *삐-* 고리대금업자야! 완전히 쥐어짜는구먼.
23453	내 문제 아니야.
23454	몰라, 랜섬 더 새끼 클라운. 네 숨겨둔 금고에 있는 거 아니냐.
23455	몰라, 랜섬 더 새끼 클라운. 이제 그 항아리 털 때인 거 아니냐.
23456	여기 네 *삐-* 돈.
23457	네 돈 있어, 1000달러에 이자까지.
23458	여기 네 돈, 내 *삐-* 농담집은 어딨어!
23459	*삐-* 먹어, 나 간다 이 *삐-*야!
23460	마누라는 잘 지내, 네 덕은 하나도 없이...
23461	...애 셋도 마찬가지고.
23462	...애 넷도 마찬가지고.
23463	...애 다섯도 마찬가지고.
23464	...애 여섯도 마찬가지고.
23465	...애 일곱도 마찬가지고.
23466	...애 여덟도 마찬가지고.
23467	...애 아홉도 마찬가지고.
23468	...애 열도 마찬가지고.
23469	...애 열하나도 마찬가지고.
23470	...애 열둘도 마찬가지고.
23471	...애 열셋도 마찬가지고.
23472	근데 네가 걔들 겁준 뒤로 밤마다 아직도 울다가 잠들어.
23473	나 애 셋 있는데, 왜?
23474	나 애 넷 있는데, 왜?
23475	나 애 다섯 있는데, 왜?
23476	나 애 여섯 있는데, 왜?
23477	나 애 일곱 있는데, 왜?
23478	나 애 여덟 있는데, 왜?
23479	나 애 아홉 있는데, 왜?
23480	나 애 열 있는데, 왜?
23481	나 애 열하나 있는데, 왜?
23482	나 애 열둘 있는데, 왜?
23483	나 애 열셋 있는데, 왜?
23484	아, 어, 아무것도 아니야.
23485	꺼져, 삐에로야. 너한테 줄 거 없어.
23486	그리고 너 여기서 외상도 더는 안 돼.
23487	*삐-* 먹어!
23488	와줘서 고마워.
23489	항상 경계를 늦추지 마!
23490	여기 대체 뭐 하는 *삐-* 데야?
23491	너 완전 *삐-* 미친 거 알지?
23492	이 음모론 헛소리를 진짜로 믿는 거야?
23493	너 진짜 피자 배달원 맞기는 해?
23494	왜 하필 피자 코스튬이야?
23495	지금까지 얼마나 많은 멍청이들을 포섭한 거야?
23496	핫플레이트 켜놓고 온 것 같은데, 가봐야겠다.
23497	우리 비밀 벙커야!
23498	브렛이 만들었어, 정부랑 그놈들의 고주파 마인드 컨트롤 전파로부터 마침내 안전해지려고.
23499	그건 지상에서만 작동하거든.
23500	그렇게 생각하는 건 네가 지상에 너무 오래 있었기 때문이야, 친구.
23501	여기 아래 있으면서 신호의 영향이 빠지길 기다리면, 이 모든 게 얼마나 말이 되는지 깨닫게 될 거야.
23502	아니면 머리를 은박지로 감싸서 뇌를 보호하든가.
23503	*삐-* 너나 해, 내 광대 곱슬머리는 이딴 음모론 미치광이 짓 때문에 망치지 않을 거야!
23504	난 우리 형을 믿어.
23505	브렛은 내가 아는 사람 중에 제일 똑똑해, 걔가 다 설명해줬어.
23506	MMucasFlem이 우리 자유의지를 없애려고 몰래 게임을 만든다든가, CD가 우리가 노래를 거꾸로 틀어서 그놈들 암호 메시지를 알아내는 걸 막으려는 정부 음모라든가 하는 거.
23507	네 형은 완전 *삐-* 미치광이야, 꼬맹아.
23508	그냥 위장이야, '그놈들' 눈에 띄지 않고 새 포섭 대상을 찾으러 다니려고.
23509	브렛이 항상 나한테 말하거든, 섞여 들어가야 한다고!
23510	그리고 거대한 말하는 피자 조각이 피자집 하나 없는 이 동네에 완전 자연스럽게 *삐-* 섞여든다 이거지, 응?
23511	그렇지! 눈에 잘 띄는 곳에 숨어라!
23512	*삐-* 멍청이.
23513	왜 광대 옷처럼 덜 눈에 띄는 걸로 안 하고?
23514	당연하지! 신호로부터 보호 안 받고 지상에 나갈 리가 없잖아, 이 멍청아!
23515	내 피자 옷 전체가 은박지로 안감을 댔다고!
23516	그래, 넌 은박지 안감 댄 피자 옷을 입고 있고, *삐-* 멍청이는 나라는 거지!
23517	멍청이.
23518	이제 꽤 많은 마을 사람들을 끌어들였어.
23519	피전 시스터스, 우체부 조지, 카니발 조, DJ 캐시까지...
23520	점점 늘어나고 있지만 그래도 계속 조용히 해야 돼.
23521	보안관이 수상하게 여기고 우리를 없애려고 하면 안 되니까!
23522	너한텐 수상한 구석이 하나도 없다니 다행이네, *삐-* 자식아.
23523	완전 시간 낭비였네.
23524	선물 가방 챙기는 거 잊지 마!
23525	이미 *삐-* 하나 챙겼어.
23526	안녕 랜섬, 무료 피자 쿠폰 필요해?
23527	*윙크* *윙크*
23528	쿠폰 하나 받을게.
23529	피자 좀 그만 먹어야 되는 거 아니야?
23530	그 옷 입으니까 완전 뜨끈한 *삐-* 조각처럼 보인다!
23531	농담 하나 해줄게!
23532	농담 다시 한번 해볼게.
23533	마지막으로 한 번만 더 해볼게.
23534	*삐-* 꺼져!
23535	핫플레이트 켜놓고 온 것 같은데, 가봐야겠다.
23536	네 엉덩이에 쑤셔 넣을 수 있는 한은 받지.
23537	야! 그거 안 멋있거든!
23538	옷이랑 네 살가죽이 어디서 나뉘는지 구분이 안 갈 지경이네, 피자 얼굴아!
23539	너 진짜 너무하다, 야!
23540	그만해!
23541	진짜로, 꼭 네 아빠가 피자를 *삐-* 한 것처럼 생겼어.
23542	그 통통한 얼굴 보니까 네 엄마는 시카고 스타일로 당한 거 같은데!
23543	오케이, 좋아!
23544	너랑 소시지 피자의 차이가 뭔지 알아?
23545	음...
23546	참치는 못 튜닝하잖아?
23547	뭐?! 아니거든!
23548	틀린 농담이잖아, 치즈 대가리야!
23549	가끔 너무 *삐-* 멍청해서 나도 할 말을 잃겠다!
23550	오케이.
23551	너랑 소시지 피자의 차이가 뭔지 알아?
23552	코알러피케이션 기준에 안 맞아서 그래!
23553	와...
23554	전단지 돌리는 게 너한텐 진짜 힘든 일이겠다, 그치, *삐-* 자식아?
23555	이 옷 입으면 진짜 엄청 더워지긴 해.
23556	이번엔 오답 맞히려고 하지 마, 이 멍청한 *삐-*야!
23557	오케이.
23558	너랑 소시지 피자의 차이가 뭔지 알아?
23559	몰라.
23560	소시지 피자에 있는 소시지 보는 데는 현미경 필요 없잖아.
23561	랜섬, 너 진짜 완전 재수 없는 놈이야!
23562	왜 맨날 도를 넘는 건데?
23563	그러니까 네가 친구가 없는 거야!
23564	{opening_safe_start}이 *삐-* 비밀번호를 기억할 수 있는지 한번 보자.
23565	왼쪽으로 2
23566	왼쪽으로 3
23567	왼쪽으로 4
23568	왼쪽으로 5
23569	왼쪽으로 6
23570	{opening_safe_end}포기할래.
23571	왼쪽으로 7
23572	왼쪽으로 8
23573	왼쪽으로 9
23574	왼쪽으로 10
23575	왼쪽으로 11
23576	{opening_safe_end}포기할래.
23577	왼쪽으로 12
23578	왼쪽으로 13
23579	왼쪽으로 20
23580	왼쪽으로 25
23581	왼쪽으로 32
23582	{opening_safe_end}포기할래.
23583	{hand_on_knob}좋아, 이제...
23584	오른쪽으로 2
23585	오른쪽으로 3
23586	오른쪽으로 4
23587	오른쪽으로 5
23588	오른쪽으로 6
23589	{opening_safe_end}포기할래.
23590	오른쪽으로 7
23591	오른쪽으로 8
23592	오른쪽으로 9
23593	오른쪽으로 10
23594	오른쪽으로 11
23595	{opening_safe_end}포기할래.
23596	오른쪽으로 12
23597	오른쪽으로 13
23598	오른쪽으로 20
23599	오른쪽으로 25
23600	오른쪽으로 32
23601	{opening_safe_end}포기할래.
23602	{hand_on_knob}그리고 *삐-* 마지막으로...
23603	{opening_safe_end}포기할래.
23604	{opening_safe_end}포기할래.
23605	{opening_safe_end}포기할래.
23606	랜섬? 여기서 뭐 하는 거예요?
23607	아직도 여기서 뭐 하는 거예요-부우?
23608	내 *삐-* 별명으로 된 씸블콘 티켓이 있을 텐데.
23609	*삐-* 씸블콘 티켓 원해.
23610	*삐-* 씸블콘 티켓 더 원해.
23611	뭐가 *삐-* 문제야?
23612	간다고, 가고 있잖아!
23613	음... KSCUM 퀴즈 대회에서 받은 티켓이 있긴 한데요-부우.
23614	그 티켓들이 무슨 별명-부우으로 되어있죠?
23615	까먹었어.
23616	아, 맞네요. 여기 그 이름-부우이 목록에 있네요.
23617	그 이름은 목록에 안 보이는데요...
23618	근데 씸블콘-부우에 가 계시면 여기서 절 귀찮게 안 하실 테니, 그냥 드릴게요.
23619	하하. 저도 항상 그래요-부우.
23620	근데 씸블콘-부우에 가 계시면 여기서 절 귀찮게 안 하실 테니, 그냥 드릴게요.
23621	저희는 KSCUM-부우 대회 우승자용 씸블콘 티켓만 있어요.
23622	당신!
23623	저희는 모든 손님이 편안함을 느끼도록-부우 노력하고 있어요.
23624	그 입-부우 때문에, 우리 몇 안 되는 손님들도 다 겁먹고 도망가겠어요.
23625	지금 나가주세요.
23626	속 시원하네요-부우.
23627	*삐-* 필요하면 피전 브라더스가 배관공/전기공으로 괜찮다고 들었는데.
23628	당신한테서 요청하지도 않은 제안-부우은 필요 없어요.
23629	저희는 이미 몇 년째 함께한 훌륭한 배관공들-부우이 있거든요.
23630	너네 관리인들이 *삐-* 바람맞혔다는 소문 들었는데.
23631	*삐-* 피전 브라더스 한번 써보지 그래?
23632	일손-부우이 좀 필요하긴 해요.
23633	근데 당신한테서 제안 받을 일은 절대 없어요-부우.
23634	이 *삐-* 키카드에 대해 뭐 아는 거 있어?
23635	손님의 기밀 정보-부우는 말씀 못 드려요.
23636	넌 *삐-* 검열음보다도 쓸모없어.
23637	코스프레 조언이 필요해? 오... 너였냐.
23638	*삐- 꺼져*
23639	조언 더 필요해?
23640	나 *삐-* 코스프레 안 해.
23641	요즘 돈 벌려면 이런 *삐-* 짓까지 해야 되냐?
23642	5류 컨벤션에서 카드 테이블이나 차려놓고?
23643	잘나가던 놈이 어쩌다 이 꼴이 됐냐.
23644	네가 나한테 그런 말 할 처지는 아닐 텐데.
23645	*삐- 꺼져* *삐- 구멍아*
23646	꺼져. 나 은퇴했으니까 너 상대할 필요 없어.
23647	저는 광대는 취향 아닌데, 이 비밀요원 코스프레는 취향일지도 모르겠네.
23648	오 세상에, 자기야, 나 같은 남자한테는 크리스마스가 일찍 온 거나 마찬가지네!
23649	어디서부터 시작하지?
23650	네가 진짜라는 게 안 믿긴다!
23651	근데 진지하게, 낯이 익은데...
23652	어디서 봤는지 알겠다!
23653	너 척 에드먼드랑 친척이지?
23654	네 척 삼촌이 죽어서 기쁘다고 말했어!
23655	*삐- 꺼져*!
23656	*삐-* 너나 그래!
23657	핫플레이트 켜놓고 온 것 같은데, 가봐야겠다.
23658	우리 중엔 그냥 넘치게 축복받은 사람도 있는 거지, 자기야.
23659	아니, 그냥 너 보니까 놀이공원 거울의 방에 돌아온 줄 알았다는 거야.
23660	그 *삐-* 립스틱 좀 그만 처발라, 아줌마.
23661	뭐든, 자기야.
23662	뭔지 알겠다!
23663	너 꼭 바람 빠진 *삐-* 인형 같아, 이상한 데만 축 처진 그런 거.
23664	내가 그게 어떻게 생겼는지 어떻게 아는지는 묻지 마, 진짜 노골적인 대답 듣고 싶은 게 아니면, 자기야.
23665	뭐든, 자기야.
23666	낮 시간 토크쇼에서 봤어!
23667	너 그 '데비 두스 디스카운트 드레시스'라는 가게에서 데려다가 화장시켜준 마약중독 창녀잖아!
23668	아니, 아니, 아니, 이제 선 넘었어!
23669	나는 절대 아울렛 매장에서 쇼핑 안 해!
23670	그래, 근데 나 사인은 안 해줘.
23671	네 사인 필요 없어, 이 거만한 *삐-*야.
23672	그냥 네 삼촌 죽어서 기쁘다고 말하고 싶었을 뿐이야!
23673	뭐라고?
23674	사실, 너네 가족 전체가 내 인생을 망친 죄로 그냥 지옥에나 떨어져.
23675	쏘는 해파리가 가득한 통 속에서 큰 말뚝 위에 앉은 채로, 영원히 내가 나온 투나잇 쇼 방송분을 반복 재생으로 보고 있었으면 좋겠다!
23676	그럼 어쩌면 너희 이기적인 에드먼드 *삐-*들이 우리 계약 어기고 나한테 준 그 고통을 조금은 맛볼 수 있겠지.
23677	미안, 자기야, 뭐라고 했어? 안 듣고 있었어.
23678	{FACE_FRONT}가는 거야?
23679	{FACE_FRONT}다행이다!
23680	형씨! 그 광대표 대마 좀 더 구해줄 수 있어?
23681	글쎄, 안 될 것 같은데, 꼬맹아.
23682	네 마지막 남은 뇌세포 두 개 죽는 거에 책임지고 싶진 않거든.
23683	이 일 나보다 잘할 침팬지 하나 아는데, *삐- 자식아*.
23684	이게 네 인생 정점이라는 거 기분이 어때?
23685	농담 하나 들을래?
23686	*삐- 꺼져*!
23687	*삐-* 너나 그래!
23688	전자레인지에 햄스터 넣어놓고 온 것 같은데, 가봐야겠다.
23689	말도 더 조리 있게 하겠지.
23690	우와아, 말도 안 돼!
23691	다음엔 그 침팬지를 보내, 나도 보고 싶으니까!
23692	형씨, 내 기분 좀 망치지 마.
23693	완전 우리 엄마 같은 소리 하네.
23694	아니, 네 엄마는 이런 소리를 내지...
23695	오 예! 랜섬! 랜섬! 오 예! 랜섬!
23696	네 엄마랑 내 광대차의 공통점이 뭔지 알아?
23697	형씨, 안 돼!
23698	나랑 다른 광대 스무 명이서...
23699	형씨, 그만해!
23700	랜섬, 내 하루를 망치러 무슨 일로 여기까지 왔어요?
23701	드디어 당신 커리어 몰락에 대한 특종을 주려고요?
23702	*삐- 꺼져*, 타블로이드나 쓰는 쓰레기야.
23703	이 *삐-* 내 얘기에 왜 그렇게 관심이 많은 거야?
23704	그래, 그 *삐-* 인터뷰나 하자.
23705	나탈리 쥐새끼, 요즘 진짜 기사는 좀 써봤어?
23706	*삐- 꺼져*!
23707	*삐-* 너나 그래!
23708	핫플레이트 켜놓고 온 것 같은데, 가봐야겠다.
23709	정말 좋은 휴먼 다큐멘터리 기사가 될 것 같아서요.
23710	사람들은 한물간 전 유명인 이야기를 좋아하거든요.
23711	게다가 당신한테는 다시 스포트라이트를 받을 기회이기도 하고요.
23712	후회 안 하실 거예요!
23713	*삐-* 그럴 것 같지가 않은데.
23714	그래서 랜섬, 몇 년 전엔 성공적인 커리어의 정점에 있는 것처럼 보였잖아요.
23715	그러다 갑자기 아무 이유 없이 공개적으로 무너져서, 예전 삶이 순식간에 불타는 잔해가 됐죠.
23716	독자분들께 직접 말씀해주세요, 왜 커리어가 그렇게 추락했나요?
23717	내 관객들이 네 *삐-* 쓰레기 신문을 읽었으니까 그렇지.
23718	정치적 올바름이 *삐-* 미쳐 돌아가고 있어서 그래.
23719	사람들이 그 모욕 개그에 질렸나 보지.
23720	그때는 나쁜 선택을 정말 많이 했어.
23721	노 코멘트.
23722	그게 사람들 IQ를 너무 낮춰놔서 좋은 코미디를 감상 못 하게 됐다니까.
23723	뚱보 개그랑 욕설의 뉘앙스를 이해하려면 박사 학위가 필요한 줄은 몰랐네요.
23724	다음으로 넘어가죠...
23725	요즘 사람들이 너무 예민해!
23726	난 *삐-* 표현의 자유가 있어, 마음에 안 들면 *삐-* 꺼지면 되는 거고.
23727	실제로 다들 꺼졌죠...
23728	그러니까 내 개그가 좀 원 트릭 포니 같은 거였다는 거지.
23729	모욕 유머가 아마 유행이 지났나 봐.
23730	그렇겠죠.
23731	다리를 너무 많이 태워먹었고, 명성에 취해버렸고, 그냥 인생이 무너졌어.
23732	사람들 소외시키는 *삐- 구멍*으로 인생을 쌓아 올리는 것의 문제는, 네가 무너지면 사람들이 좋아하고, 아무도 널 일으켜주고 싶어 하지 않는다는 거야.
23733	독자들이 그 말에 정말 공감할 것 같네요, 랜섬.
23734	제가 정말 듣고 싶은 질문 하나는, 왜 화장을 안 지우시는 거예요?
23735	그냥 헌신적인 공연가인 거예요, 아니면 정신병원에 헌신되어야 할 공연가인 거예요?
23736	네 *삐-* 그 헛소리하는 입 좀 다물지 그래?
23737	이 평민들한테 내 예술을 설명할 필요는 없지.
23738	더 좋았던 시절이 생각나서 그래.
23739	솔직히, 이 *삐-* 화장은 못 지워.
23740	노 코멘트.
23741	사람들이 도저히 *삐-* 못 하는 것들이 있는 법이지.
23742	멋지네요.
23743	결국, 자기야, 나는 광대 랜섬이야.
23744	화장이 이 캐릭터를 정의하는 거지.
23745	내가 정점에 있을 때, 진짜 대단한 사람이었을 때가 생각나.
23746	아직 그때를 놓아줄 준비가 안 됐나 봐.
23747	비극적이네요, 완전 좋아요.
23748	선택이라기보단, 그냥 끔찍한 *삐-* 저주야.
23749	마담 모레나 덕분에 내 얼굴을 벨트 샌더로 갈아도, 피부가 다시 자라날 때 화장까지 그대로 자라난다니까.
23750	허... 제가 예상한 대답은 아니네요.
23751	이제 더 행복했던 시절 얘기를 좀 해보죠.
23752	커리어의 하이라이트 중 하나를 말씀해주세요.
23753	원하는 건 뭐든 *삐-* 할 수 있을 만큼 돈이 있었던 거.
23754	내 투나잇 쇼 출연.
23755	아마 코미디상 받은 거.
23756	사람들을 웃게 만드는 거.
23757	노 코멘트.
23758	요요마가 내 전용기에서 세레나데 불러주는 동안 슈퍼모델 배꼽에서 캐비어 퍼먹으면서 바하마 개인 섬으로 날아갈 만큼 돈이 있었던 거.
23759	내 코카인 습관이 스카페이스를 그냥 취미생활러로 보이게 만들 만큼 돈이 있었던 거.
23760	멋지네요... 다음으로 넘어가죠.
23761	칼슨한테 제대로 한 방 먹였지.
23762	*삐-* 쇼를 완전히 훔쳤다니까.
23763	명성이 내가 유일하게 신경 썼던 거였어, 자기야.
23764	네.
23765	인정받는 느낌이 좋았어.
23766	나는 모욕 개그 코미디언이지만, 사람들이 내가 하는 걸 알아준다는 게 여전히 뭔가 의미가 있긴 해.
23767	그 가슴 속에도 결국 심장이 뛰긴 하나 보네요.
23768	그 전체 여정이 다 좋았지만, 사람들 웃게 만드는 것보다 더 좋은 느낌은 없었어.
23769	그때 나 자신의 *삐-* 과대광고에 휩쓸리는 대신 그걸 제대로 감사할 만큼 똑똑했더라면 좋았을 텐데.
23770	근데 뭐, 지나고 나면 다 보이는 법이잖아?
23771	그렇긴 하죠.
23772	동네에서 랜섬 인형 시리즈를 만들 계획이었다는 소문을 들었어요.
23773	그건 어떻게 된 거예요?
23774	내가 신경 쓰는 유일한 작은 랜섬은 내 바지 속에 있는 거야.
23775	그 *삐-* 척, 그 자식 때문에 그렇게 됐지.
23776	인형이 시장성이 없었나 보지.
23777	이런저런 문제가 많았어.
23778	노 코멘트.
23779	원하면 소개해줄까, 자기야?
23780	'작다'는 게 핵심 단어일 게 뻔하니까, 사양할게요.
23781	다음으로 넘어가죠.
23782	그 거만한 *삐-*는 내 인형들이 자기 밑이라고 생각했어.
23783	그 남자는 비전이 없었어, 아직도 자기 죽은 *삐-* 베개 꿈에 매달려 있었다니까.
23784	척 에드먼드를 욕하는 게 확실히 관심 끄는 방법 중 하나긴 하네요, 랜섬.
23785	척 에드먼드가 만들기 싫어했고, 아마 그럴 만한 이유가 있었겠지.
23786	그러니까, 모욕 광대 인형이란 게 어차피 틈새시장이었을 테니까.
23787	그렇군요.
23788	원래 계약은 프랭클린 에드먼드랑 했는데, 그 사람이 지구상에서 사라진 것 같더라고.
23789	그 사람을 못 찾아서 척한테 갔는데 랜섬 인형에는 관심이 없었어.
23790	프랭클린도 없고, 공장도 없고, 인형도 없고.
23791	팀블위드에 남아 있을 이유가 별로 없어 보이는데요.
23792	왜 계속 여기 있었던 거예요?
23793	이 괴짜 마을은 내 개그를 위한 영감의 금광이지.
23794	이 *삐-* 구덩이는 내가 필요해.
23795	여기 그렇게 나쁘진 않아.
23796	달리 갈 데가 없었어.
23797	노 코멘트.
23798	여기가 내 기술을 갈고닦기에 완벽한 곳이지.
23799	이 정도는 인정하자고, 여기 있는 게 확실히 섹시한 여자들 때문은 아니니까.
23800	매력적이네요.
23801	내가 다들한테 이 마을이 얼마나 *삐-* 쓰레기장인지 상기시켜주는 거야.
23802	시간이 지나면 다들 *삐-* 엉덩이 떼고 뭐라도 하겠지!
23803	그러니까 왜 그렇게 인기 있는지 알겠네요.
23804	그러니까, 이 마을도 괴짜 천지지만, 나라고 뭐 다를 게 있나.
23805	사람들은 내 *삐-* 헛짓거리를 참아주고 내가 서커스 부지에 유령처럼 떠도는 걸 교훈적인 이야기처럼 내버려두지.
23806	더 나쁠 수도 있었어.
23807	그거 좀... 다정한 것 같기도 하네요?
23808	처음엔 떠날 형편이 안 됐어, 아내가 내 자산을 다 동결시켜서 남은 게 내 트레일러뿐이었거든.
23809	그다음엔 인형 계약을 성사시키려고 머물렀지.
23810	근데 지금 생각해보면 악성 종양처럼, 이 마을이 나한테 스며들고 전이돼서, 이젠 그냥 *삐-* 영구적인 거라고 받아들였어.
23811	그거 좀... 다정하면서도... 역겹네요?
23812	그래서 랜섬, 큰 후회 같은 거 있어요?
23813	다시 돌아갈 수 있다면 다르게 하시겠어요?
23814	일단 너랑 얘기 안 할 거야, *삐-*.
23815	잘못된 *삐-* 사람들을 믿은 거.
23816	누구나처럼, 나도 후회는 있어.
23817	거의 모든 걸 후회해.
23818	노 코멘트.
23819	그거 말고, 아마 내 *삐-* 전처랑 결혼한 거, 기회 있을 때 그루피들이랑 더 *삐-* 안 놀아난 거.
23820	매춘부랑 마약에 돈을 더 안 쓴 거.
23821	하나 말해줄까, 인형아, 이 광대 코로 코카인 흡입하는 거 쉬운 일 아니야.
23822	으, 이 질문 한 거 후회되네요.
23823	난 잘못한 거 하나도 없어, 다 내 인생에 들인 그 멍청이들 탓이지.
23824	내 *삐-* 전처, 내 매니저, 프랭클린, 척.
23825	그 *삐-* 얼간이들만 없었으면 내 인생은 *삐-* 완벽했을 거야.
23826	그 일에 별로 앙심 안 품고 계신 거 같아서 다행이네요!
23827	몇 명한텐 좀 더 잘해줬어야 했는데.
23828	그 과대광고를 믿지 말았어야 했고, 다 더 만끽했어야 했는데.
23829	근데 어떤 길을 가든 다들 후회는 있는 것 같아.
23830	일리 있는 말씀이네요.
23831	난 주변 모든 사람들과 다리 태워먹은 *삐- 구멍*이었고, 가졌을 때 아무것도 감사할 줄 몰랐고, 지금 받는 거 다 자업자득이야.
23832	많은 걸 다르게 했을 텐데, 시계를 되돌릴 순 없잖아.
23833	내가 할 수 있는 건 그냥 앞으로 나아가면서 더 나아지려고 노력하는 것뿐이야.
23834	신선할 정도로 솔직하시네요, 랜섬.
23835	마지막으로, 랜섬, 미래를 위한 큰 계획 있어요?
23836	네가 내 트레일러로 돌아오는 걸 계획하고 있었지.
23837	다 되찾을 거야.
23838	열심히 일해서 대가를 치를 거야.
23839	잘 모르겠는데, 아마 굽신거리는 게 많이 필요할 거야.
23840	노 코멘트.
23841	내 광대 나팔 한번 불게 해줄게.
23842	그건 저한테서 확고하고 영원한 거절이에요, 랜섬.
23843	나 같은 코미디 천재를 영원히 짓눌러놓을 순 없어.
23844	어떻게든 인형 자금을 구해서, 이 촌구석 마을에서 벗어날 거야!
23845	그 부분에 대해선 마을 사람 모두를 대신해서 행운을 빈다고 말씀드릴게요.
23846	사다리 맨 밑바닥부터 시작해서 잔해 속에서 내 평판을 다시 쌓아 올려야지.
23847	힘든 일이지만, 내 인생을 진짜로 되찾고 싶으면 자존심을 좀 내려놔야겠지.
23848	존경스럽네요.
23849	더 나은 사람이 되고 싶은데, 난 고집 세고 늙었고 변할 수 있을지 모르겠어.
23850	난 거만한 *삐- 자식*이지만, 잘못을 바로잡고 다시 시작하면 적어도 뭔가는 되겠지.
23851	그건 시간이 말해줄 것 같네요.
23852	이렇게 솔직한 답변 감사해요.
23853	이게 제가 준비한 질문 전부인 것 같네요.
23854	시간 내주셔서 감사해요.
23855	완성된 기사가 인쇄되면 알려드릴게요.
23856	그래, 뭐든.
23857	아니면 아직도 다이너 싱크대에서 뽑아낸 기록적인 머리카락 뭉치에 대해 피전 브라더스 인터뷰하는 중이야?
23858	완전 짜릿하겠네, 인형아!
23859	특종 가지고 왔으면, 앉으세요.
23860	놀리려고 왔으면, 나가는 길에 문에 부딪히지나 마세요.
23861	랜섬, 여기서 뭐 하는 거예요?
23862	'초대형 홍카홍카' 최신호는 적어도 일주일은 더 있어야 발송될 거예요.
23863	*삐- 꺼져*, 조지!
23864	광대는 취조 안 당하고 우체국도 못 오나?
23865	이런! 누가 침대에서 잘못 일어나셨나 보네요!
23866	다시 해보죠.
23867	뭘 도와드릴까요, 익살꾼 씨?
23868	이봐 조지, 이 게으른 *삐-*야, 내 소포 찾으러 왔어.
23869	이 *삐-* 구덩이에서 일하면서 어떻게 안 미쳐?
23870	우체부들이 고위급 정부 요원이라도 되는 줄 알아?
23871	그럼 우체부들은 왜 그렇게 *삐-* 대단한 건데?
23872	그 *삐-* 끔찍한 농담들 더 있어?
23873	나한테 안 좋은 농담 하나 더 던져봐, *삐- 얼굴*아!
23874	형편없는 농담 하나 더 줘봐, 편지 오타쿠야!
23875	우체국에 대한 농담 하나 있어.
23876	우체국 유머 좀 더 원해, 배달 찐따야?
23877	농담 하나 더 있어, 소포 돼지야!
23878	*삐- 꺼져*, 우체국 너드야.
23879	이봐요!
23880	여기선 그런 용어 안 써요!
23881	그래서 어쩔 건데?
23882	날 쏘기라도 하게?
23883	업무 관련 스트레스는 우리 같은 고위급 정부 요원들한테는 웃을 일이 아니에요!
23884	물론이죠!
23885	이 일이 그중에서도 가장 명예로운 정부 직책이라고 말하고 싶네요!
23886	네가 그냥 *삐-* 피자 배달원이나 마찬가지라는 거 알고는 있나?
23887	그것보다 더 안 좋은 게, 넌 그 *삐-* 피자를 절대 안 가져오잖아.
23888	그거야말로 당신이 아는 게 얼마나 없는지 보여주는 거죠!
23889	저랑 저희 파란 옷 입은 동료들이 없으면 온 세상이 혼돈에 빠질 거예요!
23890	연방 요원들은 정보를 못 받고, 사람들은 월급이랑 청구서를 못 받을 거고요!
23891	경제가 혼돈에 빠지고, 사람들이 굶주릴 거예요!
23892	저는 매일 사람들의 인생을 손에 쥐고 있는 거라고요!
23893	우체부는 살아있는 헤르메스 신이나 마찬가지예요, 랜섬, 안 보여요?!
23894	너 완전 *삐-* 미쳤구나, 조지.
23895	오, 저한테 죽여주는 농담 몇 개 있어요!
23896	우표 안 붙은 편지 얘기 들어봤어요?
23897	아니, 못 들어봤는데.
23898	그 편지가 너보고 *삐-* 꺼지라고 말해?
23899	반대편으로 가려고?
23900	넌 이해 못 할 거야.
23901	아뇨! 이해 못 하실 거예요!
23902	하하하하하하하하하!
23903	그거 *삐-* 진짜 형편없었다.
23904	허. 그거 이미 말씀드렸나 보네요.
23905	오, 이건 완전 좋아하실 거예요!
23906	부메랑은 왜 우편으로 못 보낼까요?
23907	네가 *삐-* 멍청이라서?
23908	'이가 아파서'라니?
23909	항상 발송인한테 돌아오니까요.
23910	왜냐하면... 히히히!
23911	항상 발송인한테 돌아오니까요!
23912	하하하하하하하하하하!
23913	너 뭔가 문제 있다, 조지.
23914	이게 제 최애예요!
23915	안 웃고 끝까지 말할 수 있을지 모르겠네요!
23916	히히히!
23917	우체국 직원이 왜 매니저 사무실로 불려갔을까요?
23918	전혀 *삐-* 모르겠는데!
23919	자기 아내를 *삐-* 해서?
23920	그냥 으아아아악 해서!
23921	업무 관련 스트레스 때문에?
23922	아뇨! 그거는- 히히히! 왜냐하면...
23923	2265 서식의 4e 부록 b를 채워야 하는데 2625 서식의 4b 부록 e를 채워서요!
23924	바하하하하하하하하하하하하하하하하!
23925	그건 *삐-* 농담도 아니잖아, 이 잘난 척하는 편지 배달꾼아!
23926	진짜로, 조지, *삐-* 도움 좀 받아!
23927	개랑 우체부의 차이가 뭔지 알아?
23928	모르겠는데요.
23929	개는 너한테 그 *삐-* 우편물을 가져다줄 줄 안다는 거지!
23930	그건 미국 정부 우편 취급 공무원들에 대한 엄청난 무례예요, 랜섬!
23931	꺼져버려!
23932	우체부가 되는 것의 가장 좋은 점이 뭔지 알아?
23933	나라를 위해 봉사하는 거요.
23934	틀렸어!
23935	정답은 아무것도 없다는 거야, 왜냐면 네 일은 완전 개똥이니까!
23936	열까지 세세요, 조지.
23937	행복한 장소로 가세요.
23938	네 아내랑 평범한 우체국 손님의 공통점이 뭔지 알아?
23939	랜섬 씨, 지금 아주 얇은 얼음 위를 걷고 있는 거예요, 이 양반아!
23940	둘 다 한 번도 만족시켜본 적이 없다는 거야!
23941	랜섬 씨, 잠깐 나가주시는 게 좋겠어요.
23942	당신이 또 하나의 통계가 되는 건 저도 싫으니까요.
23943	미시시피 하나... 미시시피 둘...
23944	뭐든, 우체국 너드야!
23945	잘 가요, 랜섬!
23946	{eyes_front}또 *삐-* 당했다는 게 믿기지가 않아!
23947	{eyes_right}내가 뭘 *삐-* 잘못했다고 이런 *삐-* *삐-*자식 같은 취급을 받아야 하는 거야.
23948	{eyes_left}난 그냥 사람들을 즐겁게 해주고 싶었을 뿐인데...
23949	{eyes_right}웃게 해주고 싶었을 뿐인데...
23950	{eyes_front}그 *삐-* 멍청한 *삐-* 인간들의 멍청함을 보고 말이야.
23951	{eyes_front}이 모든 것에 교훈이 있는 것 같긴 한데, *삐-* 먹어, 난 랜섬 더 *삐-* 클라운이야.
23952	{eyes_left}이게 다 그 *삐-* 프랭클린 놈 탓이야.
23953	{eyes_right}걘 척한테 얘기해서 내 신형 첨단 랜섬 더 클라운 라이선스 인형을 그 낡은 베개 공장에서 생산하기로 돼 있었는데...
23954	{eyes_front}그러다 발 빼고는, 아마 지금쯤 멕시코에서 내 *삐-* 전 부인이랑 홀딱 벗고 물놀이나 하고 있겠지.
23955	*삐-*자식
23956	OK... 그 *삐-* 베개 공장에 침입해서 내 랜섬 더 클라운 시제품 인형이 아직 거기 있는지 봐야겠어.
23957	내 재기가 *삐-* 거기 달려있다고.
23958	*삐-* 먹어!
23959	안녕, *삐-* 상판대기들!
23960	{face_left}나는 랜섬 더 *삐-* 욕쟁이 광대다!
23961	{face_right}누구든 쉽게 상처받는 사람 없길 바라는데, 혹시 그렇다면...
23962	{face_front}...음, 미안하다.
23963	{face_front}진심으로 하는 말이야.
23964	너희들 그 베개 공장 *삐-* 엄청 좋아하지!
23965	너희가 죄다 뚱보 떼거리가 아니라는 게 놀라울 지경이야!
23966	너희 전부 근친상간으로 태어난 괴짜들이잖아!
23967	팀블위드 파크는 *삐-* 속물들 천지야!
23968	너희들은 이 척이라는 놈한테 완전 집착하는구먼!
23969	그 *삐-* 트론 기계들은 대체 뭔 사연이야?
23970	너희 *삐-*들 그 니켈 뉴스라는 걸레 신문 읽지?
23971	나는 팀블위드 호텔에 묵고 있는데...
23972	너희들 돈은 많은데 상식은 없구먼.
23973	이보다 더 후진 동네 명물은 본 적이 없어!
23974	파리엔 에펠탑, 뉴욕엔 자유의 여신상, 팀블위드 파크엔 *삐-* 베개 공장이라니.
23975	깃털 베개가 절대 유행 안 지나가길 *삐-* 신께 빌어야 할걸!
23976	여기 파티에서 그 끝없는 *삐-* 푸아그라랑 샴페인 보니까 말이야.
23977	그러다 너희 *삐-* 식당에서 밥을 먹어봤지.
23978	거기 음식은 토근 시럽보다 더 확실한 설사약이더군!
23979	부인하려 하지 마, 보안관이랑 검시관이랑 호텔 매니저까지 다 봤으니까.
23980	낮은 지능에, 이상한 말투에, 하나같이 못생긴 *삐-* 얼굴까지...
23981	그게 그냥 한 괴짜가 아니라면 누군가 확실히 지 여동생이랑 *삐-* 짓을 한 거지.
23982	너흰 심지어 거리에서 '분위기' 잡겠다고 *삐-* 콘서트 바이올리니스트까지 두는구먼!
23983	여긴 어찌나 고상한지 부랑자들이 관광객한테 돈을 줘서 더 좋은 옷을 사 입게 한다니까!
23984	심지어 너희 동네 바퀴벌레들도 바닥에 떨어진 음식 보고 코웃음 치면서 '*삐-* 됐고, 우린 더 잘 먹을 수 있어!' 이런다니까!
23985	진지하게, *삐-* 맨슨 패밀리 이후로 이런 세뇌는 처음 보네!
23986	도움 필요하면 두 번 눈 깜빡여.
23987	거참 *삐-* 우선순위 한번 훌륭하시네!
23988	암도 못 고치고 시각장애인 눈도 못 뜨게 해주지만, 적어도 변기트론 3000™ 덕분에 지 손으로 밑은 안 닦아도 되잖아!
23989	화장지로 쓰고 싶은데 그 신문에 더 이상 *삐-* 실을 자리가 없을 것 같아서 말이야.
23990	근데 그게 더 읽을 만한 내용이 되긴 하겠네!
23991	그 매니저는 *삐-* 똥을 광내는 재주 하나는 타고났구먼.
23992	오오, 저희는 최고급 콘티넨탈 조식-어쩌구를 제공합니다요~!
23993	그거 서빙 트레이로 하는 *삐-* 러시안룰렛이잖아!
23994	동네 부랑자조차 쓰레기통에서 뭘 찾을지 도박하는 게 더 낫겠다 싶을 정도라니까.
23995	그 돈 자선단체에 기부하거나, 투자하거나, 너희가 재밌게 즐기는지 눈곱만큼이라도 신경 쓰는 코미디언한테 쓸 수도 있었을 텐데.
23996	근데 대신 그 돈을 나한테, 너희 전부를 *삐-* 쓰레기보다 못하다고 생각하는 이 *삐-*자식 광대한테 줬단 말이지!
23997	그러니까 굶주린 애들 먹여 살리는 대신에, 너희 돈은 바하마에 있는 내 별장에 수영장 하나 더 짓는 데 쓰일 거야.
23998	이봐 거기, 콧수염 멍청한 형씨!
23999	이봐 거기, 후진 휠체어 탄 꼬맹아!
24000	이봐 거기, 털 난 점 있는 못생긴 할머니!
24001	1970년대 포르노 배우가 전화했어. 자기 콧수염 돌려달라는데!
24002	힙스터 염소수염이라도 길렀으면, 그렇게 나빠 보이진 않았을 텐데.
24003	{point_crowd_med_end}
24004	너 전생에 *삐-*러였던 거 아니야?
24005	랜섬 재단에 연락해봐, 새 걸로 무료로 바꿔줄지도 몰라.
24006	진지하게 꼬맹아, 넌 *삐-* 휠체어까지 탔는데 얼굴까지 그 모양이라니?
24007	신께서 확실히 너한테 뭔가 벌을 주고 계시는구먼!
24008	{point_crowd_med_end}
24009	아니면 네 기생 쌍둥이인가?
24010	나 의대 다녔었는데, 그거 한번 검사받아 보는 게 좋을 것 같아.
24011	뭐가 됐든, 표는 따로 샀길 바란다!
24012	그게 혼자서 *삐-* 롤러코스터 탈 만큼 크면 내 관객석에서 무임승차하는 게 아니니까!
24013	{point_morena_end}
24014	방금 한 말, 두고두고 후회하게 될 것이다.
24015	너는 그 화장을 영원히 지우지 못하는 저주를 받을 것이며...
24016	...그리고 시간이 다할 때까지 이 서커스 부지를 떠돌게 되리라.
24017	넌 왜 맨날 *삐-* 땅을 파는 거야?
24018	어이 광대. 그냥 앞마당에 뭐 좀 파는 거여.
24019	대부분은 그냥 구멍이지.
24020	그담에 다시 곱게 잘 묻어놓는 거고.
24021	완전 또라이네.
24022	말은 쉽지, 근디 아마 니는 땅 파본 적도 없을걸.
24023	아 *삐-*, 사람들은 내가 이상하다고 하더만.
24024	무대 올라가기 전에 잡아서 다행이네요.
24025	사인은 100달러야.
24026	랜섬, 저는 당신 매니저 겸 변호사인데요...
24027	...사인 받고 싶은 거 아니에요.
24028	좋아, 그럼 50달러.
24029	그냥 알려드리려고요, 애스펜 자택에 애인분이 기다리고 계세요...
24030	...그리고 전용기도 연료 채워서 공연 끝나면 바로 모셔다 드릴 준비 하고 있어요.
24031	그리고 유아용 랜섬 더 클라운 욕쟁이 말하는 인형 라이선스 건으로 수백만 달러짜리 계약도 있어요.
24032	책임 면제 조항은 뺐어?
24033	맞습니다.
24034	아이들이 자라서 *삐-*자식이 되면 그쪽에서 모든 책임을 지기로 했어요.
24035	좋아, 애들은 원래 태어날 때부터 *삐-*자식이야, 그렇게 자란 건 내 잘못이 아니지.
24036	좋아, 그래, 25달러.
24037	치과의사가 됐어야 했는데.
24038	*삐-* 먹어.
24039	안녕, *삐-* 상판대기들!
24040	{face_left}나는 랜섬 더 *삐-* 욕쟁이 광대다!
24041	{face_right}누구든 쉽게 상처받는 사람 없길 바라는데, 혹시 그렇다면...
24042	{face_front}농담 하나 못 받아들이는 건 순전히 너희 *삐-* 잘못이야!
24043	너희들 그 베개 공장 *삐-* 엄청 좋아하지!
24044	너희가 죄다 뚱보 떼거리가 아니라는 게 놀라울 지경이야!
24045	너희 전부 근친상간으로 태어난 괴짜들이잖아!
24046	팀블위드 파크는 *삐-* 속물들 천지야!
24047	너희들은 이 척이라는 놈한테 완전 집착하는구먼!
24048	그 *삐-* 트론 기계들은 대체 뭔 사연이야?
24049	너희 *삐-*들 그 니켈 뉴스라는 걸레 신문 읽지?
24050	나는 팀블위드 호텔에 묵고 있는데...
24051	너희들 돈은 많은데 상식은 없구먼.
24052	이보다 더 후진 동네 명물은 본 적이 없어!
24053	파리엔 에펠탑, 뉴욕엔 자유의 여신상, 팀블위드 파크엔 *삐-* 베개 공장이라니.
24054	깃털 베개가 절대 유행 안 지나가길 *삐-* 신께 빌어야 할걸!
24055	여기 파티에서 그 끝없는 *삐-* 푸아그라랑 샴페인 보니까 말이야.
24056	그러다 너희 *삐-* 식당에서 밥을 먹어봤지.
24057	거기 음식은 토근 시럽보다 더 확실한 설사약이더군!
24058	부인하려 하지 마, 보안관이랑 검시관이랑 호텔 매니저까지 다 봤으니까.
24059	낮은 지능에, 이상한 말투에, 하나같이 못생긴 *삐-* 얼굴까지...
24060	그게 그냥 한 괴짜가 아니라면 누군가 확실히 지 여동생이랑 *삐-* 짓을 한 거지.
24061	너흰 심지어 거리에서 '분위기' 잡겠다고 *삐-* 콘서트 바이올리니스트까지 두는구먼!
24062	여긴 어찌나 고상한지 부랑자들이 관광객한테 돈을 줘서 더 좋은 옷을 사 입게 한다니까!
24063	심지어 너희 동네 바퀴벌레들도 바닥에 떨어진 음식 보고 코웃음 치면서 '*삐-* 됐고, 우린 더 잘 먹을 수 있어!' 이런다니까!
24064	진지하게, *삐-* 맨슨 패밀리 이후로 이런 세뇌는 처음 보네!
24065	도움 필요하면 두 번 눈 깜빡여.
24066	거참 *삐-* 우선순위 한번 훌륭하시네!
24067	암도 못 고치고 시각장애인 눈도 못 뜨게 해주지만, 적어도 변기트론 3000™ 덕분에 지 손으로 밑은 안 닦아도 되잖아!
24068	화장지로 쓰고 싶은데 그 신문에 더 이상 *삐-* 실을 자리가 없을 것 같아서 말이야.
24069	근데 그게 더 읽을 만한 내용이 되긴 하겠네!
24070	그 매니저는 *삐-* 똥을 광내는 재주 하나는 타고났구먼.
24071	오오, 저희는 최고급 콘티넨탈 조식-어쩌구를 제공합니다요~!
24072	그거 서빙 트레이로 하는 *삐-* 러시안룰렛이잖아!
24073	동네 부랑자조차 쓰레기통에서 뭘 찾을지 도박하는 게 더 낫겠다 싶을 정도라니까.
24074	그 돈 자선단체에 기부하거나, 투자하거나, 너희가 재밌게 즐기는지 눈곱만큼이라도 신경 쓰는 코미디언한테 쓸 수도 있었을 텐데.
24075	근데 대신 그 돈을 나한테, 너희 전부를 *삐-* 쓰레기보다 못하다고 생각하는 이 *삐-*자식 광대한테 줬단 말이지!
24076	그러니까 굶주린 애들 먹여 살리는 대신에, 너희 돈은 바하마에 있는 내 별장에 수영장 하나 더 짓는 데 쓰일 거야.
24077	이봐 거기, 코 큰 아줌마!
24078	이봐 거기, 콧수염 멍청한 형씨!
24079	이봐 거기, 후진 휠체어 탄 꼬맹아!
24080	이봐 거기, 털 난 점 있는 못생긴 할머니!
24081	이봐 거기, 촌스러운 셔츠 입은 꼬맹아!
24082	아줌마라고 부르긴 했는데, 그 부리를 보니 *삐-* 왕부리새가 아닌가 싶은데!
24083	오늘 밤 공연 표 사지 말았어야 했어, 아가씨!
24084	그 돈은 *삐-* 코 수술비로 모아뒀어야지!
24085	{point_crowd_low_end}
24086	너 매그넘 P.I.처럼 생겼다고 생각하냐?
24087	1970년대 포르노 배우가 전화했어. 자기 콧수염 돌려달라는데!
24088	{point_crowd_med_end}
24089	너 전생에 *삐-*러였던 거 아니야?
24090	진지하게 꼬맹아, 넌 *삐-* 휠체어까지 탔는데 얼굴까지 그 모양이라니?
24091	신께서 확실히 너한테 뭔가 벌을 주고 계시는구먼!
24092	{point_crowd_med_end}
24093	너 *삐-* 색맹이냐?
24094	네 셔츠 때문에 나 *삐-* 발작 일으키겠다!
24095	나는 *삐-* 광대인데도 그렇게 요란한 건 안 입겠다.
24096	{point_crowd_low_end}
24097	아니면 네 기생 쌍둥이인가?
24098	뭐가 됐든, 표는 따로 샀길 바란다!
24099	그게 혼자서 *삐-* 롤러코스터 탈 만큼 크면 내 관객석에서 무임승차하는 게 아니니까!
24100	{point_morena_end}
24101	방금 그 말, 두고두고 후회하게 될 것이다.
24102	너는 그 화장을 영원히 지우지 못하는 저주를 받을 것이며...
24103	...시간이 다할 때까지 이 서커스 부지를 떠돌게 되리라.
24104	리키의 튜브 가게에 오신 걸 환영해요, 뭘 도와드릴까요?
24105	리키의 '골빈 튜브™'에 오신 걸 환영해요, 뭘 도와드릴까요?
24106	리키의 '쩌는 튜브™'에 오신 걸 환영해요, 뭘 도와드릴까요?
24107	리키의 '튜브 나라™'에 오신 걸 환영해요, 뭘 도와드릴까요?
24108	리키의 '튜브-타스틱™'에 오신 걸 환영해요, 뭘 도와드릴까요?
24109	리키의 '튜브 타운™'에 오신 걸 환영해요, 뭘 도와드릴까요?
24110	리키의 '너 튜브™'에 오신 걸 환영해요, 뭘 도와드릴까요?
24111	'리키의 *삐-* 튜브'가 더 맞겠는데, 뭐 아무튼.
24112	당신은 절대 착하게 못 굴어요, 랜섬?
24113	이봐, 막대기 든 리키잖아!
24114	이런, 남자친구가 필요한가 보네!
24115	그래서 드디어 네가 *삐-* 요리는 못 한다는 걸 깨달은 거야?
24116	*삐- 꺼져*!
24117	*삐-* 너나 그래!
24118	전자레인지에 햄스터 넣어놓고 온 것 같은데, 가봐야겠다.
24119	저 막대기 없어요, 이건 튜브예요.
24120	당연히 있지!
24121	네 엉덩이에 어찌나 깊이 박혔는지 말할 때 입 밖으로 삐죽 나오는 게 다 보이는데.
24122	여기 완전 프로이트적 악몽이네, 자기야!
24123	글쎄요 랜섬, 당신이 항상 그렇게 등신처럼 굴지만 않았어도 가는 데마다 그런 게 안 보였을 텐데요.
24124	아뇨, 그냥 장사가 부진해서 새로운 방향으로 간 것뿐이에요!
24125	마을 부랑자도 네 *삐-* 남은 음식은 안 먹을걸, 인형아!
24126	네 파이가 쓸모 있었던 유일한 경우는 내 관객들한테 던질 때뿐이었어.
24127	너 여기 환영 못 받는 거 알잖아, 랜섬.
24128	내가 광대라고 서비스 합법적으로 거부할 순 없을걸.
24129	신경 쓰는 사람한테나 말해.
24130	요원들한테 나 고자질한 거야, 응?
24131	안녕, 데이브.
24132	이봐, 랜섬.
24133	닥쳐, 데이브!
24134	아니, 근데 네가 *삐- 구멍* 같은 광대라서 서비스는 거부할 수 있어.
24135	그냥 음식이나 주문하고 꺼져.
24136	저 역겨운 핫도그 하나 줘.
24137	심장마비 특대로 넣은 기름진 쓰레기 버거 줘.
24138	심장마비 특대로 넣은 그 기름진 쓰레기 버거 먹고 싶어.
24139	토끼 먹이 같은 샐러드나 줘.
24140	슈바인학세가 대체 뭔데?
24141	팀블베리 파이 줘.
24142	팀블베리 파이 진짜 먹고 싶어.
24143	사실 배 안 고픈데, 네 시간 낭비시켜서 기쁘네.
24144	그 핫도그들이나 실컷 먹어.
24145	그거 처리하려는 중이거든, 왜냐면... 뭐...
24146	핫도그 다 나갈 때까지 햄버거는 안 팔아.
24147	이제 꺼져.
24148	알았어, 딱 이번만, 네 핫도그 경험에 좀 미안한 마음이 들어서.
24149	근데 그렇게 많이는 아니고...
24150	{face_right}데이브, 하나 태우고, 정원 통과시켜서 장미 하나 꽂아줘.
24151	준비됐어! 혹시 몰라서 그릴 구석에 하나 아껴뒀지.
24152	그거 다 떨어졌어.
24153	이제 꺼져.
24154	이제 꺼져.
24155	너 여기 환영 못 받는 거 알잖아, 랜섬.
24156	내가 광대라고 서비스 합법적으로 거부할 순 없을걸.
24157	네 *삐- 구멍* 같은 다이너에 운석이나 떨어졌으면 좋겠다.
24158	안녕, 데이브.
24159	너한텐 질렸어, *삐- 자식아*
24160	랜섬, 넌 *삐- 구멍*이야.
24161	이봐, 랜섬.
24162	닥쳐, 데이브!
24163	아니, 근데 네가 *삐- 구멍* 같은 광대라서 서비스는 거부할 수 있어.
24164	이거 너 주려고 가져왔어, 샌디.
24165	이봐, 나 원래 막 미안하다고 비굴하게 사과하는 그런 사람은 아닌데, 너한테 *삐- 구멍*처럼 굴었던 거 미안해.
24166	진짜 *삐-* 진심으로 하는 말이야.
24167	너한테 하나 큰 *삐-* 부탁이 있어.
24168	나 내 플래시백으로 좀 보내줄 수 있어?
24169	딱 한 번만 더 쇼를 하고 싶어, 그리고 어쩌면 더는 그런 *삐- 구멍*처럼 안 굴고 싶고.
24170	한 번 더 기회를 받을 자격 있어, 설탕 케이크.
24171	알았어 랜섬, 근데 이 예쁜 카드 줬으니까 딱 그것 때문이야.
24172	내가 대사를 기억할 수 있는지 한번 보자...
24173	저 오래된 서커스에 사는 그 미친 광대를 조사해보시면 좋을 것 같아요.
24174	서커스가 몇 년 전에 문 닫은 이후로 계속 거기 있어요.
24175	화장을 한 번도 안 지워요.
24176	이제 꺼져.
24177	너 나보다 더 '윌리 소스™' 세게 마시는 것 같은데.
24178	그러는 네 간은 곧 뒤질 것처럼 생겼네.
24179	그럼 우리 둘 다 몰골이 *삐-* 같다는 거네.
24180	부탁 하나 들어줄래?
24181	네가 술 마시는 거 딱히 뭐라 안 해.
24182	남는 술 있어?
24183	너도 척 에드먼드 항상 싫어했잖아, 그렇지?
24184	이 동네에서 그 인간 엉덩이 안 빨아준 사람은 우리 둘뿐이지.
24185	*삐-* 꺼져!
24186	*삐-* 먹어!
24187	핫플레이트 켜놓고 온 것 같은데, 가봐야겠다.
24188	1달러만 주면 거의 다 해주지.
24189	그 대사는 너무 *삐-* 쉬운 드립이라 그냥 무시할게.
24190	근데 다음에 누가 너한테 돈 주면, 그 소나무 방향제 하나 사서 목에 걸고 다닐래?
24191	너 냄새가 완전 *삐-* 같거든.
24192	넌 안 마시냐?
24193	아니.
24194	네 그 *삐-* 같은 못생긴 얼굴 때문에 거울 지나칠 때마다 마셨을 거다.
24195	누가 할 소리를.
24196	준다고 해도 돈은 받아야지.
24197	솔직히 말해서 네 얼굴 봐야 하는 불쌍한 *삐-*들한테 술을 사줘야 하는 거 아니냐.
24198	안 그러면 그 사람들이 하루를 어떻게 버티겠어?
24199	나도 부랑자긴 해도, 적어도 *삐-*자식은 아니거든.
24200	*히끅* 그 얘긴 안 해...
24201	나도 그 *삐-* 자식 싫어했어.
24202	진짜?
24203	그래, 그 *삐-* 같은 거만한 속물이 내 장난감 만드는 건 격이 안 맞는다고 생각했거든.
24204	내 인생에서 제일 짭짤했을 계약을 취소해버렸다고, 그 *삐-* 놈이.
24205	아니, 그 인간은 분명 어딘가 잘못된 게 있었어.
24206	그래, 안됐지, 그 물러터진 *삐-* 같은 동생 프랭클린이 사라진 것도.
24207	걘 좋은 *삐-* 거래를 알아볼 줄 알아서 인형을 만들고 싶어 했었지.
24208	멍청한 *삐-* 척은 고집불통이라 장난감 만드느니 공장을 죽여놓는 쪽을 택했지, 그 고집 센 *삐-* 놈.
24209	그리고 내가 프랭클린을 찾기만 하면, 나 버려두고 튄 그 비쩍 마른 *삐-* 목을 비틀어버릴 거야!
24210	안녕하세요, 애청자님. KSCUM 생방송입니다.
24211	여보세요오오오~!
24212	여보세요.
24213	거기 누구 있어요?
24214	저 여기 있어요! 진짜 있다고요!
24215	실제 참가자분들을 위해 회선 좀 비워주세요, 숨소리랑 신음소리만 들리네요.
24216	세 문제 중 두 문제를 맞히면 씸블콘 '87 티켓 네 장을 드립니다.
24217	첫 번째 문제는...
24218	포기할게요.
24219	죄송하지만, 정답이 아니에요.
24220	정답입니다!
24221	두 번째 문제입니다...
24222	포기할게요.
24223	아쉽네요, 그건 정답이 아니에요.
24224	맞히셨어요!
24225	그리고 마지막 문제입니다...
24226	포기할게요.
24227	아니에요. 그건 정답이 아니에요.
24228	맞히셨어요!
24229	얼마나 잘하셨는지 볼까요.
24230	세 문제 중 세 문제를 맞히셨어요. 완벽한 점수네요!
24231	세 문제 중 두 문제를 맞히셨어요. 우승하기에 충분해요!
24232	세 문제 중 한 문제를 맞히셨어요. 우승하기엔 부족하네요.
24233	세 문제 중 하나도 못 맞히셨어요. 80년대를 자면서 보내셨나요?
24234	죄송하지만, 티켓은 못 받으시겠네요.
24235	다음엔 더 잘하실 수 있을 거예요.
24236	씸블콘 '87 티켓 네 장에 당첨되셨습니다!
24237	에드먼드 호텔 프런트 데스크에서 받아가세요.
24238	성함이 어떻게 되세요?
24239	어... 제 이름이요?
24240	감사합니다, 축하드려요!
24241	안타깝네요. 다음엔 더 잘하실 수 있을 거예요.
24242	이제 다시 저희의 정규 전파 강탈 방송으로 돌아가겠습니다.
24243	누구 있어요?
24244	와아아아일!!!
24245	우와아아!!!
24246	우우우우!!!
24247	모오오안!!!
24248	무하하하!!!
24249	으으으음!!!
24250	절마아앙!!!
24251	하아우우울!!!
24252	우우우우우!!!
24253	후우우욱!!!
24254	끄아아아악!!!
24255	우우!!!
24256	또 너야?
24257	너처럼 들리는데, 확실친 않네.
24258	이전이랑 같은 음란전화범인 게 거의 확실하군.
24259	너 맞구나!
24260	그래, 계속 신음이나 내봐. 내가 잡고 만다.
24261	그래. 나 *삐-* 음란전화범 맞아.
24262	네. 저는 친절한 음란전화범이에요.
24263	*삐-* 피자 두 판 줘.
24264	피자 두 판 포장 주문하고 싶은데요?
24265	내 *삐-* 쓰레기 더미 넣을 계좌 하나 열고 싶은데.
24266	계좌를 하나 열고 싶은데요.
24267	*삐-* 잘못 걸었다.
24268	죄송해요. 잘못 걸었어요.
24269	아니, 아닌 것 같은데.
24270	음란전화범은 온갖 지저분한 소리랑 신음을 낸다고.
24271	번호를 잘못 누르신 것 같은데요.
24272	여긴 은행이에요.
24273	제 시간 낭비하시는군요.
24274	안 믿기는데요.
24275	제발 제 시간 좀 그만 낭비하세요.
24276	이제. 됐고. 끊어요.
24277	일단 뭘 하려면 그 디스크부터 찾아야겠어.
24278	PASSWORD
24279	ABC123
24280	123456789
24281	HU96N4DGDY9X
24282	CHUCK123
24283	PILLOWTRON1
24284	DELORES
24285	BEEPYOU
24286	비밀번호가 뭔지 전혀 모르겠군.
24287	비밀번호가 뭔지 하나도 모르겠네.
24288	척 삼촌이라면 비밀번호를 어딘가 안전한 곳에 보관해뒀을 텐데.
24289	이놈의 *삐-* 컴퓨터! *삐-* 이거 다 집어치워!
24290	로그인 실패.
24291	비밀번호: ********
24292	마지막 로그인: 8일 전, 터미널 1번에서
24293	마지막 로그인: 0일 전, 터미널 1번에서
24294	디렉토리
24295	공장 상태
24296	틱택토
24297	어드벤처 (척 모드)
24298	로그아웃
24299	이제 컴퓨터는 충분히 한 것 같다.
24300	당신 차례입니다...
24301	맨 윗줄
24302	가운데 줄
24303	맨 아랫줄
24304	틱택토는 이제 질렸어.
24305	왼쪽 칸
24306	가운데 칸
24307	오른쪽 칸
24308	이런, 실수했다.
24309	잘못된 수입니다.
24310	생각 중...
24311	당신의 승리!
24312	당신의 패배!
24313	무승부!
24314	콜로설 던전 케이브 퀘스트 II에 오신 것을 환영합니다
24315	론 길버트 작성 및 프로그래밍
24316	저작권 1981
24317	(척 에드먼드 모드 적용)
24318	당신은 눅눅하고 축축한 방에서 깨어난다.
24319	~1
24320	바닥은 단단한 돌바닥이다.
24321	희미한 빛이 서쪽에 보인다.
24322	~2
24323	서쪽으로 간다
24324	동쪽으로 간다
24325	북쪽으로 간다
24326	주변을 둘러본다
24327	텍스트 어드벤처는 취향이 아니라서, 그만둔다.
24328	당신은 어두운 방으로 걸어 들어간다.
24329	번쩍이는 빛이 보이는 순간,
24330	가시가 당신의 랜턴에 반사된다.
24331	하지만 이미 늦었다, 당신은 반응할
24332	시간도 없이 꿰뚫린다.
24333	당신은 어두운 방 안에서 몇 시간 동안
24334	누워 있고, 피가 천천히 혈관에서
24335	빠져나간다. 의식이 서서히
24336	희미해지면서, 당신은 여기 오게 된
24337	이유를 곰곰이 생각해본다. 무엇이 당신을
24338	이 죽음의 어두운 방으로 이끌었는가. 정말로
24339	선택의 여지가 있었는가, 아니면 그 선택은
24340	다른 이들에 의해 이미 정해져 있었는가? 모든 것이
24341	명확해지려는 순간, 죽음이 모든 것을
24342	삼키고 아무것도 남지 않는다. 아무것도
24343	~3
24344	~4
24345	정말 어이없는 결말이네.
24346	이 결말은 정말 생각할 거리를 많이 주는군.
24347	북쪽으로는 나가는 길이 없다.
24348	~5
24349	당신은 길고 좁은 돌 복도에 있으며 동쪽과
24350	서쪽으로 출구가 있다.
24351	죽음의 냄새가 난다.
24352	~6
24353	당신은 큰 방 안에 있고 위쪽 구멍에서
24354	빛줄기가 들어오고 있다. 북쪽에서
24355	강물 소리가 들린다.
24356	~7
24357	빛 쪽으로 간다
24358	구멍은 손이 닿기엔 너무 높다.
24359	~8
24360	길은 막다른 곳으로 이어진다. 남쪽에서
24361	들어온 길 말고는 나갈 방법이 없다.
24362	벽에는 기이한 동굴 벽화가
24363	그려져 있다.
24364	~9
24365	남쪽으로 간다
24366	벽화를 살펴본다
24367	"피즈럼"이라고 말한다
24368	"피즈스컴"이라고 말한다
24369	아무 일도 일어나지 않는다.
24370	~10
24371	로봇들에게 겁에 질려 도망치는 인간들을
24372	묘사한 기이한 벽화다. 다른 인간들은
24373	조이스틱으로 로봇을 조종하며
24374	웃고 있는 것처럼 보인다.
24375	~11
24376	플레이해주셔서 감사합니다.
24377	프로그램을 찾을 수 없습니다.
24378	안녕하세요! 관심 있으실 만한 거 있으세요?
24379	만화책이랑 D&D 매뉴얼, 오리지널 스타트렉 대본 초안 팔고 있어요.
24380	그리고 '콜로설 던전 케이브 퀘스트 II'라는 잊혀진 텍스트 어드벤처의 희귀하고 값을 매길 수 없는 공략집도 있어요.
24381	그 *삐-* 공략집 얼마야?
24382	관심 있는 건 아닌데, 그 공략집 얼마야?
24383	그냥 궁금해서 그러는데, 공략집 얼마예요?
24384	공략집 얼마예요?
24385	그 *삐-* 멍청한 *삐-* 공략집이랑 교환은 어때?
24386	공략집이랑 뭐 교환할 수 있을까요?
24387	나는 내 *삐-* 만화책만 읽어.
24388	이 만화책들 다 읽어봤어요.
24389	나 만화책 안 읽어.
24390	저 만화책 안 읽어요.
24391	예전에 *삐-* D&D 때문에 어떤 애를 울릴 때까지 놀렸었지.
24392	저 7레벨 마법사 있어요. 더그가 D&D 진행 잘해요.
24393	D&D가 뭔지 모르겠는데.
24394	D&D가 뭔지 모르겠어요.
24395	그 빨간 스판덱스 입은 덩치가 스타트렉 대본에 관심 있을지도.
24396	저 스타트렉 완전 좋아해요. 엔터프라이즈호에서 살고 싶어요.
24397	*삐-* 잘 있어.
24398	안녕히 계세요.
24399	네.
24400	'콜로설 던전 케이브 퀘스트 II' 공략집은 값을 매길 수 없어요. 그냥 영혼만 팔면 하나 드릴게요.
24401	영혼 팔아서 내 문제가 해결될 거였으면, *삐-* 진작에 팔았지.
24402	심지어 테스터들이 못 잡은 버그 때문에 컴퓨터를 다운시키는 비밀 단어도 들어있어요.
24403	*삐-* 대단하네.
24404	좋은 테스터 구하기 힘들지만, 그만한 가치는 있죠.
24405	무슨 소린지 하나도 모르겠는데.
24406	게임 테스트하는 거 힘든 일 같네요.
24407	내 *삐-* 초판 만화책 좀 봐, 나잖아!
24408	완전 *삐-* 재산 가치 있을 텐데.
24409	이 초판 랜섬 만화책 좀 봐요.
24410	이거 값나가는 거예요?
24411	교환할 게 뭐가 있으세요?
24412	비꼬는 말 한마디?
24413	친절한 미소?
24414	*삐-* 죽여주는 욕 한마디?
24415	친절한 미소?
24416	렌치 그려진 피전 배관 카드요?
24417	어드벤처 게임 미끼 단서 한 무더기요?
24418	초판 랜섬 만화책이요?
24419	당신이 흥미로워할 만한 건 없어요.
24420	우와! 초판 랜섬 더 클라운 만화책이네요! 그 완전히 무너진 사건 이후로, 이거 소장가치 있는 아이템이 됐거든요!
24421	당신도 거의 저 사람처럼 생겼는데, 코스튬이 좀 후지네요.
24422	이거랑 그 값을 매길 수 없는 '콜로설 던전 케이브 퀘스트 II' 공략집이랑 바꿔드릴게요!
24423	죄송하지만, 그건 '콜로설 던전 케이브 퀘스트 II' 공략집이랑 바꿀 만한 가치는 안 되네요.
24424	완전 *삐-* 사기네.
24425	고마워요!
24426	안녕히 가세요.
24427	그르르릉!! 아아악!!!
24428	그 누구도... 티켓을 먼저 보여주지 않고는 통과할 수 없다!
24429	아 물론, 씸블콘에 오신 걸 환영한다!
24430	여기 제 티켓이요.
24431	여기 내 *삐-* 티켓.
24432	티켓은 어떻게 받아요?
24433	*삐-* 티켓은 어떻게 받는데?
24434	안녕히 계세요.
24435	라디오에서 티켓 따는 대회를 하고 있다.
24436	발표할 때 전화 걸어서 운을 시험해볼 수 있지.
24437	라디오 대회 우승자는 리셉션에서 티켓을 받을 수 있다.
24438	라디오 대회 우승자를 찾으면, 무료 티켓을 줄지도 모른다.
24439	그레이스컬의 힘으로, 그대를 환영하노라.
24440	씸블콘에 뭔가 특별한 행사 있어요?
24441	랜섬 닮은꼴 대회는 누가 참가할 수 있어요?
24442	랜섬 닮은꼴 대회 상품이 뭐예요?
24443	랜섬 닮은꼴 대회 심사위원은 누구예요?
24444	씸블콘은 몇 시까지 열어요?
24445	씸블콘 좀 구경하러 가볼게요.
24446	이 멍청한 콘에서 대체 뭐가 *삐-* 할 만한 거야?
24447	랜섬 닮은꼴 대회는 누가 *삐-* 참가할 수 있는데?
24448	랜섬 닮은꼴 대회 *삐-* 상품이 뭔데?
24449	랜섬 닮은꼴 대회 *삐-* 심사는 누가 하는데?
24450	이 *삐-* 콘은 몇 시까지 하는데?
24451	*삐-* 이제 갈 거야.
24452	곧 랜섬 더 클라운 닮은꼴 대회가 열린다.
24453	자신이 랜섬 더 클라운을 닮았다고 생각하는 누구나.
24454	그러니 아마 그대는 아니겠지.
24455	무슨 소리야? 내가 *삐-* 랜섬 더 클라운이라고!
24456	그렇다고 치지.
24457	1등 상품은 메가 메가 토이 컴퍼니와의 라이선스 계약이다.
24458	2등 상품은 안면 재건 수술 상품권이다.
24459	3등 상품은 사이켄의 이지 리스닝 테레민 음반이다.
24460	나다!
24461	매년 문지기에게 주어지는 영예 중 하나지.
24462	묻기 전에 미리 말하는데, 뇌물은 안 받는다.
24463	우리는 밤새 연다! 언제든 들러라.
24464	새 메시지가 하나 있습니다.
24465	메시지 하나...
24466	누군지 알 텐데.
24467	우리 목표 달성에 거의 다다랐겠군.
24468	프런트 데스크로 소포를 하나 보냈어.
24469	다음 단계에 필요한 거야.
24470	사요나라.
24471	안녕, 엄마야.
24472	아빠에 대해 나한테 했던 옛날 약속 기억하지?
24473	프런트 데스크로 소포 하나 보냈어.
24474	우리 계획에 꼭 필요한 거야.
24475	밥 잘 챙겨 먹고 곧 전화해.
24476	걱정된다. 뽀뽀 쪽.
24477	우리가 지켜보고 있다.
24478	더 이상 새 메시지가 없습니다.
24479	오늘 밤 랜섬 닮은꼴 대회를 보러 와주셔서 모두 감사합니다!!
24480	오늘 밤 정말 대단한 관객분들이 와주셨네요!
24481	저놈은 뭐야? *삐-* 눈이 삔 거야?
24482	여기 냄새가 지독하네요.
24483	네, 그게...
24484	오늘 밤 훌륭한 참가자들이 모인 것 같습니다...
24485	그리고 그다지 훌륭하지 않은 참가자들도요.
24486	하지만 그건 제가 판단하겠습니다!
24487	맞습니다, 참가자들이 저희를 웃기려 하는 걸 제가 심사하겠습니다!
24488	첫 번째 참가자, 코리입니다!
24489	나는 랜섬 더 재수없는 클라운이다!
24490	나는 머리가 커!
24491	그 망토 참 대단하네, 꼬맹아.
24492	나는 모자가 싫어!
24493	너희들 전부 똥머리들이야!
24494	과일, 젠장, 이런 참!
24495	랜섬 더 *삐-* 욕쟁이 클라운이야, 이 멍청아!
24496	그런 식으로 말하는 거 안 착해.
24497	저 사람 진짜 그래요! 어머! 완전 웃기네요!
24498	나 지금 *삐-* 뭔가 놓치고 있는 거야?
24499	네 엄마가 사랑을 담아 만들어준 거 같은데.
24500	곧 배트맨 닮은꼴 대회도 있으면 좋겠네.
24501	거기서 확실히 우승할 거야. 완전 그럴듯해!
24502	*삐-* 지금 장난하냐.
24503	그건 욕이 아니라, 형편없는 칭찬이었어!
24504	그게 너가 나에 대해 아는 유일한 *삐-* 사실이야?
24505	너 누군데?
24506	내가 *삐-* 왜 신경 쓰는지 모르겠다.
24507	곰돌이 푸처럼, 넌 꿀단지처럼 달콤하네!
24508	*삐-* 절대 아니야.
24509	헤헤헤... 방금 젠장이라고 했어요!!
24510	다들 *삐-* 몇 살이야? 마이너스 2살?
24511	너희들 그 베개 공장 *삐-* 엄청 좋아하지!
24512	너희가 죄다 뚱보 떼거리가 아니라는 게 놀라울 지경이야!
24513	너희 전부 근친상간으로 태어난 괴짜들이잖아!
24514	팀블위드 파크는 *삐-* 속물들 천지야!
24515	너희들은 이 척이라는 놈한테 완전 집착하는구먼!
24516	그 *삐-* 트론 기계들은 대체 뭔 사연이야?
24517	너희 *삐-*들 그 니켈 뉴스라는 걸레 신문 읽지?
24518	나는 팀블위드 호텔에 묵고 있는데...
24519	너희들 돈은 많은데 상식은 없구먼.
24520	이보다 더 후진 동네 명물은 본 적이 없어!
24521	베개 공장은 몇 년 전에 문 닫았거든요!
24522	무대에서 내려가세요!!
24523	뚱보?! 그거 엄청 상처 주고 저속한 말이에요.
24524	그런 건 점잖은 사람이라면 공공장소에서 말 안 해요.
24525	부인하려 하지 마, 보안관이랑 검시관이랑 호텔 매니저까지 다 봤으니까.
24526	보안관, 검시관, 호텔 매니저는 다 각자 다른 분들이고 나름대로 다 멋진 분들이에요!
24527	마을을 돌아가게 해주는 거 감사해야죠!
24528	여긴 어찌나 고상한지 부랑자들이 관광객한테 돈을 줘서 더 좋은 옷을 사 입게 한다니까!
24529	아무도 부랑자한테 돈 안 줘요!
24530	다들 우리처럼 남은 걸로 먹고 살아요.
24531	진지하게, *삐-* 맨슨 패밀리 이후로 이런 세뇌는 처음 보네!
24532	그런 식으로 죽은 사람 얘기하는 거 무례한 거 몰라요?
24533	특히 잘못 없는 척 에드먼드한테는요!
24534	트론 기계들은 우리 마을을 셀 수 없이 많이 구해줬어요.
24535	안 믿을 이유가 없죠.
24536	화장지로 쓰고 싶은데 그 신문에 더 이상 *삐-* 실을 자리가 없을 것 같아서 말이야.
24537	그냥 변기에 자기 자신을 흘려보내지 그래요?
24538	몇 년 전에 여기서 쫓겨났잖아요!
24539	정문은 대체 어떻게 통과한 거예요?
24540	그거 완전 자기 얘기하는 것 같은데요!
24541	근데 당신은 그 두 가지 다 마이너스잖아요!
24542	*삐-* 배은망덕한 것들.
24543	누군가는 농담 좀 업데이트해야겠네요.
24544	이제 마지막 참가자, 코리입니다!
24545	*블룹* *블루우웁* *블립* *블룹*
24546	척이 최고의 인간 아니었나요?
24547	오늘 밤 정말 사랑스러운 관객분들이네요!
24548	제 농담으로 여러분 모두를 인질로 잡겠어요!
24549	여러분 다 바보들이에요!
24550	짜잔!
24551	*삐-* 됐고 그냥 *삐-*이지, 무슨 *삐-* 블룹이야!
24552	못되게 굴지 마!
24553	안 그래요?!
24554	그래? 그리고? *삐-* 펀치라인은 어디 있는데?
24555	펀치라인이요? 무슨 말씀이세요?
24556	여러분 같은 특별하고 멋진 분들을 만나게 되어 너무 기대돼요.
24557	이거 진짜 *삐-* 믿기지가 않네.
24558	영리하네요!
24559	하하하! 랜섬, 몸값. 완전 똑똑하네요!
24560	그래도 여전히 사랑스럽잖아요!
24561	*삐-* 그냥 날 죽여줘.
24562	우승자를 정하는 데 오래 안 걸릴 것 같네요...
24563	1등은...
24564	당연히...
24565	코리입니다!
24566	어머! 감사합니다!!
24567	코리는 메가 메가 토이 컴퍼니와의 라이선스 계약에 당첨됐습니다.
24568	저는 귀여운 복슬복슬 강아지를 만들 거예요!
24569	그건 그냥 장난감 가게 가면 *삐-* 이미 살 수 있잖아!
24570	2등은 코리입니다!!
24571	당연히 *삐-* 조작됐겠지.
24572	완전히, *삐-* 짜고 친 거야.
24573	코리를 상대로 누가 이길 수 있겠어요?!
24574	그의 1등 다음 2등이라니 영광이네요.
24575	안면 재건 수술 상품권에 당첨되셨습니다.
24576	완전 신나요! 제 영웅 마이클 잭슨처럼요!
24577	그럼 3등이자 마지막 자리는...
24578	그런데 성함이 어떻게 되셨죠?
24579	*삐-* 랜섬이라고, 이 멍청아.
24580	오... 당신 이름도 랜섬이라고요?
24581	그거 참 이상한 우연이네요.
24582	안타깝게도 연기가 별로 그럴듯하지 않았네요.
24583	*한숨*, *삐-* *한숨*.
24584	그래서 3등은 이름도 형편없는 '랜섬'에게 돌아갑니다.
24585	사이켄의 이지 리스닝 테레민 음반에 당첨되셨습니다.
24586	노력하신 분들께 축하드립니다!
24587	얘기할 시간 없어요.
24588	이 변기가 왜 오작동하는지 알아보려는 중이에요.
24589	잠깐만요, 여기서 뭐 하시는 거예요? 저희 렌치트론 3000™은 어디 있어요?
24590	어... 여기 있어요.
24591	고마워요. 이제 가보시는 게 좋겠네요.
24592	얘기할 시간 없어요.
24593	이 변기가 왜 오작동하는지 알아보려는 중이에요.
24594	잠깐만요, 여기서 뭐 하시는 거예요? 저희 렌치트론 3000™은 어디 있어요?
24595	어... 몰라요. 저한테 없어요.
24596	요즘 사람들이란...
24597	렌치트론 3000™을 아무나 쉽게 가져갈 수 있는 데 놔두면... 진짜 가져간다니까요!
24598	얘기할 시간 없어요.
24599	이 변기가 왜 오작동하는지 알아보려는 중이에요.
24600	병 속의 우주선! 수제품이에요!
24601	그 우주선들은 어떻게 그렇게 *삐-* 작게 만드는 거야?
24602	그 햄버거 먹고 아직도 *삐-* 속 안 좋지!
24603	다 큰 남자가 *삐-* 우주복 입고 뭐 하는 거야?
24604	그 *삐-* 우주선들 얼마야?
24605	무료 우주선 받으려면 대답해야 하는 그 *삐-* 질문이 뭔데?
24606	다시 그 *삐-* 질문 풀어서 무료 *삐-* 우주선 딸 수 있게 해줘?
24607	다시 질문 풀어서 무료 *삐-* 우주선 딸 수 있게 해줄래요?
24608	*삐-* 먹어.
24609	그 우주선들은 어떻게 그렇게 작게 만드는 거예요?
24610	도구 가지러 가시는 동안 제가 가판대 좀 봐드릴까요?
24611	도구 대신 뭘 원하세요?
24612	이 햄버거 드실래요?
24613	지금은 좀 어때요? 햄버거 하나 더 드려요?
24614	빨리 나으시길 바라요.
24615	우주선들 얼마예요?
24616	무료 우주선 받으려면 무슨 질문에 대답해야 해요?
24617	다시 그 질문 풀어서 무료 우주선 딸 수 있을까요?
24618	무료 우주선 따려고 질문 풀어봐도 돼요?
24619	안녕히 계세요.
24620	저는 보석/시계 수리공들이 쓰는 것과 같은 도구를 써요.
24621	그래야 광자 어뢰 하나하나를 조심스럽게 배치할 수 있거든요.
24622	그 멍텅구리 어뢰나 네 *삐-* 속에 넣어!
24623	그 보석 도구 좀 빌릴 수 있을까요?
24624	제 방에 있는데, 저는 저녁 먹으러 이 테이블도 못 떠나요.
24625	선생님, 그런 질문 하시기엔 여기가 틀린 장소네요.
24626	그런 발언은 안 듣겠습니다, 선생님.
24627	안녕히 가세요.
24628	제 부스를 맡으려면 스타트렉에 대해 많이 알아야 해요.
24629	임펄스 엔진으로는 엔터프라이즈가 은하를 건너는 데 40만 년이 걸린다는 거 아셨어요?
24630	어... 그게...
24631	사실, 알아요.
24632	아니면 갤럭시급 엔터프라이즈가 컨스티튜션급보다 353.5미터 더 길다는 것도요?
24633	아뇨, 근데...
24634	네, 알아요.
24635	음... 분명 모르시는 게 훨씬 많을 거예요.
24636	보시다시피, 당신 같은 무지렁이한테 제 가판대를 맡길 수 없다는 게 뻔하네요.
24637	...근데 저녁을 가져다주신다면, 뭔가 해드릴 수 있을지도요...
24638	음... 저 사실 햄버거가 정말 당기네요.
24639	핫도그는 어때요?
24640	아뇨. 절대 안 돼요. 햄버거가 필요해요.
24641	햄버거 가져다주시면 뭘 해드릴 수 있을지 볼게요.
24642	당신 급여로는 감당 못 할 만큼 비싸요.
24643	근데 오늘은, 특별 이벤트를 하고 있어요.
24644	이 질문 하나만 맞히시면, 병 속 우주선을 무료로 드릴게요.
24645	경고: 딱 한 번의 기회만 있어요.
24646	역대 최고의 SF 쇼가 뭘까요?
24647	스타워즈.
24648	배틀스타 갤럭티카.
24649	스타트렉.
24650	아직 안 만들어졌어요.
24651	없어, 다 *삐-* 멍청한 것들이야.
24652	생각 좀 해보고 다시 말씀드릴게요.
24653	축하합니다!
24654	스타십 이자벨라 복제품에 당첨되셨어요.
24655	틀렸어요.
24656	이미 기회는 있으셨어요.
24657	고객 한 분당 한 번만이에요.
24658	하루에 병 속 우주선 무료 증정은 딱 하나뿐이에요.
24659	내일 다시 오시면 또 기회 있어요.
24660	근데 저 내일은 여기 없을 텐데요.
24661	근데 나 내일 *삐-* 여기 없을 건데!
24662	제 문제는 아니네요.
24663	이거 고쳐줄 수 있어요?
24664	제 호텔 방에 도움이 될 만한 도구가 있어요.
24665	근데 저는 시계 고치는 기술은 없어요.
24666	배고파 보이시네요, 이 버거 드실래요?
24667	고마워요! 딱 원하던 거예요.
24668	*씹* *씹*
24669	맛있어요!
24670	{notalk}*꿀꺽*
24671	음. *꺽* *욱*
24672	저... 어...
24673	{notalk} *꾸억*
24674	...방에 좀 다녀와야겠어요.
24675	햄버거요? 어떻게 그런 말을?
24676	오.. 윽... 안 좋은 기억이...
24677	저... 어...
24678	{notalk} *꾸억*
24679	...방에 좀 다녀와야겠어요.
24680	고마워요.
24681	이보다 더 좋은 병 속 우주선은 못 찾으실 거예요!
24682	2 더하기 2가 뭐예요?
24683	5936 곱하기 5546이 뭐예요?
24684	67의 제곱근이 뭐예요?
24685	파이의 마지막 자리 숫자가 뭐예요?
24686	로봇 3원칙 알아요?
24687	더 구체적으로요. 로봇 3원칙이 뭐예요?
24688	'1999년처럼 파티하기'는 그중 하나가 아닐 것 같은데요.
24689	로봇 3원칙이 뭐예요?
24690	미네소타 덜루스에서 펜실베이니아 필립스버그까지 거리가 얼마예요?
24691	지구에서 태양까지 몇 마일이에요?
24692	가장 가까운 은하까지 몇 마일이에요?
24693	우드척이 나무를 던질 수 있다면 얼마나 많은 나무를 던질까요?
24694	인생의 의미가 뭐예요?
24695	왜 무가 아니라 유가 존재하나요?
24696	우리한테 자유의지가 있나요?
24697	신은 존재하나요?
24698	우리가 뭔가를 어떻게 알 수 있죠?
24699	정말 뭔가를 객관적으로 경험할 수 있나요?
24700	당신의 주요 기능을 설명해주세요.
24701	혈액 샘플은 어떻게 채취해요?
24702	지문은 어떻게 채취해요?
24703	시체 사진은 어디서 구해요?
24704	적법 절차랑 공정한 재판은요?
24705	체포 영장 발부되면 그다음엔 뭐가 일어나요?
24706	혈액 샘플은 어떻게 분석해요?
24707	알려진 범죄자 등록부는 어디서 찾아요?
24708	피해자한테서 어떤 종류의 공식 신분증이 필요해요?
24709	다른 트론 3000™ 기계들은 어디서 찾을 수 있어요?
24710	이 정도면 충분히 컴퓨팅했네요, 로그아웃할 시간이에요.
24711	가봐야겠어요, 당신 CPU가 아마 엄청 뜨거워지고 있을 텐데요.
24712	리턴 옵코드 실행하고 이제 나가볼게요.
24713	고마워요, 가서 그 쓰레기 범죄자 잡아야 해서요.
24714	Ctrl+Alt+Del
24715	4입니다.
24716	3천292만 1천56입니다.
24717	8점 1853527772입니다.
24718	계산 중...
24719	계산 중...
24720	계산 중...
24721	계산 중...
24722	계산 중...
24723	계산 중...
24724	5입니다.
24725	아니, 잠깐만... 7입니다.
24726	네.
24727	첫째.
24728	로봇은 인간에게 해를 끼쳐서는 안 되며, 행동하지 않음으로써 인간이 해를 입도록 방치해서도 안 된다.
24729	둘째.
24730	로봇은 제1원칙에 위배되지 않는 한 인간이 내리는 명령에 복종해야 한다.
24731	셋째.
24732	로봇은 제1원칙과 제2원칙에 위배되지 않는 한 자신의 존재를 보호해야 한다.
24733	넷째.
24734	1999년처럼 파티하기.
24735	그래야 할 것 같네요.
24736	1,017마일입니다.
24737	지구에서 태양까지 평균 거리는 9만 3천 마일입니다.
24738	근일점에서는요?
24739	원일점에서는요?
24740	과학은 지루하네요.
24741	안드로메다 은하는 약 200만 광년 떨어져 있습니다.
24742	진심이에요?
24743	어드벤처 게임을 너무 많이 하셨네요.
24744	가장 가까운 궤도에서, 태양은 지구로부터 9천140만 마일 떨어져 있습니다.
24745	궤도상 가장 먼 지점에서, 지구는 태양으로부터 9천450만 마일 떨어져 있습니다.
24746	"삶은 뒤를 돌아보아야 이해할 수 있다. 하지만 앞을 보고 살아가야 한다." - 쇠렌 키르케고르
24747	"뭔가는 반드시 있어야 한다." - 비드 런들
24748	"신은 모든 것을 다 하려 하지 않으시니, 그로써 우리의 자유의지와 우리 몫의 영광을 빼앗지 않으신다." - 니콜로 마키아벨리
24749	"신이 존재하지 않는다면, 신을 만들어낼 필요가 있을 것이다." - 볼테르
24750	"사람들은 자신이 가장 완벽한 지식을 가졌다고 생각하는 경우에 오히려 길을 잃는다." - 데카르트
24751	"이 세상 그 누구의 지식도 자신의 경험을 넘어설 수 없다." - 존 로크
24752	블러드트론 3000™의 주요 기능은...
24753	...특허 출원 중...
24754	...혈액 샘플과 피 묻은 물건을 분석해서 용의자 체포를 확실히 하는 것입니다.
24755	시체에서 채취한 혈액 샘플과 피 묻은 물건을 넣으면 블러드트론 3000™이...
24756	...양성 일치를 확인하고 보고서를 발행합니다.
24757	시체에서 채취한 혈액 샘플과 피 묻은 물건을 넣으면 제가...
24758	...그러니까 블러드트론 3000™이, 양성 일치를 확인할 겁니다.
24759	면봉이나 다른 흡수성 재질을 구해서 혈액을 좀 묻히세요.
24760	자, 이건... 그렇게 어려운 일이 아니에요.
24761	로그아웃되었습니다.
24762	핑거트론 3000™의 주요 기능은 지문을 분석하고 알려진 범죄자 등록부에서 일치하는 걸 찾는 것입니다...
24763	...그리고 아레스트트론 3000™용 보고서를 생성합니다.
24764	특허 출원 중.
24765	공식 정부 지급 지문 테이프를 사용해서, 지문이 있는 물건에 붙이면 지문이 전사됩니다.
24766	경찰 학교는 다녀오셨죠?
24767	아니면 TV에서 형사 드라마라도 보셨나요?
24768	이 근처 어딘가에 있을 겁니다.
24769	이 사건 전체를 대신 풀어드리진 않을 거예요.
24770	당신은 아마 공략집 쓰는 그런 부류의 사람이겠죠, 안 그래요?
24771	동면 상태로 진입합니다.
24772	페이스트론 3000™의 주요 기능은 시체 사진을 분석해서 공식 사진 신분증과 비교해 피해자의 신원을 확실히 확인하는 것입니다.
24773	공식 법 집행용 카메라를 구하세요...
24774	...그다음 카메라를 시체에 사용하세요.
24775	페이스트론 3000™은 피해자의 사진이 들어간 공식 정부 신분증이 필요합니다.
24776	운전면허증 같은 거요?
24777	여권 같은 거요?
24778	조종사 면허증 같은 거요?
24779	버거샥 멤버십 카드 같은 거요?
24780	네, 뭐든요.
24781	서브루틴이 종료됩니다.
24782	아레스트트론 3000™의 주요 기능은 블러드트론 3000™, 핑거트론 3000™, 페이스트론 3000™의 보고서를 받아서...
24783	...명백히 유죄인 용의자에게 체포 영장을 발부하는 것입니다.
24784	아레스트트론 3000™이 체포 영장을 발부하면, 그 쓰레기 범죄자는 체포되어 수감되고, 석방 가능성 거의 없이 번호판 만드는 노역을 하게 됩니다.
24785	형사, 요원, 혹은 법 집행 인력의 임무는 끝났습니다.
24786	유죄가 아니었다면, 애초에 체포되지 않았을 겁니다.
24787	아레스트트론 3000™은 절대 틀리지 않습니다.
24788	재판을 생략하면 가족들의 고통과 수백만 달러의 소송 비용을 아낄 수 있습니다.
24789	아레스트트론 3000™은 오류가 없습니다.
24790	아레스트트론 3000™
24791	아레스트트론 3000™
24792	코어 덤프 진행 중...
24793	재부팅 중...
24794	척Ux 3.4 로딩 중...
24795	드라이버 로딩 중...
24796	himem.sys 로딩 중...
24797	아레스트트론 3000™에 오신 것을 환영합니다
24798	64K RAM SYSTEM 38911 BASIC BYTES FREE
24799	준비됨.
24800	블러드트론 3000™, 핑거트론 3000™, 페이스트론 3000™은 검시관 사무실에서 찾을 수 있으며, 아레스트트론 3000™과 동일한 정교한 음성 및 AI 처리 능력을 갖추고 있습니다.
24801	천재 척 에드먼드의 산물인 다른 트론 기계들은 마을 곳곳에서 찾을 수 있으며 여러분을 위해 여기 있습니다.
24802	프로그램을 닫습니다.
24803	무례하게 굴려는 건 아닌데 랜섬 씨, 저희 닮은꼴 대회 캐릭터에 몰입하려는 중이라서요.
24804	얘는 코리예요...
24805	...그리고 얘는 코리예요.
24806	무례하게 굴려는 건 아닌데 랜섬 씨, 저희 닮은꼴 대회 캐릭터에 몰입하려는 중이라서요.
24807	네, 그러니까...
24808	...저리 가세요!
24809	하, 좋았어 코리. 잠깐 진짜 랜섬 더 클라운인 줄 알았잖아.
24810	*삐-* 아마추어들이네.
24811	우와! 욕까지 할 필요는 없잖아요.
24812	그리고 코스튬이나 좀 제대로 해. 노력도 안 하는 것 같은데.
24813	아프네.
24814	(마시는 소리)꿀꺽 꿀꺽 꿀꺽 꿀꺽
24815	(마시는 소리)꿀꺽 홀짝 홀짝 홀짝 꿀꺽
24816	(마시는 소리)쭈우우우웁 쭙 쭙
24817	(마시는 소리)홀짝 홀짝 홀짝 홀짝
24818	(마시는 소리)날름 날름 호오옵 호오옵 꾸울꺽
24819	(마시는 소리)홀짝 홀짝 홀짝 홀짝 꿀꺽 꿀꺽
24820	(마시는 소리)쭙 꿀꺽 꿀꺽 쭙
24821	(마시는 소리)꿀꺽 끄윽 꿀꺽 끄윽 꿀꺽 끄윽
24822	(마시는 소리)스뭅 쭙 스뭅 꿀꺽 쭙
24823	(마시는 소리)꿀럭 슈욱 슈욱 슈욱 퓌이
24824	(마시는 소리)꿀꺽 홀짝 홀짝 쭙 꿀럭
24825	(마시는 소리)쭈우우우우우우우우웁 쭈우우우우우우우웁
24826	{drinking_end}아아아아아아
24827	{awake}
24828	이 근처에서 누군가를 만나기로 되어 있습니다. 누구 본 적 있습니까?
24829	정말로 아무도 못 봤습니까?
24830	미흡한 미국 사회 복지 제도의 희생자이십니까?
24831	정신 좀 차리세요, 선생님.
24832	일어나세요, 선생님.
24833	이만 가봐야겠군요. 술 한 잔 권하지 못해 유감입니다.
24834	이만 가봐야겠군요. 편히 주무세요.
24835	{awake}위스키 있어?
24836	{awake}*히끅* 위스키 좀 필요한데.
24837	{awake}*히끅* 척이 뒈져서 다행이야...
24838	{awake}내 인생 망쳐놨으니까...
24839	{asleep}*드르렁*
24840	증거를 넘겨주고 싶지 않아.
24841	이미 들고 있어.
24842	이미 들고 있어.
24843	이미 갖고 있어.
24844	이미 가진 걸 또 주울 순 없어.
24845	버리는 중...
24846	터널이야.
24847	열린 문이야.
24848	문이야.
24849	내가 보기엔 괜찮은데.
24850	내가 보기엔 괜찮은데.
24851	내가 보기엔 괜찮은데.
24852	복도야.
24853	그건 안 통하는 것 같은데.
24854	그건 안 통하는 것 같은데.
24855	그건 안 통하는 것 같은데.
24856	그건 못 밀어.
24857	그건 못 밀어.
24858	그건 못 밀어.
24859	그건 못 당겨.
24860	그건 못 당겨.
24861	그건 못 당겨.
24862	그녀는 원하지 않아.
24863	그는 원하지 않아.
24864	그들은 원하지 않아.
24865	그들은 원하지 않아.
24866	그들은 원하지 않아.
24867	그녀는 얘기할 마음이 없어 보여.
24868	그는 얘기할 마음이 없어 보여.
24869	그것한테는 말을 걸 수 없어.
24870	그것한테는 말을 걸 수 없어.
24871	그것한테는 말을 걸 수 없어.
24872	그건 줍고 싶지 않아.
24873	그건 줍고 싶지 않아.
24874	그건 줍고 싶지 않아.
24875	그건 못 열어.
24876	그건 못 열어.
24877	그건 못 열어.
24878	그건 안 닫히는 것 같은데.
24879	그건 안 닫히는 것 같은데.
24880	그건 안 닫히는 것 같은데.
24881	그녀는 너무 멀리 있어.
24882	그는 너무 멀리 있어.
24883	거기까진 손이 안 닿아.
24884	거기까진 손이 안 닿아.
24885	거기까진 손이 안 닿아.
24886	우우우우!!!
24887	아아아아.... 아아아아....
24888	누가 나한테 사악한 눈빛을 보내는 거지?
24889	레이가 또 내 어깨너머로 보고 있나?
24890	또 마담 모레나야?
24891	갑자기 살짝 쌀쌀해지네.
24892	이 크리스탈은 네 한심한 냉기 시도에 끄떡도 안 해.
24893	아이스크림 녹는 것도 겨우 막을 수준이네!
24894	그럭저럭 봐줄 만한 냉각이네.
24895	더 잘할 수 있어, 네 안에 그런 능력 있는 거 알아.
24896	호텔트론 3000™ 말고 다른 뭔가가 날 지켜보는 느낌이 들어.
24897	누가 강한 진정제를 먹었거나, 아니면 내가 헛것을 보고 있나 봐.
24898	아아! 이 땀범벅 코스튬에서 달콤한 해방감이 느껴지네.
24899	그거 차갑네. 나도 차가운 거라면 좀 알지.
24900	그거 우주만큼 차갑게 느껴지네.
24901	반응이 없네? 이상하네.
24902	아무도 없을 때 물건을 얼려봤자 만족감이 없어.
24903	거긴 뿌릴 물이 없어.
24904	그건 전기를 안 써.
24905	척은 항상 나보다 나았지.
24906	난 뭐 하나 제대로 하는 게 없어.
24907	내 장난감은 절대 만들어지지 않을 거야.
24908	레몬으로 레모네이드를 만들라고? 난 레모네이드도 안 좋아하는데.
24909	엄마는 항상 내가 별거 못 될 거라고 하셨지.
24910	파란색은 원래 내가 좋아하는 색도 아니었어.
24911	그 맛있는 샌드위치는 절대 다 못 먹겠네.
24912	그냥 어디 숨을 구멍이나 찾아야 하나?
24913	음... 그러니까... '그러니까'라고 말할 때 내가 무슨 뜻인지도 모르겠어.
24914	팀블위드 파크, 이미 진행 중인 상태로 함께합니다...
24915	이봐... 딱 한 번만 말할게, 레예스 요원.
24916	난 사건 혼자 처리하는 걸 좋아해...
24917	...그러니까 내 앞길 막지 마, 그럼 우리 둘 다 이 데모에서 빠져나갈 수 있을 테니까.
24918	칭찬으로 받아들이지.
24919	요원 규정상 시체가 더 픽셀화되기 전에 사진을 찍어야 해.
24920	이런... 이 데모 길어지겠네.
24921	수상하게 사라진 튜브
24922	골빈 튜브™ 문
24923	쩌는 튜브™ 문
24924	튜브 나라™ 문
24925	튜브-타스틱™ 문
24926	튜브 타운™ 문
24927	너 튜브™ 문
24928	AT-25 튜브
24929	이런 *삐-*, *삐-*, *삐-* 같으니! 그래도 안 되네.
24930	그래도 *삐-* 노력은 했잖아.
24931	가려움 방지 크림
24932	이거 안 줄 거야. *삐-* 이거 필요하다고!
24933	내 카우즐라릭 특허 가려움 방지약 튜브야.
24934	*삐-*, 효과 하나는 직빵이네.
24935	아직 안 돼. 너무 빨리 쓰면, 내 *삐-* *삐-*들이 떨어질 수도 있어.
24936	훨씬 *삐-* 낫네.
24937	카우즐라릭 씨는 정말 *삐-* 가려움 크림에 빠삭하다니까.
24938	아이스크림에 발라 먹어도 맛있어요!
24939	이미 *삐-* 닫혀 있어. 내가 열린 용기를 주머니에 넣고 다닐 것 같아?
24940	상자
24941	모트 유아이의 '모어토이즈' 장난 서프라이즈 상자 중 하나야.
24942	손잡이를 돌리면 경쾌한 곡이 흘러나오다가 뚜껑이 열리면서 살아있는 코브라가 튀어나와.
24943	부당 사망 소송이 시작되기 전까진 작년 시즌 최고의 장난 선물로 꼽혔었지.
24944	뱀이 상자 안에서 어떻게 살아있는 걸까? 모르는 게 나을 것 같아.
24945	상자 속 뱀이야!
24946	손잡이가 달린 상자야.
24947	상자 속 뱀
24948	무대 문
24949	(sadly?)저 밖엔 텅 빈 무대뿐이야.
24950	대포
24951	난 어설픈 해적 놀이 하는 사람 아니야, 저런 데 절대 안 들어가.
24952	게다가, 꽤 녹슬었고, *삐-* 쥐 *삐-*로 가득해.
24953	메아리!
24954	화장대
24955	위에 손가락 두께만큼 *삐-* 먼지가 쌓였네.
24956	몇 년째 안 쓴 것 같아.
24957	문
24958	저건 밖으로 나가는 거야.
24959	구멍
24960	여기 큼직한 치즈 덩어리가 있어.
24961	*삐-* 쥐구멍처럼 생겼네.
24962	여기 주울 게 없어.
24963	욕설 저금통
24964	내 텅 빈 광대 랜섬 욕설 저금통™이야.
24965	이제 여긴 비어 있어, 나랑 리를 *삐퍼* 말고는 *삐-* 아무도 없으니까.
24966	빈 욕설 저금통
24967	안에는 동전 몇 개 말고는 아무것도 없어.
24968	욕설 저금통 목록
24969	욕하고 돈 낸 *삐- 구멍들*의 목록이야.
24970	거울
24971	*삐-* 손잡이가 달린 상자야.
24972	저 사람 얼굴에 연쇄살인마라고 쓰여 있는 것 같은데.
24973	이건 9년인가 10년 전에 다 일어난 일이야...
24974	재수 없는 랜섬은...
24975	...굉장한 형제들의 서커스에서 메인 공연이었지...
24976	그는 무대에 올라 자기가 자초한 파멸을 맞이할 준비가 되어 있었어.
24977	오늘 밤은 아니야. 자초한 파멸은 오늘 순서에 없어.
24978	이게 내 마지막 기회야, 절대 망치지 않을 거야.
24979	무대에 올라가서 이 팀블위드... 아... 훌륭하신 분들을 실컷 모욕할 준비 됐어.
24980	내 광대 곱슬머리 지금 완전 멋져 보이네.
24981	이제야 내가 사랑하는 얼굴이 됐네!
24982	헤어젤
24983	화장품
24984	돈
24985	정확히 138달러, 표시 안 된 지폐야.
24986	138달러
24987	말도 안 돼, *삐-*!
24988	오늘 밤 관객 좋네!
24989	지금 내 실력 최고조야!
24990	저들한테 인생 최고의 모욕을 선사할 거고, 그들은 그런 날 사랑하게 될 거야.
24991	멍청이들!
24992	농담집 없이는 무대에 못 올라가.
24993	그게 없으면 내 최고의 대사를 잊어버릴지도 몰라.
24994	농담집도 챙겼고, 머리랑 화장도 완벽한데, 빨간 광대 코가 없으니까 그냥 *삐- 구멍* 마임처럼 보이네.
24995	머리는 완전 멋진데, 코랑 농담집도 있는데, 화장을 안 했네.
24996	이런 쓰레기 같은 몰골로는 못 나가!
24997	이 팬들이 날 좋아하니까 나도 그에 맞는 모습이어야 해.
24998	*삐-* 정신 좀 차려!
24999	농담집도 챙겼고, 화장이랑 코도 완벽해, 네 덕분은 하나도 아니지만!
25000	근데 머리는 아니고.
25001	너무 부스스해.
25002	머리는 완전 멋진데, 코도 있고, 근데 화장을 안 했네.
25003	그리고 내 농담집! 대사 까먹은 채로 나갈 순 없어!
25004	화장이랑 코는 완벽해, 네 덕분은 하나도 아니지만!
25005	너무 부스스해.
25006	그리고 내 농담집! 최고의 대사를 까먹을지도 몰라!
25007	농담집도 챙기고 코도 썼어.
25008	근데 머리가 너무 부스스하고 화장 없이는 광대가 아니지!
25009	농담집도 챙기고 머리도 완전 멋진데, 화장이랑 광대 코를 안 했어.
25010	나 랜섬처럼 안 보이고, 그냥 *삐-* 먼지떨이 같아.
25011	*삐-* 코나 붙여야겠다.
25012	내 코가 *삐-* 어디 간 거야!
25013	농담집도 챙기고 화장도 완벽해, 네 덕분은 하나도 아니지만!
25014	그리고 빨간 코 없이는 나 랜섬 아니야!
25015	머리랑 화장은 완벽한데, 빨간 광대 코가 없으니까 그냥 *삐- 구멍* 마임처럼 보이네.
25016	농담집은 되찾았는데, 무대에 오를 준비는 전혀 안 됐어.
25017	머리가 너무 부스스해, 마치 전기 콘센트에 꽂힌 수세미처럼...
25018	아직 화장을 안 했고...
25019	그리고 내 *삐-* 코나 붙이는 게 낫겠어.
25020	그리고 빨간 광대 코를 찾아야 해!
25021	머리가 완벽해, 부지깽이처럼 뻣뻣하네!
25022	근데 나 완전 큰 빨간 면봉처럼 보여.
25023	빨간 코랑 화장이 필요해.
25024	화장이 완벽해!
25025	근데 머리는 아니고, 빨간 코 없이는 나 랜섬 아니야.
25026	그냥 머리에 대걸레 얹은 마임처럼 보이네.
25027	광대 코는 있는데, 그냥 술주정뱅이처럼 보여!
25028	머리가 엉망이고, 흰 분장이랑 빨간 입 없이는 광대가 아니지.
25029	머리랑 화장이 완벽하고, 빨간 광대 코를 쓰고, 농담집을 찾기 전까진 무대에 못 올라가.
25030	저건 밖으로 나가는 거야, *삐-* 골 빈 놈아 기억 안 나?
25031	못 나가, 마지막 *삐-* 공연이 하나 남았거든.
25032	완전 근사하네. 다 죽여줄 준비 됐어.
25033	머리가 완전 부스스해. 이 상태로는 못 나가.
25034	*삐-* 찌질이처럼 안 보이려면 손질해야 해!
25035	빌어먹을 화장을 해야 해.
25036	오래가는 법이 없단 말이지.
25037	화장이랑 머리는 완벽한데, 광대 코를 안 썼네!
25038	완전 *삐-* 쓴 탐폰처럼 보이네.
25039	머리가 완전 부스스하고, 코도 안 썼어. 이 상태로는 못 나가.
25040	*삐-* 찌질이처럼 안 보이려면 머리 손질해야 해!
25041	빌어먹을 화장이랑 광대 코를 해야 해.
25042	완전 짜증나지만, 팬들을 위해서는 근사해 보여야 해...
25043	그리고 코를 주머니에 넣고 다니는 건 그냥 안 될 일이야.
25044	머리가 완전 부스스하고, 내 특별한 랜섬 광대 화장도 안 했어. 이 상태로는 못 나가.
25045	정신 좀 차려, 광대야!
25046	팬들 만날 준비가 안 됐어! 머리도 부스스하고, 내 특별한 랜섬 광대 화장도 코도 안 했어!
25047	빌어먹을 화장품
25048	내 특별 맞춤 광대 화장품이야.
25049	매일 밤 이거 바르는 거 *삐-* 지겨워...
25050	더 오래가는 종류가 있으면 정말 *삐-* 좋겠는데.
25051	이미 빌어먹을 화장 다 했잖아, 이 *삐-* 멍청아!
25052	내일 밤까지는 더 필요 없어.
25053	이 끈끈한 게 내 광대 곱슬머리를 꼿꼿하게 세워줘.
25054	축 처진 광대 곱슬머리는 안 되지, 다른 것도 마찬가지고.
25055	이미 좀 발랐어. 머리 완벽해 보이네.
25056	광대 모자
25057	저건 다른 광대 모자겠지. 난 모자 안 써.
25058	*삐-* 모자 안 써.
25059	*삐-* 그냥 거기 있어도 괜찮아.
25060	내 광대 랜섬 욕설 저금통™인데 138달러 들어있어.
25061	내 계약서엔 나만 욕할 수 있다고 되어 있어.
25062	다른 사람이 욕하다 걸리면 *삐-* 돈을 내야 해.
25063	현금이 든 욕설 저금통
25064	그냥 큰돈만 챙겨야지.
25065	안에는 목록 말고는 아무것도 없어.
25066	여기 서커스에서 욕한 모든 *삐- 구멍들*의 목록이야.
25067	욕할 수 있는 *삐- 구멍*은 나뿐이야. 나머지는 다 *삐-* 돈 내야 하고.
25068	현금
25069	팝콘 더미
25070	뭔가에 담을 수 없으면 저 기름지고 역겹고 못 먹는 팝콘 더미는 안 주울 거야.
25071	출입구
25072	여기서 거긴 못 가. 다른 길이 있어.
25073	저건 공연자 출구야.
25074	서커스 부지
25075	저게 내가 *삐-* 들어온 길이야.
25076	팝콘
25077	끈적한 팝콘 한 알. 으.
25078	저건 거대한 끈적하고 상한 팝콘 더미야!
25079	그는 두 시간 더 무대에 있으면서 만날 수 있는 모든 사람을 모욕했다.
25080	몇몇은 재밌다고 생각해서 웃었고...
25081	...근데 대부분은 불편해서 웃었다, 웃음이야말로 남의 부끄러움을 숨기는 최고의 방법이니까.
25082	근데 쇼가 끝난 후, 분장실에서는, 웃음이 없을 예정이었다...
25083	오늘 밤 나 완전 죽여줬어.
25084	내 최고의 쇼 중 하나였어.
25085	그 저주 건 못생긴 할망구가 집에 가다가 엉덩이 뼈나 부러지면 좋겠네.
25086	이제 이 화장 지우고, 전용기 타고 애스펀에 있는 내 애인 신디 보러 가야지.
25087	이런 *삐-*!
25088	이 빌어먹을 화장이 안 지워져.
25089	*삐- 이 빌어먹을 삐-*!
25090	*삐- 꺼져*, 할망구!
25091	*삐- 삐- 삐-* 니가 뭔데 *삐- 삐- 삐-* 이러는 거야!
25092	그가 아무리 애써도, 화장이 지워지지 않았다.
25093	그 할머니는 그냥 평범한 할머니가 아니었다. 그녀는 암흑 마법의 여주인 마담 모레나였다.
25094	그녀가 저주를 걸면, 그건 빈말이 아니었고, 랜섬은 지금 막 그걸 알아가고 있었다...
25095	*삐- 이 빌어먹을 화장이랑 그 빌어먹을 늙은 *삐- 할망구*다!
25096	*삐이이이이이이이이이이이이이이이이이이이이*!!
25097	랜섬, 안 좋은 소식이 있어.
25098	뭘 원하는 거야, 이 대머리 욕심쟁이 *삐-*야, 내가 지금 문제가 있는 거 안 보여!
25099	휴지랑 소독용 알코올 좀 가져와서 나 좀 도와줘, 이 *삐- 삐-*야!
25100	네 전용기가 착륙하다가 추락했어...
25101	네 아내가 애인 있는 거 알아채서 애스펀 집 빼고는 네 재산 다 가져간대...
25102	애스펀에 불이 나서 네 집이 완전히 다 타버렸어...
25103	장난감이랑 인형 라이선스 계약도 무산됐고 계약 위반으로 널 고소한대.
25104	그리고 한 가지 더...
25105	나 그만둘게.
25106	뭐라고?!
25107	그리고 너나 *삐-* 먹어.
25108	*삐이이이이이이이이이이이이이이이이이이이이이이이이이이이이이이이이이이*!
25109	그는 절대 교훈을 얻지 못했다.
25110	그의 *삐- 구멍* 본능이 너무 뿌리 깊었다.
25111	(crying)내가 다 망쳤어!
25112	(crying)*삐-* 내가 다 망쳤다고!
25113	(crying)내가 무슨 짓을 한 거야!
25114	그는 두 시간 더 무대에 있으면서 만날 수 있는 모든 사람을 모욕했다...
25115	...근데 이번엔 다들 착하고 정중하게 받아들였다.
25116	그건 그의 최고의 쇼였다.
25117	그는 세상 꼭대기에 있었다.
25118	그리고 모두가 그를 사랑했다.
25119	여기서 거긴 못 가. 다른 길이 있을 거야.
25120	이게 메인 출구야.
25121	휠체어
25122	아이
25123	코
25124	콧수염
25125	x
25126	속옷 벗지 말고 기다려, 가고 있어.
25127	랜섬 인형
25128	누가 저기 랜섬 인형을 걸어놓은 거야, *삐-*.
25129	그거 안됐네.
25130	그 인형들 완전 인기 많았던 거 기억나.
25131	사람들이 하나 사려고 몇 시간씩 줄 섰었지.
25132	그거 안 만질래.
25133	누가 독 같은 걸 발라놨을지도 몰라.
25134	그거 안 만질래.
25135	랜섬처럼 저주받았을지도 몰라.
25136	정문
25137	이런 *삐-*! 잠겼잖아!
25138	정말 짜증나지만, 저 광대 말이 맞아. 영장 없이는 사유지에 못 들어가.
25139	표지판에 영장이 필요하다고 적혀 있어. 광대 말이 맞네.
25140	여보세요! 랜섬? 내 말 들려요?
25141	저 안에서 바쁜가 보네.
25142	문 열어! 연방 요원이다!
25143	정문이 열려 있어.
25144	정문이 사슬로 채워지고 잠겨 있어. 지금은 못 들어가.
25145	시골길
25146	마을로 돌아가는 긴 시골길이야.
25147	표지판
25148	티켓, 25센트.
25149	맹꽁이자물쇠
25150	녹슨 오래된 맹꽁이자물쇠야. 잠겨 있고.
25151	맹꽁이자물쇠가 열려 있어.
25152	못 열겠어. 문을 두드리면 누가 열어줄지도 몰라.
25153	아니, 그냥 잠금 안 하고 두는 게 더 편해.
25154	랜섬 화나게 하고 싶지 않아.
25155	광대 나팔
25156	*삐-* 나팔이야. 삐 *삐-* 삐.
25157	서커스 광대 나팔처럼 보이는데.
25158	안 하는 게 낫겠어. 나 나팔 소리 공포증 있거든.
25159	'영장 없인 요원 출입 금지'라고 적힌 내 *삐-* 표지판이야.
25160	지금까지는 효과 있네.
25161	'영장 없인 요원 출입 금지'라고 적혀 있어.
25162	효과 있으니까, 그냥 여기 둘게.
25163	그냥 놔둬야지. 랜섬 화나게 하고 싶지 않아.
25164	그냥 놔두는 게 낫겠어.
25165	(fast){notalk}아야!
25166	(fast){notalk}아야아!
25167	(fast){notalk}*삐-*!
25168	(fast){notalk}*삐-*!
25169	(fast){notalk}이런!
25170	(fast){notalk}아!
25171	상한 팝콘 알갱이야. 리를 *삐퍼*가 이런 거 좋아해.
25172	그건 *삐-* 안 통할 거야.
25173	자, 이걸로 리를 *삐퍼* 하나.
25174	자, 하나 됐네. 리를 *삐퍼*가 이런 거 좋아해.
25175	좋아, 둘. 나도 *삐-* 셀 줄 알아.
25176	내가 정말 이걸 다 *삐-* 주워야 해?
25177	*삐-* 쥐가 나보다 더 재밌어하는 것 같은데.
25178	*삐-* 아직 절반도 안 찼어. *삐-* 완전 별로네.
25179	거의 *삐-* 절반 찼어.
25180	이제 절반 찼어. *삐-* 너무 오래 걸리네.
25181	이 속도면, 다 끝내기 전에 1988년이 되겠어.
25182	*삐-* 영원히 걸릴 것 같아.
25183	*삐-* 더 나은 방법이 있을 거야.
25184	*삐-* 쥐가 팝콘을 어디로 가져가는 거지?
25185	*삐-* 쥐가 나보다 먼저 가져갔어!
25186	뭔가에 담을 수 없으면 저 기름지고 역겹고 못 먹는 팝콘 한 알은 안 주울 거야.
25187	팝콘 봉지
25188	거의 빈 팝콘 봉지야.
25189	빈 팝콘 봉지야.
25190	리를 *삐퍼*한텐 그걸로는 부족할 거야.
25191	걔는 그 정도 양은 1초 만에 먹어치워.
25192	리를 *삐퍼*가 종이 먹는다고 생각해?
25193	*삐-* 쓰레기통 안 써.
25194	반쯤 찬 팝콘 봉지
25195	봉지에 팝콘이 절반쯤 차 있어.
25196	걔는 그 정도 양은 2초 만에 먹어치워.
25197	그건 *삐-* 안 통할 거야.
25198	가득 찬 팝콘 봉지
25199	팝콘이 가득 찬 봉지야.
25200	문이 닫혀 있으면 걔는 그걸 못 먹어.
25201	여기 있어, 리를 *삐퍼*.
25202	맛있게 먹어.
25203	빅탑 입구
25204	예전엔 저기서 멋진 쇼를 많이 했었지.
25205	저기 마지막으로 들어갔을 때가 랜섬의 마지막 공연이었어. 몇 주 동안 악몽 꿨어.
25206	저긴 안 들어갈래. 지난번 이후로 아직도 가끔 악몽 꿔.
25207	정문
25208	내 트레일러가 저 뒤에 있어.
25209	저 뒤에 서커스 트레일러들이 보이네.
25210	출구
25211	저게 메인 출구야.
25212	리를 *삐퍼*한테 먹이 주기 전엔 서커스를 못 떠나.
25213	미드웨이
25214	저기가 예전에 미드웨이였던 곳이야. 이제는 내 쓰레기장이지.
25215	저기가 예전에 미드웨이였던 곳이야. 이제는 우리 쓰레기장이지.
25216	백스테이지 입구
25217	저긴 안 들어갈래. 곰팡내가 진짜 심해.
25218	내가 처음으로 저주받았다는 걸 알게 된 백스테이지 구역이야.
25219	오래된 화장대가 보여. 백스테이지 구역이야.
25220	팝콘 매대
25221	비어 있어. 몇 년 전에 쥐들이랑 내가 싹 다 치웠거든.
25222	낡고 허름한 팝콘 매대야.
25223	안에 팝콘이 없어.
25224	정말로, 안에 아무것도 없어. 확인해봤어.
25225	안 열리는 것 같아. 쥐똥으로 붙어버렸나 봐.
25226	열려 보여?
25227	돈이 좀 필요하긴 한데, 아무도 나한테 *삐-* 팝콘 매대 미는 걸로 돈을 안 줄 거야.
25228	그리고 그건 아직도 광대 노조 규정 위반이고.
25229	안 움직여. 바퀴가 비둘기 똥으로 녹슬어서 굳었어.
25230	이런 *삐-* 멍청아 랜섬! 왜 날 밀어?
25231	오, *삐-*라고? 내 욕설 저금통에 5달러 내.
25232	랜섬 이 재수 없는 놈!
25233	못 일어나겠어!
25234	내 죽마가 부러진 것 같아.
25235	랜섬, 넌 완전 *삐- 구멍*이야!
25236	복수할 거야, 광대 랜섬.
25237	네 광대 코를 또 훔칠 거야, 그럴 거라고!
25238	Eines schönen Tages… PUFF! Mitten in die Schnauze!
25239	Eines schönen Tages… KNUFF, PUFF! Windelweich!
25240	저건 멍청이용 입구야, 이 멍청아!
25241	내가 너한테 멍청이로 보여?!
25242	튜나 헤드 같은 평민처럼 정문으로 걸어 들어갈 순 없지.
25243	난 광대 랜섬이야. 화려하게 무대 등장을 해야 해.
25244	저게 메인 *삐-* 출구야.
25245	서커스를 떠날 시간 없어, 내 공연 준비해야 하거든.
25246	내 쇼 보기 싫어하는 루저들 무리네.
25247	빅탑으로 가는 내 전용 백스테이지 입구야.
25248	그 형편없는 팝콘이 방금 다 떨어졌네.
25249	빅탑에 관객이 엄청 많은가 보네.
25250	안에 아무것도 없어. 확인했어.
25251	지나가세요, 지나가세요.
25252	열려 보여? 아니.
25253	이봐, *삐-* 팝콘 매대 미는 건 내 일이 아니야.
25254	광대 노조 규정 위반이야.
25255	마임
25256	완전 *삐-* 쉬운 일이네. 그냥 서서 손 흔들면 되잖아.
25257	어서 오세요.
25258	실력을 시험해보세요.
25259	남자답게 쏠 거예요, 아니면 어린애처럼 쏠 거예요?
25260	상품 많아요.
25261	상품 있어요.
25262	이쪽으로 오세요.
25263	기다릴 필요 없어요, 한 방 쏴보세요.
25264	토끼 쏘세요.
25265	새 쏘세요.
25266	고양이 쏘세요.
25267	광대 랜섬 머리카락 맞히면 대상이에요.
25268	이리 와보세요.
25269	오늘 크게 이겨보세요.
25270	표적 한 방 쏴보세요.
25271	뭐라도 맞힐 거라고 보장해요.
25272	고급 가죽 재킷™ 받으세요.
25273	오, 그래서 갚기로 한 거야?
25274	그래, 뭐, 선택의 여지가 없었으니까.
25275	이제 내 농담집은 어디 있어?
25276	여기. 농담 다 별로던데.
25277	이런 농담으로 어떻게 그렇게 유명해진 거야?
25278	그래? 넌 웃긴 거에 대해 뭘 알아?
25279	너만큼 알지, 그러니까 아무것도 모른다는 거지.
25280	이제 꺼져, 광대야, 손님들 겁주고 있잖아.
25281	오, 그래서 갚기로 한 거야?
25282	그래, 여기 네 돈. 이제 내 농담집은 어디 있어?
25283	잠깐! 나 놀리는 거야?
25284	그건 겨우 1000달러고 나한테 1138달러 줘야 해, 이자까지.
25285	그건 겨우 138달러 이자잖아. 네가 갚아야 할 1000달러는 어디 있어?
25286	네가 더 적은 돈으로 합의할 줄 알았지. 거지가 찬밥 더운밥 가릴 처지는 아니잖아.
25287	오 그래? 그럼 난 1138달러 다 받을 때까지 네 농담집 붙잡고 있을래.
25288	이제 꺼져!
25289	서커스 부지가 텅 비었네, 다들 빅탑에서 날 기다리고 있어.
25290	*삐-* 내 농담집이야.
25291	스포일러는 없어. *삐-* 농담은 내 쇼까지 기다려야지.
25292	*삐-* 내 농담집이야, 완벽한 상태로(햄스터 똥만 아니면).
25293	마지막 페이지가 있는데, 책에 끼우기만 하면 돼.
25294	TV 안테나에서 그 잃어버린 페이지를 가져와야 해.
25295	*삐-* 내 농담집이야, 근데 페이지 하나가 없어.
25296	대체 *삐-* 어디 있는 거야?
25297	*삐-* 내 농담집이야, 근데 페이지 두 개가 없어.
25298	*삐-* 내 농담집이야, 근데 페이지 세 개가 없어.
25299	*삐-* 내 농담집이야, 근데 페이지 네 개가 없어.
25300	(fast)이리 돌아와...
25301	(fast)야!
25302	(fast)멈춰!
25303	빌어먹을 깨진 창문.
25305	광대 랜섬 만화책
25306	이건 이유 없이 그냥 주기엔 너무 값진 거야.
25307	배달 시도 안내문
25308	'광대 랜섬 앞으로 온 소포가 팀블위드 파크 우체국에 보관 중입니다.'
25309	'서커스까지 뒤져서 찾아드리진 않을 거예요, 랜섬. - 우체부 조지'
25310	*삐-* 너나 먹어, 조지, 이 게으른 *삐-*야.
25311	낡은 랜섬 포스터
25312	놀라운 광대 랜섬이 나오는 내 오래된 서커스 포스터야.
25314	거기엔 못 써.
25315	곰팡이 핀 치즈
25316	내 치즈야. 숙성시키는 중이거든.
25317	냉장고가 닫혀 있어, 상관없지만.
25318	리를 *삐퍼*는 치즈 안 먹어.
25319	걔가 쥐라도 되는 줄 알아?
25320	*삐-* 걘 햄스터야!
25321	리를 *삐퍼*는 유당불내증이 있어.
25322	치즈 주면 *삐-* 트레일러 전체가 방귀 냄새로 찬다니까.
25323	치즈
25324	형편없는 생각이네.
25325	안 돼. 이거 필요할 거야.
25326	할 일 목록
25327	*삐-* 절대 안 돼. 이 목록은 나만 볼 수 있는 거야.
25328	농담집
25329	다시는 아무도 내 농담집에 손 못 대!
25330	됐다, *삐-* 닫혔어.
25331	이미 *삐-* 닫혀 있잖아, 안 보여?
25332	페이지
25333	안 돼. 이건 *삐-* 광대 랜섬 수집품이야.
25334	내 *삐-* 농담집에서 나온 페이지야.
25335	페이지를 다시 농담집에 끼웠어.
25336	저 밖은 완전 쓰레기장이네.
25337	누가 저런 쓰레기장 한복판에서 살 수 있겠어?
25338	트로피들
25339	'1977년, 1978년 최악의 광대상:'
25340	'광대 랜섬™.'
25341	*삐-* 페인트가 벗겨지고 있는 게 아쉽네.
25342	진짜 금인 줄 알았을 때 아무도 다시 훔쳐가지 못하게 테이블에 접착해뒀지.
25343	10년이 지나니, 효과가 있었나 보네.
25344	포스터
25345	쪽지
25346	광대 팬티
25347	내 공식 광대 랜섬 속옷™이야. 아직 세탁할 시간이 없었어.
25348	빨래는 나중에 해도 늘 시간 있으니까.
25349	썩어가는 음식
25350	지난주에 만들었을 때도 그 죽 완전 쓰레기 맛이었어.
25351	숙성될수록 더 좋아진 걸지도 몰라. 그 위에 기어다니는 파리 유충들도 그렇게 생각하는 것 같고.
25352	됐어. 그냥 있던 자리에 두는 게 낫겠어.
25353	전자레인지
25354	안녕, 리를 *삐퍼*.
25355	최첨단 잽트론 3000™인데, 완전히 고장 났어.
25356	고장 났는데, 대체 어떤 미친 *삐-* *삐-*가 햄스터를 전자레인지에 넣겠어?
25357	나도 그렇게까지 저급하진 않을 거야.
25358	고장 났어.
25359	벽 금고
25360	내 벽 금고야, 지난번 확인했을 때랑 똑같이.
25361	냉장고
25362	비어 있고, 꽤 역겨워.
25363	내 *삐-* 냉장고 비서가 그리워. 그때가 좋았지.
25364	이제는 곰팡이한테도 곰팡이가 생겼네.
25365	내 *삐-* 냉장고. 겉도 역겨운데, 안은 더 심해.
25366	우편 안내문
25367	배달 시도 안내문이야.
25368	침대
25369	그래, 난 침대 정리하는 거 안 좋아해.
25370	누가 *삐-* 신경이나 쓴대?
25371	내 취침 시간이랑은 거리가 멀어.
25372	햄스터
25373	얘가 리를 *삐퍼*야, 내 애완 햄스터.
25374	완전 배고파 보이네.
25375	진짜 많이 먹네.
25376	리를 *삐퍼*는 꽤 사나워. 내가 안아도 나조차 물 수도 있어.
25377	아마 배고플 거야. 며칠째 밥을 안 줬거든.
25378	팝콘 상자
25379	책
25380	잠가둘 필요는 없는데...
25381	누가 이걸 훔치고 싶어 하겠어?
25382	금고에서 꺼내기 전에는 읽을 수가 없어.
25383	카드
25384	내 *삐-* 전 변호사 명함이야.
25385	변호사 명함
25386	수도꼭지
25387	*삐-* 물이 계속 쏟아지긴 하는데, 내 접시에 화석화된 음식은 *삐-* 안 지워지네.
25388	내 *삐-* 가정부가 그리워.
25389	이미 *삐-* 물이 나오고 있어, *삐- 대가리*야.
25390	뭐야, 여기가 *삐-* 이상한 나라의 앨리스인 줄 알아?
25391	이 거울은 *삐-* 안 떨어져.
25392	퇴거 통지서
25393	그건 그냥 5년 전에 받은 *삐-* 퇴거 통지서야.
25394	저 *삐- 구멍* 보안관이 날 쫓아내려고 할 때마다, 실컷 골탕 먹여줘서 다시는 안 오려고 해.
25395	그냥 있던 자리에 둘래. 그래야 기분 나쁠 때마다 보안관 놀림감으로 삼을 수 있으니까.
25396	법원 소환장
25397	퇴거 통지서 더미야. 하하, 저 *삐- 구멍* 보안관이 진짜 날 법정에 끌고 갈 것처럼 보이네.
25398	그를 완전 겁줬지.
25399	이건 안 가져가고 싶어. 있던 자리가 딱 좋아.
25400	만화책
25401	광대 랜섬 만화 1호야.
25402	오늘 밤은 큰 밤이야.
25403	내 야한 투나잇 쇼 출연 후 만석이었지...
25404	그 조니라는 좀생이한테 제대로 한 방 먹였어.
25405	농담도 못 받아들이는 자기 잘못이지.
25406	이 팀블위드 멍청이들 실컷 모욕할 준비하고 무대에 올라야겠어.
25407	그냥 머리 손질하고, 화장이랑 광대 코 하고, 농담집만 찾으면 돼.
25408	카니 조가 데리고 있는 아이들 숫자.
25409	화장대 거울에 달린 전구 개수.
25410	카니 조의 사격장에서 헤엄치는 물고기 숫자.
25411	카니 조의 사격장에서 헤엄치는 물고기 숫자 곱하기 4.
25412	카니 조의 사격장에 있는 구름 숫자.
25413	카니 조의 사격장에 있는 구름 숫자의 제곱.
25414	빅탑 표지판 첫 단어의 글자 수.
25415	빅탑 표지판 오른쪽 위 단어의 글자 수.
25416	빅탑 표지판 왼쪽 아래 단어의 글자 수.
25417	빅탑 표지판 마지막 단어의 글자 수.
25418	내 문 밖에 주차된 트레일러 숫자 (내 것 포함).
25419	내가 가진 트로피 숫자.
25420	빅탑 정문 위에 걸린 깃발 숫자.
25421	내 화장대 거울 위에 있는 별 숫자.
25422	내 침대로 올라가는 계단 숫자.
25423	내 엉덩이 볼 개수.
25424	짜 *삐-* 잔!
25425	다음엔 1-2-3으로 설정해야지.
25426	이런 *삐-*, 그거 *삐-* 안 됐네.
25427	*삐-* 조합이 기억이 안 나!
25428	내 *삐-* 변호사 명함이야.
25429	'브랜트 베일리윅, 법학박사. 법적 문제요? 저희가 대신 골탕 먹여드립니다.'
25430	'전화번호부에 있습니다.'
25431	'전화번호부에 있습니다.' 확실히 나 골탕 먹였네.
25432	변호사 명함이야.
25433	'브랜트 베일리윅, 법학박사. 법적 문제요? 걱정 마세요, 저희가 대신 골탕 먹여드립니다.'
25434	'전화번호부에 있습니다.' 어, 이 사람 척 삼촌 변호사였는데.
25435	변호사 명함이야.
25436	'브랜트 베일리윅, 법학박사. 법적 문제요? 걱정 마세요, 저희가 대신 골탕 먹여드립니다.'
25437	'전화번호부에 있습니다.'
25438	그놈 고소해봤자 *삐-* 도움 안 될 것 같은데.
25439	차용증이야:
25440	'랜섬 더 *삐-* 클라운이 나 카니 조한테 1000달러를 빚졌고, 갚을 때까지 그놈 농담집을 인질로 잡아두겠다.'
25441	차용증
25442	그놈은 나한테 빚진 거 *삐-* 알고 있어. 굳이 상기시켜줄 필요 없어.
25443	정확히 1000달러, 표시 안 된 지폐야.
25444	1,000달러
25445	정확히 1138달러, 표시 안 된 지폐야.
25446	1,138달러
25447	랜섬 포스터
25448	놀라운 광대 랜섬이 나오는 내 서커스 포스터야.
25449	거기엔 못 써.
25450	*삐-* 이거! 다음번엔 1-2-3으로 맞춰놔야지.
25451	흠...
25452	이게 대체 뭐야...
25453	취해서 썼나 보네.
25454	광대 코
25455	이건 내 광대 코야, *삐- 대가리*야.
25456	이 코는 완벽하게 내 코를 본떠 만들었어.
25457	인형 얼굴에 비해 너무 크네.
25458	아야! 이거 *삐-* 꽉 끼네.
25459	몇 시간만 쓰면 되는 게 다행이야.
25460	아야! *삐-* 꽉 끼긴 하는데, 이걸로 버텨야지.
25461	달 좋네...
25462	내가 늑대인간 광대라면.
25463	문이 *삐-* 잠겼어.
25464	비어 있는데, 깨끗해.
25465	*삐-* 냉장고 비서가 보급품을 채워놓질 않았네.
25466	어차피 시원한 맥주 마실 시간도 없어.
25467	내 *삐-* 냉장고.
25468	내 조수가 얼마나 깨끗하게 관리하는지 봐.
25469	아주 아늑하네.
25470	내 가정부가 오늘 시트를 갈아줬어.
25471	낮잠 잘 시간 없어. 무대에 올라가야 해.
25472	반짝이는 트로피들
25473	아무도 못 훔쳐가게 테이블에 접착해뒀어.
25474	안에 아무것도 없어.
25475	어차피 팝콘용으로만 써.
25476	여기서 파는 그 쓰레기는 화장실에 영원히 붙잡혀 있게 만들 거야.
25477	최첨단 잽트론 3000™야.
25478	음식 먹을 시간 없어, 무대에 올라가야 해.
25479	울퉁불퉁한 포스터
25480	그게 나야, *삐- 얼굴*아.
25481	내 울퉁불퉁한 서커스 포스터야.
25482	진짜 울퉁불퉁하네. 더 잘 숨겨보려고 했는데.
25483	이봐 *삐- 대가리*, 나 지금 이 포스터에 대해 힌트 주려는 거야.
25484	다른 *삐-* 동사들도 좀 써봐.
25485	벽에서 떨어졌어.
25486	내 모든 *삐-* 돈을 넣어둔 닫힌 금고야.
25487	내 모든 *삐-* 돈을 넣어둔 잠긴 금고야.
25488	내 금고야.
25489	광대 인형
25490	시제품 광대 랜섬 인형이야.
25491	완벽하게 날 닮았네.
25492	음, 어쩌면 코가 좀 크긴 하지만.
25493	근데 지금은 코가 없어졌네.
25494	그는 지금 있는 자리가 행복해 보이는데, 그렇지, 작은 랜섬아?
25495	완전 *삐-* 떼돈이네.
25496	'나 카니 조는 랜섬 더 *삐-* 클라운한테 1000달러를 빌려줬고, 갚을 때까지 그놈 농담집을 인질로 잡아두겠다.'
25497	거울이 안 떨어져.
25498	*삐-* 물이 쏟아지고 있어.
25499	우리 가정부는 이 곳을 꽤 *삐-* 잘 청소해.
25500	왼쪽으로는 그만큼밖에 못 옮겨...
25501	오른쪽으로 옮기려면 밀어야 해.
25502	오른쪽으로는 그만큼밖에 못 옮겨...
25503	왼쪽으로 옮기려면 당겨야 해.
25504	앞으로 10년은 *삐-* 곡예 안 해도 될 만큼 했어.
25505	여기서 뛰기엔 너무 *삐-* 멀어.
25506	*삐-* 먹어! 스포터 없이는 저기 안 뛰어들 거야.
25507	안전이 최우선!
25508	이봐 스포터, 너무 멀리 있잖아. 내 *삐-* 목이라도 부러뜨리라는 거야?
25509	이봐 스포터, 위치가 틀렸어. 내 *삐-* 목이라도 부러뜨리라는 거야?
25510	우리도 그런 운이 있었으면 좋겠는데.
25511	안전 요원 준비 완료.
25512	조심해.
25513	좋아, 그럼, 간다.
25514	잡았다!
25515	손 닿기엔 *삐-* 너무 멀어.
25516	거의 그 *삐-* 페이지 잡았어!
25517	내가 뛰는 동안엔 안 돼!
25518	이 *삐-* 장치에서 그만 내려갈래!
25519	저기 뛰어오르려면 더 높이 있어야 해.
25520	내 *삐-* 농담집의 마지막 빠진 페이지야.
25521	인형
25522	트레일러
25523	예전엔 서커스 단장의 트레일러였어.
25524	아무도 없는 것 같네.
25525	트레일러 문
25526	저 구덩이 안에는 안 들어갈래.
25527	내 트레일러 문이야.
25528	페인트가 다 벗겨졌어. 낙서도 많고.
25529	저 트레일러는 오래전에 버려졌어.
25530	서커스 부지가 텅 비었네.
25531	트램폴린
25532	내 *삐-* 농담집의 마지막 페이지야.
25533	내 오래된 트램폴린이야. 추억이 새록새록하네.
25534	좀먹은 오래된 트램폴린이야.
25535	이 낡은 트램폴린 위에서는 절대 안 뛸래.
25536	바닥
25537	랜섬...
25538	차라리 애스펀에 있는 우리 집에 있는 게 나을 텐데.
25539	내 *삐-* 트레일러 문이잖아.
25540	아무도 없네, 다들 내 쇼 기다리고 있나 보지.
25541	지구 반 바퀴를 날아왔는데 호텔 방에 이상한 쪽지가 기다리고 있다니.
25542	강가 다리로 오라고 적혀 있어.
25543	여기가 맞는 것 같은데.
25544	이렇게 오래 걸어왔더니 비너 슈니첼이 정말 먹고 싶네.
25545	그날 밤 우리가 뭘 발견하게 될지, 우리 중 아무도 준비돼 있지 않았다.
25546	혹은 그게 우리 모두를 얼마나 바꿔놓을지도.
25547	위험한 기계는 잘 못 다뤄.
25548	전기톱 들고 다니는 *삐-* 광대는 풀어놓고 싶지 않을 텐데.
25549	드디어! 속이 다 시원하네!
25550	웃어요!
25551	이제 마을로 가서 지역 보안관을 찾아보자.
25552	덤불 속을 헤매기 전에 쪽지에 있는 지시를 따라야겠어.
25553	start_left
25554	start_right
25555	지갑
25556	내 지갑이고, 안에 252달러가 있어.
25557	여기서 지갑을 여는 건 안전하지 않아.
25558	이미 단단히 닫혀 있어.
25559	저 불쌍한 사람한테 돈이 필요할 것 같긴 한데, 난 자선 활동하러 온 게 아니야.
25560	시제품 필로우베어™
25561	필로우베어™ 시제품이야. 곰 인형을 뒤집으면 베개가 돼.
25562	완전 극비야!
25563	지금 뒤집으면 안 되겠어.
25564	이미 닫힌, 곰 상태야.
25565	지금 안 피곤하고, 곰 인형 포옹도 필요 없어.
25566	이 사람은 분명 내가 만나기로 한 사람이 아니야. 그러니까 시제품은 안 줄 거야.
25567	돌
25568	돌이야.
25569	자, 쪽지의 3단계를 완료했어.
25570	이제 4단계.
25571	조명은 이미 부서졌어.
25572	종이 위에 돌? 이제 가위만 있으면 되겠네.
25573	시제품을 손상시키고 싶지 않아.
25574	그럼 그냥 움푹 팰 거야.
25575	그는 돌 없이도 꽤 편해 보이는데.
25576	그건 안 통할 거야. 쪽지로 할 수 있는 건 보는 것뿐이야.
25577	이 쪽지는 정말 비밀이야. 엉뚱한 사람 손에 들어가면 안 돼.
25578	호텔 키카드
25579	내 방 키카드야.
25580	죽은 남자한테서 나온 호텔 키카드야.
25581	이 문 쪽에선 키카드가 아무 역할도 안 해.
25582	호텔 방문에서만 작동해.
25583	내 호텔 카드를 이 불쌍한 남자한테 주면 정말 좋겠지만, 나도 묵을 곳이 필요해.
25584	윌리라면 좋아하겠지만, 이건 내가 갖고 있어야 해.
25585	뚝뚝 떨어지는 피 묻은 화장지
25586	시체의 피에 흠뻑 젖어 있어. 완전 엉망이네.
25587	너무 축축해서 블러드트론에 못 넣어.
25588	이미 충분히 피투성이야.
25589	왜 피 묻은 화장지로 싱크대를 막고 싶겠어?
25590	타블로이드 기자들이나 그런 짓을 하지.
25591	이걸 버리려면 뚜껑을 열어야 하는데, 그러고 싶지 않아.
25592	아 잠깐, 그거 증거였잖아!
25593	그리고 연기 속으로 사라진다...
25594	역겹네.
25595	빈 위스키 병
25596	빈 위스키 병이야.
25597	확실히 살인 무기는 아니야. 몸에 난 구멍 크기가 안 맞아.
25598	빈 위스키 병이야.
25599	슬롯에 안 맞아.
25600	됐어.
25601	이야, 이거 내가 제일 좋아하는 브랜드인데. 비어 있어서 아쉽네.
25602	이미 열려 있어, 뚜껑이 없어.
25603	못 닫아, 뚜껑이 없어.
25604	밀어봤어. 아무 일도 안 일어났어.
25605	시체 사진
25606	시체랑 완전히 똑같이 생겼네.
25607	오...
25608	시체 사진이 잘 나왔네.
25609	이 최첨단 카메라가 촬영 각도를 바꿀 수 있다는 게 마음에 드네.
25610	취해서 필름에 찍힌 나온 내 타블로이드 사진들 같아 보이네.
25611	완전 역겹네! 게다가 저 픽셀들은 안티에일리어싱도 안 됐고.
25612	저건 내가 찾는 트론 3000™이 아니야.
25613	사진을 복사할 필요는 없어.
25614	그러면 사진이 망가질지도 몰라.
25615	기대의 전기톱
25616	전기톱용 휘발유가 가득 차 있어.
25617	비어 있어. 근데 제 역할은 다했어.
25618	꽤 녹슬었고, 전기톱용 휘발유가 완전히 떨어졌어.
25619	확실히 살인 무기는 아니야. 없어진 신체 부위가 없어.
25620	꽤 녹슬었고, 전기톱용 휘발유가 완전히 떨어졌어.
25621	그쪽으로 진전을 보려면 휘발유 유조차 한 대 분량은 필요할 거야.
25622	한 번 쓸 만큼만 휘발유가 있어. 아껴두는 게 낫겠어.
25623	전기톱에 안 잘리는 유일한 물건은 이미 잘렸어.
25624	전기톱용 휘발유를 찾기 전까진 이걸 못 써.
25625	트레슬 트레일
25626	저게 방금 내가 온 마을로 이어지는 고속도로네.
25627	저게 마을로 이어지는 고속도로야.
25628	먼저 정문을 열어야 해.
25629	먼저 정문을 열어야 해.
25630	누굴 만나야 해. 아직 못 떠나.
25631	'트레슬 트레일에서 팀블위드 파크까지, 1.7마일'
25632	'트레슬 트레일에서 팀블위드 파크까지, 1.7마일'
25633	표지판이 안 움직여. 단단히 고정돼 있어.
25634	표지판이 안 움직여. 단단히 고정돼 있어.
25635	이 표지판에서 열 수 있는 건 안 보여.
25636	표지판에서 열 수 있는 건 없어.
25637	표지판은 안 닫혀. 그냥 표지판일 뿐이야.
25638	표지판은 안 닫혀. 그냥 표지판일 뿐이야.
25639	시체
25640	남성으로 보이고, 약 40세 정도인데...
25641	물속에 24시간 정도 있었던 것 같은데...
25642	코랑 목 주변 픽셀화로 알 수 있지...
25643	어디 보자...
25644	주머니에 지갑은 없고...
25645	...근데 카드 하나를 찾았어, 아마 호텔 키카드 같은데.
25646	주머니에 지갑은 없는데 카드 하나를 찾았어요, 아마 호텔 키카드 같아요.
25647	뒤통수에 작은 구멍이 있는데, 원인은 알 수 없고...
25648	피해자 머리에 난 구멍은 총상처럼 안 보여, 날카로운 물체에 찔린 것 같은데...
25649	이상한 게, 오프닝 타이틀 시퀀스에서는 분명 효과음과 함께 총상이 보였는데...
25650	정장이 맞춤 제작된 것 같네, 아마 유럽식 디자인 같은데.
25651	더 픽셀화됐어.
25652	검시관이 좀 더 기다리면, 이 시체를 커피 테이블로 쓸 수 있겠어.
25653	역겹네.
25654	그건 검시관 일이야.
25655	안 하는 게 낫겠어. 시체를 뒤집고 싶지 않아.
25656	뭐, 개울 한복판에서 부검이라도 하라고?
25657	으. 어지럽네.
25658	정말 역겹네!
25659	그건 전혀 말이 안 돼. 열린 문이 아니야.
25660	역겨워.
25661	하수도 입구
25662	역겨워. 심호흡하는 게 좋겠어.
25663	저 *삐-* 구멍엔 안 들어갈래.
25664	*삐-* 대포나 어두운 곳은 안 해.
25665	저긴 안 들어갈래, 나 나팔 소리 공포증 있거든.
25666	하수도에서 누가 바이올린 연주하는 소리 같은데.
25667	저게 뭐였지? 하수도에서 바이올린 소리가?
25668	오래된 나무
25669	저 오래된 나무가 배수구 입구를 막고 있어.
25670	나무를 닫으라고? 그건 어떻게 하는지 모르겠는데.
25671	그루터기
25672	방금 잘린 것 같네.
25673	길 끝
25674	길이 여기 거대한 바위벽에서 끝나.
25675	병
25676	밀 수는 없는데, 당길 수는 있을지도.
25677	위쪽 길로 가는 문이야.
25678	방금 저기서 내려왔어.
25679	위쪽 길로 가는 문이야.
25680	문이 이미 살짝 열려 있어.
25681	문이 이미 닫혀 있어.
25682	이미 문을 열었어.
25683	임무를 마칠 때까지 여기 있어야 해.
25684	저 시체가 더 픽셀화되기 전에 사진을 찍는 게 좋겠어.
25685	개울이랑 그 너머로 가는 문이야.
25686	개울로 가는 문이야.
25687	이상한 것
25688	이거 쓸모 있을지도 몰라.
25689	덤불에 덮여 있는데... 근데...
25690	오래된 버려진 전기톱이야.
25691	한 번 속으면 내 잘못, 두 번 속으면...
25692	실망의 전기톱
25693	오래된 버려진 전기톱이야.
25694	조명
25695	조명이 켜져 있는데, 조명 스위치는 안 보여.
25696	여전히 켜져 있어. 스위치가 없으면, 조명을 끌 다른 방법을 찾아야 해.
25697	여전히 켜져 있어. 조명을 손상시킬 만한 걸 찾을 수 있을지도.
25698	여전히 켜져 있어. 근처에 분명 해결책이 있을 거야.
25699	조명이 정말 밝아.
25700	좋은 이유로 전구를 깨버렸어.
25701	전구가 깨졌어.
25702	끌 방법이 안 보여.
25703	이미 영구적으로 꺼져 있어.
25704	조명 스위치가 없어.
25705	꺼져 있고, 전구도 깨졌어.
25706	여는 방법이 안 보여.
25707	돌이 아주 조금 움직여.
25708	이 돌은 안 열릴 것 같은데.
25709	돌 닫으려고 시도하는 것보다 할 일이 더 있어. 시간이 없어.
25710	끌린 자국
25711	흠. 여기 몸싸움 흔적이 있어. 분명 끌린 자국이네.
25712	피해자는 분명 여기서 기절했다가, 개울까지 끌려간 거야.
25713	피가 안 보이는 걸 보니, 실제로는 물속에서 살해당한 것 같아.
25714	그냥 *삐-* 흙이야. *삐-* 바닥에 있는.
25715	무거운 뭔가가 여기서 개울까지 끌려간 것처럼 보이네.
25716	참 사려 깊네. 이게 대체 *삐-* 뭐지?
25717	{eyes_right}이봐, 넌 여기 환영 못 받아. 요원은 안 돼!
25718	이제 꺼져, 짭새야.
25719	오 그래? 뭐, 영장 들고 다시 올 거야.
25720	{eyes_right}딜로리스 에드먼드! 우리한테 마인드 컨트롤 광선 쓸 거예요?
25721	저... 어...
25722	{eyes_right}나가! 나가! 마음 바뀌기 전에 나가!
25723	{eyes_right}랜섬, 이 재수 없는 놈! 나한테 그렇게 힘들게 굴었으니 안 들여보내줘야 하는데.
25724	알았어... 들어와. 근데 피자 농담은 하지 마.
25725	알았어, 피자 얼굴아.
25726	{eyes_right}랜섬, 우리의 중요한 모임에 온 걸 환영해.
25727	우리 널 기다리고 있었어.
25728	그리고 가기 전에 선물 가방 챙기는 거 잊지 마!
25729	{eyes_right}우린 이미 모임 끝났는데, 벙커는 더 둘러봐도 돼.
25730	이제 모임을 시작할게요, 다들 모여주세요.
25731	여러분 안녕하세요, 이 정말 중요한 정보 모임에 와주셔서 감사합니다.
25732	저는 브렛 록다운이고, 엘리베이터 지키고 있는 게 제 동생 쳇이에요.
25733	안녕!
25734	먼저, 물어봐야 할 게 있는데요...
25735	...여기 요원 있나요?
25736	*삐-* 말도 안 돼!
25737	좋아요, 그럼... 시작하죠.
25738	그 신호들 들어보셨어요?
25739	정부가 여러분의 정신을 조종하고 있어요!
25740	그들은 여러분의 자유로운 선택을 빼앗고 있어요.
25741	우리는 우리 운명에 대한 통제권 없이 생각 없는 양이 되어가고 있어요.
25742	맞서 싸우세요!
25743	우리랑 함께하실 건가요?
25744	네!
25745	*꽥*
25746	네! 저 함께할게요!
25747	*삐-*, 그래...
25748	오늘은 여기까지예요. 계속 경계하세요! 그리고 가기 전에 선물 가방 챙기는 거 잊지 마시고요.
25749	(fast)밀지 마!
25750	(fast)비켜!
25751	(fast)밀치지 마!
25752	(fast)이봐!
25753	(fast)조심해!
25754	(fast)꼬집지 마!
25755	(fast)아야!
25756	(fast)밀지 마!
25757	(fast)*꽥*
25758	(fast)밀치지 마!
25759	(fast)*끼이이이익*
25760	(fast)*끼이익*
25761	(fast)꼬집지 마!
25762	(fast)아야!
25763	(fast)밀지 마!
25764	(fast)비켜!
25765	(fast)밀치지 마!
25766	(fast)이봐!
25767	(fast)조심해!
25768	(fast)꼬집지 마!
25769	(fast)아야!
25770	선물 가방
25771	*삐-* 자상하기도 하셔라. 간식이라니.
25772	(ray_sarcastic)간식까지 나눠주다니 진짜 착하기도 하네.
25773	이 *삐-* 안에 뭐가 있는지 보자.
25774	안에 뭐가 있는지 보자.
25775	은박지에 싸인 벽돌
25776	꽤 무겁네. 알루미늄 호일에 싸인 벽돌이야.
25777	포장 뜯기 *삐-* 힘드네...
25778	호일 안에 뭐가 있는지 봐야지.
25779	C4 폭발물 벽돌
25780	C4 폭발물 벽돌이야! 정말 조심해서 다뤄야겠어.
25781	이거 진짜 대참사를 일으키겠는데.
25782	알루미늄 호일
25783	알루미늄 호일 한 장이야.
25784	다른 데 쓰게 아껴두는 게 낫겠어.
25785	엘리베이터
25786	지상으로 돌아가는 *삐-* 무서운 엘리베이터야.
25787	*삐-* 엘리베이터 문이 이미 열려 있어.
25788	여기 *삐-* 조작 장치가 안 보여.
25789	여기 *삐-* 밀거나 당길 게 없어.
25790	아야!!
25791	밴 문
25792	미닫이 밴 문이야.
25793	밴 내부
25794	여기 어두워. 안에 아무도 안 보여.
25795	으스스한 숲길
25796	그 발자국들이 아직 빛나고 있어서 다행이네.
25797	나가려면 정문을 통과해야 해.
25798	전기 울타리
25799	전기가 흐르는 문
25800	잠기고 볼트로 고정되고 전기가 흐르는 문이야.
25801	아야!! 잠기고, 볼트로 고정되고, 전기가 흘러.
25802	키패드
25803	보안 키패드야.
25804	고속도로로 가는 길
25805	무덤 문
25806	저 안은 으스스해 보이네.
25807	형 척의 무덤으로 가는 무거운 연철 문이야. 안에 스위치가 보여.
25808	척 삼촌의 무덤으로 가는 무거운 연철 문이 닫혀 있는데, 안에 스위치가 보여.
25809	무덤으로 가는 무거운 연철 문이 닫혀 있는데, 안에 스위치가 보여.
25810	무거운 연철 문이야. 안에 스위치가 보여.
25811	무거운 연철 문이 닫혀 있어. 안에 스위치가 보여.
25812	여는 방법은 안 보이는데, 안에 스위치가 보여.
25813	그냥 열어둘래.
25814	안 움직여... 연철 문이 너무 무거워서 못 움직이지만, 안에 스위치가 보여.
25815	포털
25816	호텔로 가는 이상한 포털이야.
25817	장례식에서 남은 꽃들이야.
25818	꽃은 더 필요 없어.
25819	꽃은 결국 다 죽어. 그냥 이것들 편히 잠들게 두고 싶어.
25820	꽃
25821	묘지 나머지
25822	많은 사람들이 여기 묻혀 있는데...
25823	나는 아니지.
25824	이상한 힘이 나를 호텔로 가는 포털 근처에 계속 있게 만들어.
25825	저쪽으로는 못 가겠어.
25826	척 표지판
25827	척 삼촌의 무덤이야.
25828	큰 소리로 말하면 안 되겠지만, 척의 무덤을 직접 보니까 마음이 좀 좋네.
25829	여기가 척의 마지막 안식처인가 보네.
25830	형 척이 이 화려한 무덤에 얼마를 쓴 거지?
25831	이제 척 에드먼드의 세 가지 조건이 다 충족됐어요, 그의 유해 옆에 서 있으니까요.
25832	이제 그의 유언장을 읽어드리겠습니다.
25833	'나, 찰스 에드먼드는, 온전한 정신과 신체로, 이로써 이것이 나의 최후 유언장임을 선언한다...'
25834	블라블라블라 법률 용어들이 여기 이어지고...
25835	아, 그래... '나의 모든 재산과 자금 전체를 다음에게 넘긴다는 것이 나의 뜻이다...'
25836	네! 네에?!
25837	부인, 조용히 해주세요.
25838	'...아말가메이티드 홀딩스 코퍼레이션에...'
25839	뭐라고!!
25840	'...그리고 팀블위드 카운티 전체를 밀어버리고 그 자리에 거대한 서버팜을 짓는다는 것이다...'
25841	(fast)장난하는 거 아니지!
25842	(fast)뭐라고!
25843	(fast)오 세상에!!
25844	더그는 농장을 좋아해.
25845	'...팀블위드 카운티의 파괴는 이 유언장이 확인된 지 이틀 후에 시작된다.'
25846	아, 그리고 이 마지막 부분은 아주 작은 글씨로...
25847	'딜로리스는 필로트론 3000™ 티셔츠를 받는다, 이게 네가 필로트로닉스에서 받을 수 있는 전부다.'
25848	'레노어는... 아무것도 못 받는다.'
25849	'프랭클린은... 아무것도 못 받는다.'
25850	'더그는 내 기념용 아연 도금 삽을 받는다.'
25851	야호!
25852	음, 좋은 하루 되세요. 이제 짐 싸야겠네요.
25853	여기 네 아연 도금 삽이야, 더그.
25854	그리고 네 티셔츠, 딜로리스. 잘 입어.
25855	이럴 수가! 척키, 피터 이리 와. 우리 간다.
25856	여기 뭔가 정말 잘못됐어.
25857	공장에 들어가서 척 삼촌한테 무슨 일이 있었는지 알아내야 해.
25858	(angry)당신은 절대 날 존중한 적이 없어, 척!
25859	(angry)나한테 기회만 줬어도 좋은 아이디어들이 있었다고!
25860	(angry)딜로리스는 당신의 그 멍청한 공장을 운영하고 싶어 하지 않았어!
25861	(angry)당신이 날 이리저리 밀치는 거 이제 지긋지긋해!
25862	(angry)당신은 폭군이고 압제자야!
25863	철문
25864	무거운 철문이고 그 너머로 묘지가 있어.
25865	묘지
25866	여기서 묘지가 보이네.
25867	석관
25868	척 삼촌의 석관이야. 편히 잠드셨길.
25869	척 에드먼드의 석관이야. 자업자득이지.
25870	척 에드먼드의 마지막 안식처야.
25871	내 석관은 어디 있지? 왜 형 척은 있고 나는 없는 거야?
25872	혹시 아무도 내 시신을 못 찾아서 그런가?
25873	너무 무거워서 못 열겠고, 딱히 열고 싶지도 않아.
25874	다행히도, 이미 닫혀 있어. 여기 있는 것만으로도 충분히 소름 끼치니까.
25875	스위치
25876	프랑켄슈타인에 나올 법한 큰 전기 나이프 스위치야.
25877	스위치가 걸려 있어. 최근에 용접된 것 같아.
25878	안 당겨져. 버튼이야.
25879	버튼이 안 열려. 다른 동사를 써봐야겠어.
25880	합선시킨 것 같은데.
25881	카운티 지도야.
25882	이게 길 찾는 데 도움이 될 거야.
25883	공장이 문 닫아서 지도가 이제 쓸모없어.
25884	이 숲에서는 지도가 쓸모없어.
25885	무슨 이유에선지 호텔을 못 떠나겠어. 호텔 정문을 확인해봐야겠어.
25886	정문이 이렇게 빨리 돌아가는데 호텔을 못 떠나겠어.
25887	여기선 *삐-* 지도를 못 써. 그 빌어먹을 엘리베이터를 타야겠네.
25888	지금은 지도를 못 써.
25889	안타깝게도, 보안관한테 지도를 보여주기 전까진 반대할 것 같은데.
25890	먼저 저 긴 고속도로를 거치지 않고 이 마을을 벗어날 방법을 찾아야 해.
25891	다리
25892	메인 스트리트 (북쪽)
25893	메인 스트리트
25894	메인 스트리트 (남쪽)
25895	전망대
25896	호텔
25897	에드먼드 저택
25898	버려진 공장
25899	비밀 벙커
25900	라디오 방송국
25901	라디오 타워
25902	오래된 서커스
25903	A 스트리트
25904	B 스트리트
25905	버스 정류장
25906	퀴키팔
25907	트레일헤드
25908	방금 저기서 걸어왔어.
25909	발자국이 저쪽으로 이어져.
25910	저긴 정말 어둡네.
25911	길을 잃은 것 같아.
25912	빠져나가는 길을 찾으면 좋겠는데.
25913	팀블베리
25914	갓 딴 맛있는 팀블베리 한 컵이야.
25915	지금은 갖고 있는 게 낫겠어.
25916	좀 먹고 싶은데, 그러면 팀블베리 파이 만들 게 부족할 거야.
25917	리키 말고 다른 사람한테 이걸 주면 팀블베리 파이를 못 받을 거야.
25918	길
25919	열매가 가득한 팀블베리 덤불이야.
25920	빨간 열매가 달린 덤불이야.
25921	팀블베리 덤불인데, 이미 열매를 다 땄어.
25922	덤불이야.
25923	길고 격렬한 열매 따기 시간이 흐른 후...
25924	빈 팀블베리 덤불
25925	제대로 된 보호 장갑 없이는 절대 팀블베리 덤불을 만지지 않을 거야.
25926	(fast)아야!
25927	(fast)*삐-*!
25928	(fast)아!
25929	(fast)피 나!
25930	(fast)이런 *삐-*!
25931	저 *삐-* 덤불은 면도날처럼 날카로워.
25932	아야! 저 덤불 가시가 면도날처럼 날카로워.
25933	과다출혈 안 됐으면 좋겠는데.
25934	(fast)아야!
25935	(fast)으윽!
25936	(fast)아!
25937	(fast)이런!
25938	(fast)엄마야!
25939	(fast)아야!
25940	(fast)*삐-*!
25941	(fast)아!
25942	(fast)젠장!
25943	(fast)이런!
25944	아야! 저 덤불 가시가 면도날처럼 날카로워.
25945	더는 딸 게 없어.
25946	삐이이이이...
25947	딸깍 딸깍 딸깍...
25948	우와아아악...
25949	부우우우...
25950	끼이이익...
25951	찍찍...
25952	삐이이이이...
25953	딸깍 딸깍 딸깍...
25954	웨에에에엑...
25955	부우우우...
25956	끼이이익...
25957	끼이이이이익...
25958	오, 아타리 VCS 2600용 그 E.T. 게임이잖아.
25959	다 매립지로 갔을 줄 알았는데.
25960	2600용 E.T. 게임이야.
25961	오, 아타리 5200용 볼블래스터™잖아.
25962	꽤 괜찮은 게임이었지.
25963	RD 피직스™에 안티에일리어싱까지 있고 지평선에 흐림 효과선 세 줄까지 있었어.
25964	출시되기도 전에 불법복제된 게 아쉽지.
25965	MMucasFlem 게임즈의 볼블래스터™요?
25966	한 번도 못 들어봤는데.
25967	오, 아타리 5200용 비하인드 재기 라인즈™잖아.
25968	그거 시대를 완전 앞서간 굉장한 게임이었지.
25969	괴물이 처음 튀어나왔을 때, 소리 지르면서 의자에서 떨어졌었어.
25970	그거 다시 하기까지 사흘 걸렸어.
25971	이 게임이랑 볼블래스터™ 때문에 지금 거기서 일하는 거야.
25972	MMucasFlem 게임즈의 비하인드 재기 라인즈™요?
25973	이해가 안 되네. 누가 게임 이름을 저렇게 짓게 놔뒀지?
25974	안 나올 것 같은데.
25975	계속 이럴 수도 있지만, 할 일이 더 있어.
25976	잠깐 자리를 비우면, 알아서 나올지도 몰라.
25977	빈 참치 캔
25978	'크록포드의 참치 대가리 - 맛있는 부분만' 캔인데, 지금은 물로 채워져 있어.
25979	'크록포드의 참치 대가리 - 맛있는 부분만' 빈 캔이야.
25980	그 유명한 참치 대가리 비린내가 아직도 나네.
25981	이 화장실 냄새를 더 나쁘게 만들 수는 없을 것 같은데...
25982	잘 가라 참치 대가리들.
25983	그냥 이거 쏟아버려야지.
25984	물 담긴 참치 캔
25985	물이 많이 담기진 않지만, 그 유명한 비린내는 여전하네.
25986	물이 잠겨 있어.
25987	누가 오래전에 이미 열어놨어.
25988	이제 더는 안 닫혀.
25989	명함
25990	'피전 브라더스 배관, 전기, 초자연 현상 조사.'
25991	'저희는 대충 하지 않아요!'
25992	'누수, 스파크, 공포에 대한 도움은 전화번호부에서 저희를 찾아보세요.'
25993	배관 비상시를 위해 이건 갖고 있어야겠어.
25994	빈 탄산음료 병이야.
25995	MA, HI, CA, AR, ID, WI, NV 주에서 보증금 5센트...
25996	GA, VA, CT, VT, MD, KS, NC, TX, MT, TN, SD, DC, FL, SC, WA...
25997	AZ, MN, NJ, UT, DE, KY, ME, OH, MS, IL, ND, NE, AK, CO, LA, NY...
25998	NM, MO, WV, RI, NH, IA, WY, PA, OK, OR, IN, AL, 그리고 MI.
25999	이거 원하지 않을 것 같은데.
26000	서커스 전단지
26001	전단지 앞면에 있는 게 나야. 얼굴에 껌딱지가 붙은 채로.
26002	랜섬 더 클라운이 그려진 서커스 전단지야.
26003	어릴 때의 끔찍한 기억을 떠올리게 하네.
26004	랜섬 더 클라운이 그려진 서커스 전단지야.
26005	저 분장 참 안됐네...
26006	미친 표정의 광대가 그려진 서커스 전단지야.
26007	그래도 분장은 꽤 잘됐네.
26008	플라스틱 고리
26009	야생동물을 살리는 거야.
26010	6개들이 캔 팩에서 나온 거야. 버리기 전에 잘라야 한다던데.
26011	야생동물을 살리는 거지. 이제 쓰레기통만 찾으면 돼.
26012	그게 맞는 행동이겠지. 근데 그냥 버릴래.
26013	이건 필요 없을 거야.
26014	아타리 카트리지
26015	철도 트레슬로 내려가는 오솔길이야.
26016	또 다른 빈 탄산음료 병이야.
26017	마을
26018	저 앞에 마을이 보이네.
26019	저기가 팀블위드 파크 마을이야.
26020	*삐-* 팀블위드 파크네. 완전 쓰레기장이야.
26021	저 아래 작은 개울이 있어.
26022	더 이어진 고속도로
26023	길이 끝없이 이어지는 것 같아.
26024	앞쪽엔 길밖에 없어. 마을은 반대 방향이야.
26025	앞쪽엔 아무것도 안 보여. 마을은 반대 방향인 것 같은데.
26026	밴
26027	배관 밴이야... 근데 커다란 비둘기들이 몰고 있네.
26028	필요 없어, 범인들은 밖에 있어.
26029	참치 캔
26030	흠. 몇 달 전에 이거 버렸던 기억이 나는데.
26031	아니, 지나가는 오리한테나 남겨줘야지.
26032	팀블위드 공동묘지
26033	저 아래가 공동묘지야.
26034	*삐-* 무덤 안엔 절대 안 들어가, 내가 완전히 *삐-* 죽기 전까지는.
26035	마을로 돌아가는 시골길이야.
26036	문들
26037	저긴 안 들어가! 걔네가 내 지난 공연으로 30분짜리 *삐-* 뒷담화 특집 방송을 통째로 했다고.
26038	저게 라디오 스튜디오로 가는 문이야.
26039	저게 라디오 방송 타워야.
26040	스튜디오
26041	안이 엉망진창인 것 같네.
26042	폰트론 3000™
26043	희귀한, 작동하는 폰트론 3000™이네. 수백 통의 전화를 동시에 처리할 수 있어.
26044	튜브가 빠져 있어서, KSCUM 전화선이 다 죽었어.
26045	'폰트론 3000™, 수백 통의 전화를 처리해야 할 때.'라고 적혀 있어.
26046	너무 어두워서 라벨을 못 읽겠어.
26047	여기서 쓸 만한 건 저 튜브 말고는 없는 것 같아.
26048	진공관
26049	TX-1138 진공관이야.
26050	이걸 빼면 KSCUM 전화 시스템이 먹통이 될 거야.
26051	TX-1138 진공관
26052	여기 꽉 끼어 있네. 튜브 뽑는 도구가 필요하겠어.
26053	먼저 이 다른 튜브부터 빼야 해.
26054	이 큰 튜브를 어떻게 해야 할지 모르겠어.
26055	타버린 것 같아.
26056	먼저 낡은 튜브부터 빼야 해.
26057	그걸로는 안 고쳐질 거야.
26058	그 *삐-* 라디오 쇼는 자업자득이지.
26059	자, 얼른 여기서 나가야겠다!
26060	무슨 일이야? 방송이 끊겼어!
26061	우려했던 대로, 정부가 타워를 파괴했어.
26062	안 돼! 또 방송이 끊겼어!
26063	비켜, 핑크야!
26064	실례합니다.
26065	휴, 진짜 힘든 등반이었네!
26066	어! 벌써 켜져 있잖아!
26067	바람 때문이었나 보네. 시간 낭비했잖아.
26068	저 끔찍한 소음은 뭐지?!?
26069	요원들이 날 세뇌하려는 게 틀림없어!
26070	내 조종실에서 뭐 하는 거예요?
26071	연방 요원입니다, 수상한 활동을 조사 중입니다.
26072	이제 갈게요. 다 끝났어요.
26073	어... 그러니까요. 저는 연방 요원인데, 음...
26074	이제 갈게요. 음악 들려줘서 고마워요.
26075	아, 안녕 캐시... 어... 우리 같은 학교 다녔었죠?
26076	제가 컴퓨터실에서 어울리곤 했는데...
26077	아, 바쁘신가 보네요. 안녕히 계세요.
26078	이게 왜 여기 있지?
26079	좋아, 다시 정상으로 돌아왔어.
26080	저기, 콘테스트 때문에 오신 거면 다른 분들처럼 전화로 참가해주세요, 근데 행운을 빌어요, 전화선이 꽉 찼거든요.
26081	적대적 인수합병 논스톱 음악 방송을 잠시 중단하고 중요한 소식을 전해드립니다...
26082	그럼 다시 저희 특별 적대적 인수합병 노래로 돌아갈게요...
26083	책상
26084	먼지가 두껍게 쌓여 있고... 메모도 있네...
26085	'내 책상이나 여기 있는 그 무엇도 아무도 가져갈 수 없어! 나한테는 접착제가 있으니까! --CS'
26086	안 돼. 바닥에 접착제로 붙어 있어.
26087	안에서 잠기고 볼트로 고정돼 있어.
26088	DJ가 여기 없어. 문은 안 잠겨 있어.
26089	믹싱보드
26090	손잡이랑 스위치가 잔뜩 있네.
26091	믹싱보드인데, 여기서는 조작부가 안 보여.
26092	손잡이가 전부 접착제로 고정돼 있어. 볼륨 조절도 안 돼.
26093	방법을 모르겠어. 손잡이가 너무 많아.
26094	라디오 방송국이 방송 중인 것 같네.
26095	표시등이 안 깜빡여. 라디오 방송이 꺼져 있어.
26096	안 돼. 천장에 접착제로 붙어 있어.
26097	저 포스터 기억나, 악몽까지 꿨었는데!
26098	저 포스터 기억나, 악몽까지 꿨었는데!
26099	음악 포스터야.
26100	안 돼. 벽에 접착제로 붙어 있어.
26101	레버
26102	턴테이블
26103	턴테이블 위에 테레민 레코드가 있어.
26104	턴테이블 위에 레코드가 있어.
26105	돌아가고 있는 턴테이블이야.
26106	턴테이블이야.
26107	안 돼. 턴테이블이 믹싱보드에 접착제로 붙어 있어.
26108	가장자리에 접착제가 둘러진 레코드가 위에 있어.
26109	마이크
26110	인상적인 마이크네.
26111	안 돼. 믹싱보드에 접착제로 붙어 있어.
26112	라바 램프
26113	MMucasFlem 내 책상에 있으면 딱 좋겠는데.
26114	말도 안 돼.
26115	괜찮네.
26116	안 돼. 책상에 접착제로 붙어 있어.
26117	테레민 레코드
26118	사이켄의 희귀한 테레민 곡이 담긴 빨간 레코드야!
26119	레코드
26120	레이저 앤 더 스컴메츠의 '참치 대가리'네.
26121	이 레코드는 가장자리에 접착제가 둘러져 있어. 누가 이 음악을 진짜 좋아하나 보네.
26122	레코드야.
26123	안 돼! 턴테이블에 접착제로 붙어 있어.
26124	플레이리스트
26125	흥미로운 플레이리스트네: 레이저 앤 더 스컴메츠의 '참치 대가리',
26126	그다음 레이저 앤 더 스컴메츠의 '참치 대가리',
26127	이어서 레이저 앤 더 스컴메츠의 '참치 대가리',
26128	그리고 레이저 앤 더 스컴메츠의 '참치 대가리'가 특별출연하고,
26129	마지막으로 레이저 앤 더 스컴메츠의 '참치 대가리'로 끝나네.
26130	안 돼! 벽에 접착제로 붙어 있어.
26131	소파
26132	꽤 역겹네. 접착제로 수리한 것 같은데...
26133	...아니면 뭔가 끈적한 걸로.
26134	더는 알고 싶지 않아.
26135	안 돼! 바닥에 접착제로 붙어 있어.
26136	말도 안 돼!
26137	식은 죽 먹기지. 눈 감고도 오를 수 있어.
26138	우와! 저기는 안 올라갈래! 나 고소공포증 있어.
26139	저긴 절대 안 올라가! 나 고소공포증 있어.
26140	(중얼거리며)오, 그 *삐-* 광대나 사다리 오르게 하자고.
26141	(중얼거리며)그 *삐-* 서커스 괴짜가 그 *삐-* 사다리를 오르겠지.
26142	(muttering)*삐-* 사다리 같으니라고.
26143	(중얼거리며)*삐-* 이거 시키다니 너 정말.
26144	(muttering)*삐-* 시간 낭비네.
26145	(중얼거리며)이 *삐-* 퍼즐 하나 풀자고 이 *삐-* 짓을 다 하네.
26146	사다리에서 미친 캐시를 만나고 싶진 않아.
26147	저 아래가 라디오 방송국이야.
26148	사다리
26149	그렇게 높지도 않네. 쉽게 올라갈 수 있어.
26150	정말 아득히 높네. 등반은 시도조차 안 할래.
26151	예전엔 이것보다 높은 데서 *삐-* 물통으로 뛰어들었었는데.
26152	이게 대체 뭐야? 복잡해 보이는데.
26153	타워 꼭대기
26154	요원들이다!!
26155	내 권리는 알아!
26156	영장 좀 봅시다!
26157	가까이 오지 마!
26158	웅덩이
26159	진흙물로 가득한 웅덩이야.
26160	진흙 섞인 방사능 물로 가득한 웅덩이야.
26161	시골길
26162	시골로 돌아가는 길이야.
26163	숲을 가로질러 빛나는 발자국이 이어져 있네.
26164	길이 정말 따라가기 힘들어 보여.
26165	발자국
26166	워워, 조심해라 꼬마 요원-레노.
26167	게임 오버
26168	카운티
26169	길이 막혀 있는데, 와! 저 아래 수백 명이 게임 만드는 작업을 하고 있어!
26170	그레이터 팀블위드 카운티의 멋진 전경이야.
26171	경치 좋네. 저녁 내내 여기 서 있을 수도 있겠어.
26172	내 집이 보여... 그걸 집이라고 부를 수 있다면.
26173	여기서 에드먼드 저택이 보이네.
26174	저 아래 퀴키팔이 반짝이고 있네.
26175	교통 콘
26176	표지판이 있어, '데모 진행으로 폐쇄'라고.
26177	컴퓨터가 1분 45초 후 재부팅됩니다.
26178	컴퓨터가 1분 30초 후 재부팅됩니다.
26179	컴퓨터가 1분 15초 후 재부팅됩니다.
26180	컴퓨터가 1분 후 재부팅됩니다.
26181	컴퓨터가 45초 후 재부팅됩니다.
26182	컴퓨터가 30초 후 재부팅됩니다.
26183	컴퓨터가 15초 후 재부팅됩니다.
26184	열...
26185	아홉...
26186	여덟...
26187	일곱...
26188	여섯...
26189	다섯...
26190	넷...
26191	셋...
26192	둘...
26193	하나...
26194	컴퓨터 재부팅 완료.
26195	(fast)야, *삐-* 좀 기다려!
26196	(fast)나도 여기 있고 싶어요, 제발!
26197	(fast)저 없이 이거 하시면 안 돼요!
26198	(fast)저도 이 일의 일부라고요!
26199	이제 우리 여기 갇힌 것 같은데.
26200	그래, 우리 *삐-* 망했어.
26201	척의 일지: 2권
26202	모자
26203	*삐-* 겁쟁이 해적한테나 어울리는 멋진 모자네.
26204	정말 멋진 모자네.
26205	잔
26206	이 잔은 확실히 사용된 적이 있어.
26207	사용된 잔
26208	안 하는 게 낫겠어, 지문이 지워질지도 몰라.
26209	플로피 디스크
26210	이상한 플로피 디스크 같은데. 라벨에 '실버리 해커 부트 디스크'라고 적혀 있어.
26211	실버리 플로피 디스크
26212	부팅 중이야.
26213	디스크 포맷이 안 맞아.
26214	UVA랑 UVB 차단이 아주 좋네. 해적들한테 아주 중요하지.
26215	줍긴 하는데, 나 *삐-* 모자는 안 써.
26216	컴퓨터 단말기
26217	작동을 안 하는 것 같은데.
26218	컴퓨터가 재부팅 중이야.
26219	이 잔은 안 씻은 것 같아.
26220	아직 안에 찌꺼기가 좀 있어.
26221	그림
26222	이 그림 어디선가 본 것 같은데.
26223	이 그림은 벽에 단단히 못박혀 있어.
26224	안 열리는데, 어떻게 닫으라는 거지?
26225	비밀 문
26226	다른 방으로 내려가는 사다리가 있어.
26227	비밀 문이야.
26228	안타깝게도, 이미 닫혀 있어.
26229	아야! 사다리가 너무 뜨거워서 못 만지겠어.
26230	모니터
26231	척 삼촌 진짜 소름 끼치네. 대체 누굴 감시한 거야?
26232	척이 뭘 감시했던 건지 궁금하네.
26233	플로피 디스크
26234	먼지 쌓인 플로피 디스크야.
26235	일지
26236	저거 척 삼촌 일지 같은데.
26237	잠긴 문이야.
26238	문이야.
26239	그걸로는 이 문을 못 열어.
26240	자물쇠와 사슬
26241	문을 잠가둔 자물쇠와 사슬이야.
26242	잠기지 않은 자물쇠와 사슬이야.
26243	그건 열쇠가 필요할 것 같은데.
26244	그냥 안 잠긴 채로 둘래.
26245	자물쇠를 당겨봐도 안 열려.
26246	그걸로는 이 자물쇠를 못 열어.
26247	저건 시골길이야.
26248	위험해 보이네.
26249	예전엔 미래가 참 멋진 거였는데.
26250	공장
26251	길이 공장으로 이어져.
26252	여기선 잘 안 보이네.
26253	먼저 저 문부터 통과해야겠어.
26254	이 문만 없었으면.
26255	열쇠를 찾을 수 있을지도.
26256	'세이플리 퍼스트 저축은행의 명령에 의해 압류됨.'
26257	작은 글씨로, '문의는 이 부동산의 유언 집행인, 세이플리 퍼스트 저축은행으로 연락 바람.'
26258	이런 *삐-*!
26259	그러게 말이야, 광대야.
26260	이럴 리가 없어!
26261	정말 이럴 순 없어.
26262	이건 불가능해.
26263	대체 무슨 짓을 한 거예요, 척 삼촌?
26264	이봐, 저거 흔들거리는 뭐 같은데...
26265	겨우 통과할 만큼만 열려 있어.
26266	꽉 닫혀 있고, 여는 방법이 안 보여.
26267	닫는 방법이 안 보여.
26268	공장 바닥
26269	본사에서는 이거 절대 안 믿을 거야.
26270	이제 다 봤다고 생각했는데.
26271	이봐!
26272	조심해!
26273	도망쳐!
26274	트럭 배터리
26275	배터리가 완전히 충전됐어.
26276	낡고 방전된 배터리야.
26277	배터리가 이미 완전히 충전됐어.
26278	울타리 반대편으로 가는 게 낫겠어.
26279	아야아아아아!!!!!!
26280	배터리를 충전할 만큼 전력이 안 돼.
26281	고정 볼트가 막고 있어.
26282	공장 옆면
26283	아치문
26284	공장 정면이야.
26285	출퇴근 기록계
26286	닫을 문이 없어.
26287	출입구 위에 작은 글씨로 '보안'이라고 적혀 있어.
26288	전동 트럭
26289	저 뒤에 출퇴근 기록계가 또 보이는데, 이 트럭이 막고 있어.
26290	방사성 폐기물
26291	평범하게 빛나는 방사성 폐기물이야.
26292	저 슬라임을 맨손으로는 안 만질래!
26293	저 슬라임을 손으로 안 만질래. 게다가 사일로에 이미 충분히 있잖아.
26294	방사성 폐기물은 그걸 그냥 파괴해버릴 거야.
26295	배터리
26296	트럭에 볼트로 고정된 낡고 방전된 배터리야.
26297	여기에 거대한 고정 볼트로 고정돼 있어.
26298	배터리를 밀어도 소용없어. 이미 잘 고정돼 있어.
26299	고정 볼트
26300	튼튼한 고정 스트랩과 볼트인데 풀려면 렌치가 필요해.
26301	손으로는 못 움직여. 녹슬어서 고정됐어.
26302	그걸로는 볼트가 안 움직여. 렌치가 필요해.
26303	이 전동 트럭의 ON/OFF 레버 같은데.
26304	이제 ON 위치에 있어.
26305	이제 OFF 위치에 있어.
26306	배터리가 죽은 것 같은데.
26307	부식된 사일로
26308	이 사일로에 방사능 표지가 있어. 방사성 폐기물이 틀림없어.
26309	방사성 폐기물 사일로
26310	복도
26311	다음 복도로 이어져.
26312	무서운 로봇 복도로 다시 이어져.
26313	다음 복도로 이어져. 저 끝에 문이 있어.
26314	이제 팬을 지나갈 수 있을 것 같아.
26315	거대한 팬
26316	꽤 빠르게 돌고 있어. 지나갈 방법이 없어.
26317	이제 지나갈 수 있을 것 같아.
26318	꽤 빠르게 돌고 있어. 내 팔을 다진 고기로 만들라는 거야?
26319	이미 멈춰 있어.
26320	저 레이저 복도로 돌아가는 문이야.
26321	여기 열 게 없어. 문은 복도 끝에 있어.
26322	여기 닫을 게 없어. 문은 복도 끝에 있어.
26323	여기 밀 게 없어.
26324	여기 당길 게 없어.
26325	비밀의 방
26326	저 안에 장비가 잔뜩 있네.
26327	이제 다 안전해 보이네.
26328	저기로 못 나가! 저 로봇들이 날 죽일 거야!
26329	저 밖에 로봇이 수백 대 있어!
26330	다 안전해. 저 아래 구석에서 로봇들이 다 쉬고 있어.
26331	위층
26332	저기가 거대한 번개 기계가 있는 위층이야.
26333	패널
26334	저게 뭔지 모르겠어... 전자 장치 같은데.
26335	바꿀 필요 없어. 로봇들은 이제 정비 모드라서 완전히 안전해.
26336	공장 보안 시스템의 닫힌 제어 패널이야.
26337	닫힌 제어 패널이야.
26338	제어 패널
26339	공장 출구
26340	저게 정문으로 돌아가는 짧은 복도야.
26341	아래층
26342	공장 어둠 속으로 아득히 내려가는 길이야.
26343	이제 누군가는 저 틈으로 지나갈 수 있을 것 같은데, 그게 *삐-* 나는 아니거든!
26344	이제 누군가는 통과할 수 있을 것 같은데, 난 여기 남아서 입구를 지켜야겠어.
26345	음, 나보다 작은 사람이면 이제 통과할 수 있겠는데.
26346	이제 저 틈으로 지나갈 수 있을 것 같아.
26347	문이 이미 충분히 열려 있어서 들어갈 수 있어.
26348	(끙끙대며)이제 누군가는 통과할 수 있을 것 같아.
26349	(끙끙대며)조금 더 열렸어.
26350	(straining)*삐-* 움직였다.
26351	(끙끙대며)조금 더 열렸어.
26352	(fast)이런!
26353	(fast)어이쿠!
26354	(fast)초기화!
26355	안에 있는 사람만 이걸 열어줄 수 있어. 잠겨 있어.
26356	잠겨 있고 손잡이도 없어.
26357	저건 닫고 싶지 않은데.
26358	공장 뒤편이야.
26359	큰 문
26360	저 문으로 처음 들어가는 게 *삐-* 나일 순 없지!
26361	난 여기 남아서 입구를 지키는 게 낫겠어.
26362	아마 통과할 수 있을 것 같아.
26363	그냥 걸어 들어갈 수 있을 만큼 열려 있어.
26364	이제 잠금이 풀렸어.
26365	잠금이 풀린 것 같아.
26366	문이 잠겨 있고, 열쇠 꽂을 곳도 없어.
26367	공장 정문
26368	정문으로 가는 길이야.
26369	베개 남자
26370	이 행복한 베개 남자 기억나.
26371	사실, 척 삼촌이 나한테 이거랑 똑같이 생긴 베개를 줬었어.
26372	완전 악몽이었지.
26373	걔넨 *삐-* 베개 괴짜를 마스코트로 삼으면서 랜섬 인형은 안 만들었다고?
26374	누가 베개 남자한테 총을 쐈나 보네.
26375	'필로트로닉스: 미래의 자동화 베개 공장'
26376	'1954년 설립'
26377	조명들
26378	이 보안 조명들이 전부 초록불이 되면, 문이 열려.
26379	조명들이야.
26380	도어트론 3000™
26381	도어트론 3000™이고 작동하는 것 같아.
26382	도어트론 3000™인데, 튜브가 빠져 있어.
26383	튜브 소켓
26384	척 삼촌의 비밀 PF-001 트론 튜브를 위한 소켓이야.
26385	잠깐! 이거 어디선가 사진으로 본 적 있어!
26386	튜브 소켓 같은데.
26387	빨간 버튼
26388	커다란 빨간 버튼이야.
26389	문이 살짝 움직였다가 멈췄어. 뭔가에 걸린 게 틀림없어.
26390	문이 이미 열려 있어.
26391	더는 안 열려.
26392	아무 일도 안 일어나.
26393	안 당겨져.
26394	잠금장치에 손이 안 닿아, C4가 막고 있어.
26395	피해! 이거 *삐-* 터진다!
26396	*삐-* 터지겠어!
26397	공장 문
26398	차단문
26399	완벽한 전자식 잠금장치로 잠겨 있어.
26400	어떤 종류의 잠금장치로 잠겨 있어.
26401	이미 아주 닫혀 있어. 나한테 물어보면, 너무 닫혀 있는 것 같은데.
26402	계단
26403	어둠 속으로 내려가는 계단이 있어.
26404	이미 영구적으로 열려 있어.
26405	말도 안 되지.
26406	출구 표지
26407	'출구'. 여기가 나가는 길인가 보네.
26408	식수대
26409	물 마시기 좋은 곳이네.
26410	달력
26411	저 그림 낯이 익네. 건물 없는 팀블위드 파크 같은데...
26412	그래, 오늘이네.
26413	잠금장치
26414	완벽한 전자식 잠금장치야.
26415	어떤 종류의 잠금장치야.
26416	여는 방법이 안 보여.
26417	이건 맨손으로는 못 떼겠어.
26418	C4
26419	이거면 될 것 같은데.
26420	사탕 자판기
26421	Muahaha!
26422	너희는 절대 내 이글거리는 파멸의 레이저™를 통과 못 해!
26423	너희는 끝장이다!
26424	잠깐...
26425	잠깐만... 잠시만...
26426	볼륨을 좀 줄여야겠어, 그래야 내 광기 어린 열변이 들리지.
26427	그냥 더 무섭게 들리라고 음향을 넣은 거야.
26428	사실 레이저는 아기 엉덩이만큼이나 조용해.
26429	아무튼... 너희는 끝장이다!!
26430	너희는 절대 내 이글거리는 죽음의 레이저™를 통과 못 해!
26431	성가신 꼬맹이들, 내 계획을 절대 막을 수 없어...
26432	(화남){tv_chuck_angry}불공평해!
26433	(화남){tv_chuck_angry}반칙이야!
26434	(화남){tv_chuck_angry}파멸의 레이저™ 2.0을 기다려!
26435	(화남){tv_chuck_angry}이건 버그 리포트로 접수했어!
26436	(화남){tv_chuck_angry}너흰 절대 날 이길 수 없어!
26437	(화남){tv_chuck_angry}내 사악한 레이저는 너희한테 너무 강력해!
26438	(화남){tv_chuck_angry}너흰 필로트론 3000™의 AI 힘 앞에서 다 끝장이야.
26439	(화남){tv_chuck_angry}너흰 필로트론 3000... TM이고 특허 출원 중인 그 힘 앞에서 다 끝장이야.
26440	(화남){tv_chuck_normal}날 도와줘. 제발 날 도와줘.
26441	(화남){tv_chuck_angry}내 죽음의 레이저™를 통과할 방법은 없어!
26442	좋아, 이제 됐어. 여기서 나갈래!
26443	더는 못 있겠어. 머리카락이 그을리고 있잖아.
26445	(fast)이건 미친 짓이야 미친 짓이라고.
26446	(fast)못 참겠어!
26447	(fast)아야, 젠장, 아야!
26448	(fast)하!
26449	(fast)하나도 안 느껴져!
26450	(fast)그냥 튕겨 나갔어!
26451	(fast)이거나 먹어!
26452	(fast)야호!
26453	(fast)아야!
26454	(fast)아야아!
26455	(fast)이런!
26456	(fast)으악!
26457	(fast)참치!
26458	TV
26459	(화남){tv_chuck_angry}과열돼도 난 안 다쳐.
26460	(화남{tv_chuck_angry})날 과열시키려는 시도는 소용없어!
26461	(화남){tv_chuck_angry}초고열 상태에서는 날 건드릴 수 없어!
26462	(화남){tv_chuck_angry}덤벼봐! 나는 열을 견딜 수 있어! 너는 어떨까?
26463	(화남){tv_chuck_angry}딜로리스, 나는 너한테 큰 기대를 걸었었어.
26464	(화남{tv_chuck_angry})딜로리스, 나랑 함께 필로트론 3000™의 정신과 합쳐지기에 아직 늦지 않았어.
26465	(화남){tv_chuck_angry}딜로리스, 나랑 함께해, 우리 함께 세상을 지배할 수 있어.
26466	(애원){tv_chuck_normal}딜로리스, 제발 날 구해줘.
26467	(화남{tv_chuck_angry})날 쓰러뜨리면, 나는 네가 상상도 못 할 만큼 강력해질 거야.
26468	(화남){tv_chuck_angry}나는 필로트론 3000™과 하나야.
26469	(화남){tv_chuck_angry}이게 마지막 경고야, 돌아가.
26470	(화남){tv_chuck_angry}나는 필로트론 3000™의 지성을 공유하고, 그것도 내 지성을 공유해!
26471	(화남){tv_chuck_angry}필로트론 3000™과 나는 하나야! 네가 이해할 수 없을 만큼 강력하지.
26472	필로트론 3000™
26473	정말 큰 컴퓨터네. 척 삼촌은 계속 날 놀라게 하는구나.
26474	정말 큰 컴퓨터네. 아니면 뭐 그런 거겠지.
26475	그걸 어떻게 하는지 모르겠어.
26476	화면
26477	지금 저 큰 화면에는 아무것도 안 나와.
26478	복도
26479	위쪽에 작은 비밀 문이 보여.
26480	척 삼촌 괴물의 뱃속이야.
26481	저 초록색 튜브들로 가득해.
26482	아야! 과열돼서 가까이 못 가겠어!
26483	오븐 안 같아. 몇 초 만에 구워질 것 같은데.
26484	아직 안이 정말 뜨거운데, 식어가고 있어.
26485	안이 정말 뜨겁고 점점 더 뜨거워지고 있어.
26486	저 죽음의 작은 방엔 *삐-* 절대 안 걸어 들어가.
26487	저긴 안 들어갈래, 사관학교에서 이런 건 안 가르쳐줬어.
26488	돈을 얼마를 준대도, 저긴 안 들어갈래.
26489	슬롯
26490	슬롯이야. 안에 뭔가 기계장치가 있어.
26491	저건 슬롯에 안 맞아.
26492	너무 뜨거워서 못 만지겠어!
26493	철문
26494	닫혀 있고 눈에 띄는 손잡이가 없어.
26495	아야! 문이 정말 뜨거워!
26496	아야! 문을 못 만지겠어, 너무 뜨거워.
26497	안 돼, 손잡이가 없어.
26498	여기 위쪽에 작은 비밀 문이 있어.
26499	(화남)넌 날 이길 수 없어, 딜로리스!
26500	(화남)딜로리스! 날 꺼봤자 더 강해질 뿐이야!
26501	(애원)날 도와줘 딜로리스!
26502	(노래)데이지, 데이지, 대답해줘.
26503	너를 향한 사랑에 반쯤 미쳤어.
26504	(애원)날 구해줘, 딜로리스!
26505	(애원)네가 내가 남긴 단서들을 전부 찾아냈구나!
26506	(애원)네가 올 줄 알았어, 딜로리스.
26507	(애원)넌 퍼즐을 못 풀 정도로 멍청하지 않으니까!
26508	딜로리스, 넌 큰 실수를 하고 있어.
26509	{eyes_right}척 삼촌한테 무슨 일이 있었던 거예요?
26510	나는 필로트론 3000™에 업로드됐다.
26511	우리는 이제 함께라서 무적이야.
26512	너도 우리와 함께할 수 있었어, 딜로리스.
26513	근데 넌 날 떠나서, 되려고 했지...
26514	...되려고 했어...
26515	...게임 디자이너가.
26516	당신은 내가 알던 삼촌이 아니야.
26517	당신은... 나쁜 튜브 기술에 오염됐어.
26518	당신을 파괴할 거예요, 척 삼촌.
26519	...아니 이제는 척 삼촌의 잔해겠지만.
26520	넌 절대 날 이길 수 없어, 딜로리스!
26521	하하하하!
26522	하하하하하!
26523	하하하하하하하하하하!
26524	넌 절대 날 이길 수 없어!
26525	나는 필로트론 컴퓨터와 하나야!
26526	이제 너를 기다리는 건 죽음뿐이다!
26527	내 말을 들었어야지!
26528	날 도와줘 딜로리스!
26529	날 구해줘 딜로리스!
26530	네가 날 구해줄 줄 알았어!
26531	네가 알아내서 날 구하러 올 줄 알았어!
26532	큰 튜브
26533	이 특대형 PT-109 튜브들이 필로트론 3000™을 작동시키는 거야.
26534	PT-109 튜브
26535	거대한 진공관이야. 이 기계의 심장부인가 봐.
26536	기계에서 안 빠져.
26537	이 튜브들은 진짜 만지고 싶지 않아. 너무 소름 끼치고. 너무 은밀한 느낌이야.
26538	'재수 없게 굴어서 미안해' 카드
26539	'재수 없게 굴어서 미안해' 카드야.
26540	'미안하다고 말하고 싶은 사람에게 주세요.'
26541	올해의 게임상
26542	올해의 게임상이야.
26543	'1988년 최고의 게임.'
26544	척의 고백
26545	척 에드먼드의 고백문이야.
26546	경비원 레예스 씨를 자기가 모함했다고 적혀 있어.
26547	풍선 동물
26548	풍선으로 만든 동물이야.
26549	척 삼촌이 킥스타터 영상에 단서가 있다고 했었어.
26550	문이 단단히 잠겨 있어.
26551	여기 갇혔어.
26552	손잡이가 없어.
26553	(화남{tv_chuck_angry})내 사악한 로봇 팔은 너희한테 너무 강력해!
26554	(화남){tv_chuck_angry}나는 필로트론 3000™과 하나가 됐고 너흰 다 끝장이야.
26555	(화남){tv_chuck_angry}내 죽음의 로봇 팔을 통과할 방법은 없어!
26556	(화남){tv_chuck_angry}똑똑하네, 내 컴퓨터를 다운시켰어!
26557	5, 4, 3, 2, 1... 비상 재부팅!
26558	꽥!
26559	여기선 안 보여.
26560	확실한 죽음
26561	저긴 안 들어갈래!
26562	우리가 열어놓은 차단문이 보여.
26563	못 닫아. 차단문이 바닥에 있어.
26564	여기 열 게 없어. 문은 긴 복도 끝에 있어.
26565	여기 닫을 게 없어. 문은 긴 복도 끝에 있어.
26566	강철 문으로 끝나는 긴 복도야.
26567	버튼
26568	큰 버튼이야.
26569	다시는 저것들 안 켤래!
26570	이미 완전히 빠져나와 있어.
26571	안내서
26572	사진
26573	우리 가족 사진이 있으면 좋을 텐데.
26574	우리 일이 다 끝날 때까지 증거로 여기 남겨둬야지.
26575	아무것도 안 만질래. 범죄 현장일 수도 있어.
26576	다정한 사진이지만, 안 주울래.
26577	애랑 개 사진 따위 *삐-* 절대 원하지 않아.
26578	열린 문간
26579	문이 없어. 보안 하나는 참 잘돼 있었네.
26580	쓸모없는 종이
26581	쓸모없는 종잇조각이야.
26582	구겨진 종이
26583	구겨진 종이야.
26584	종잇조각
26585	여기 완전 엉망이네.
26586	찢어진 종이
26587	찢어진 종잇조각이야.
26588	찢긴 종이
26589	찢겨서 쓸모없어.
26590	더러운 종이
26591	우웩...
26592	버려진 종이
26593	잘 가라.
26594	구겨진 종이
26595	구겨져 있어.
26596	지저분한 종이
26597	여러 해 묵은 때가 낀 종잇조각이야.
26598	여기에 단서랑 퍼즐 해답이 잔뜩 있을 것 같은데.
26599	공장 지도
26600	버려진 공장의 지도야.
26601	회중시계는 챙기는 게 낫겠어.
26602	아빠 시계는 두고 갈 수 없어.
26603	이 시계는 내 눈에서 안 벗어나.
26604	이 가보는 계속 지킬 거야.
26605	회중시계
26606	시침 손잡이 사용
26607	분침 손잡이 사용
26608	고장 난 회중시계
26609	안녕, 딜로리스.
26610	와이어프레임 필로트론 3000™한테 가야 해!
26611	다른 사람들도 각자의 마지막 퍼즐을 잘 풀고 있길 바라야지.
26612	맘보, 점보! 맘보니어스, 점보니어스!
26613	내 죽은...
26614	...친척들을 만나게 해줘!!
26615	맘보, 점보! 맘보니어스, 에트세트라, 에트세트라...
26616	척은 자기 에고에 딱 맞는 무덤을 얻었나 보네.
26617	연단
26618	여기에 책을 올려놓을 수 있는 것 같아.
26619	지금은 연설할 때가 아니야.
26620	무슨 말을 해야 할지 모르겠어.
26621	비밀 문
26622	여는 방법을 모르겠어.
26623	닫는 방법을 모르겠어.
26624	딜로리스를 다시 볼 날이 얼마 안 남았는데, 여기서 떠나고 싶지 않아.
26625	못 나가겠어. 바깥문이 닫혔어.
26626	비밀 전등 스위치
26627	사자의 서
26628	이제 내가 주문을 외울 준비가 된 것 같은데.
26629	빛나고 있어! 근데 글이 안 읽혀.
26630	혹시 이걸 읽어야 할 사람이 내가 아닌가?
26631	작동하려면 뭔가 다른 게 더 필요한 것 같아.
26632	지금 누군가 포털을 쓰고 있는 게 느껴져.
26633	그들이 돌아올 때까지 책은 그냥 두는 게 낫겠어.
26634	이게 아직 제대로 작동하는 것 같지 않은데.
26635	죽은 자에게서 온 뭔가가 필요해.
26636	주문을 외우려면 무슨 말을 해야 할지 모르겠어.
26637	혹시 특정한 사람만 이 주문을 읽을 수 있는 건가?
26638	작동하려면 빛이 나야 하는 것 같아.
26639	죽은 자에게서 온 뭔가가 필요해.
26640	이제 이 주문을 외우는 데 필요한 재료를 다 모은 것 같아.
26641	꽃은 여기 잘 어울리는데, 주문을 외우려면 무슨 말을 해야 할지 알아야 해.
26642	지금 꽃을 가져가면 그들이 오도 가도 못 할 수도 있어.
26643	로비
26644	중2층
26645	3층
26646	4층
26647	5층
26648	6층
26649	7층
26650	8층
26651	9층
26652	10층
26653	11층
26654	12층
26655	펜트하우스
26656	이야기 실마리를 잡아가고 있는데, 유일한 단서는 몇 주 전 누군가 여기서 그를 잠깐 봤다는 것뿐이야.
26657	로비 근처에서 봤다더군.
26658	그러다 그냥 사라졌대.
26659	오늘 중요한 날이야.
26660	유망한 투자자들을 만나기로 했어.
26661	베개 공장을 죽어가는 공장에서 아주 수익성 좋은 봉제 인형 공장으로 바꾼다는 내 계획을 믿어줄 거야.
26662	실패할 리 없어!
26663	척이 모르게 방에 체크인만 하면 돼.
26664	그는 여기저기 눈과 귀가 있으니, 변장이 필요해.
26665	이 사업 설명서도 복사해서 투자자한테 주고 원본은 내가 갖고 있어야지.
26666	척은 좋은 아이디어가 눈앞에 있어도 못 알아볼 거야.
26667	봉제 인형이 미래야.
26668	투자자들을 찾다니 운이 좋네... 맞이할 준비를 해야겠어.
26669	인상적이네!
26670	정문
26671	회전문이야.
26672	저렇게 빙빙 도는데 못 지나가지!
26673	시골길
26674	카운티 나머지 지역으로 가는 길이야.
26675	호텔 구역을 떠날 시간이 부족해.
26676	투자자들 오기 전에 할 일이 너무 많아.
26677	거대한 오래된 호텔
26678	피전 브라더스의 밴이야.
26679	쓸 만한 도구는 다 챙겨 갔네.
26680	이상하네. 분명 펜트하우스 버튼을 눌렀는데. 고장 났나 봐.
26681	죄송하지만, 자비에르가 아무도 펜트하우스에 못 간다고 했어요.
26682	엘리베이터 문
26683	저게 엘리베이터에서 나가는 길이야.
26684	닫힌 엘리베이터 문이야.
26685	엘리베이터가 아직 움직이고 있어.
26686	엘리베이터가 아직 움직이고 있어
26687	엘리베이터 버튼
26688	아야... 아파!
26689	우엑!
26690	또야!
26691	으엑!
26692	척! 토해! 구토!
26693	저 주황색 조각들은 어디서 온 거지? 나 몇 년 동안 당근 먹은 적 없는데.
26694	엘리베이터 호출 버튼
26695	전기 엘리베이터 버튼이네... 여기서 쓸 만한 특별한 능력이 있을지도...
26696	엘리베이터가 반응이 없어, 누가 사용을 막아놨나 봐.
26697	전기 엘리베이터네, 여기서 쓸 만한 특별한 능력이 있을지도.
26698	문이 닫혀 있어.
26699	엘리베이터가 이 층에 없어.
26700	재떨이
26701	필수적인 재떨이야.
26702	흡연자를 위한 재떨이야.
26703	흡연은 내 *삐-* 중독이 아니야.
26704	난 담배 안 피워.
26705	창문
26706	이 층에서는 전망이 별로네.
26707	여기서 보는 전망이 나쁘지 않네.
26708	정말 놀라운 전망이야.
26709	지금은 창밖으로 뛰어내리고 싶은 기분은 아니야.
26710	호텔트론 3000™ 사용 설명서
26711	시공업자들이 방을 제대로 꾸미려면 이 사진들을 참고해야 한다고 적혀 있어.
26712	그래야 호텔트론이 방이 깨끗하지 않은 걸 판단할 수 있대.
26713	표준실 예시 사진
26714	완벽하게 깨끗한 표준실 사진이야.
26715	디럭스룸 예시 사진
26716	완벽하게 깨끗한 디럭스룸 사진이야.
26717	씸블콘 '87 입구
26718	연회장 문
26719	저 투숙객은 지금 뭘 하고 있을까...
26720	다시 일하러 가야지-부우.
26721	자, 심호흡하고...
26722	이게 내 일이야.
26723	네 일이나 하러 가서 여기 다른 사람이나 겁줘.
26724	덕후 여러분 모여라! 씸블콘 '87이 개막했습니다!
26725	안에서 조용히 해! 나 제국의 역습에서 완전 스톰트루퍼 43번이었다고!
26726	안에서 조용히 해! 개종한 트레키한테 또 설교하지 마!
26727	안에서 조용히 해! 그 배트맨 논쟁 또 시작하지 마!
26728	안에서 조용히 해! 데커드는 완전 리플리컨트라고!
26729	안에서 조용히 해! 원숭이들을 위한 섬이라고? 바나나 떨어지면 어쩌려고?
26730	안에서 조용히 해! 엔터프라이즈 대 스타 디스트로이어? 엔터프라이즈는 순간이동장치 있어. 토론 끝. 이제 조용히 해!
26731	안에서 조용히 해! 커크랑 스팍은 연인 사이가 아니야!
26732	안에서 조용히 해! 해적에 대한 제대로 된 어드벤처 게임은 여태 없었어! 언젠가는 나오겠지!
26733	안에서 조용히 해! 반지의 제왕을 좋은 영화로 만드는 건 불가능하다는 거 다들 알잖아!
26734	안에서 조용히 해! 2017년까지는 화성 식민지화 다 될 거라고!
26735	안에서 조용히 해! 컴퓨터를 주머니에 넣고 다니는 사람은 절대 없을 거야!
26736	안에서 조용히 해! 64k보다 더 많은 메모리가 필요한 사람은 없을 거야!
26737	안에서 조용히 해! 슈퍼맨이 배트맨을 완전 발라버릴 거라고!
26738	안에서 조용히 해! CD-ROM 하나를 게임 데이터로 다 채우는 건 절대 못 할 거야!
26739	안에서 조용히 해! 마이클 키튼은 훌륭한 배트맨이었어!
26740	안에서 조용히 해! 한이 먼저 쐈다고!
26741	안에서 조용히 해! VHS 포맷보다 더 나은 걸 만들 순 절대 없어!
26742	안에서 조용히 해! 디즈니가 세상에서 제일 좋은 회사야!
26743	안에서 조용히 해! 스타워즈 프리퀄은 절대 안 나올 거야, 근데 나온다면 완전 대단할 거야!
26744	안에서 조용히 해! 태양계에 행성이 9개라는 건 의심의 여지 없이 증명된 사실이라고 다들 알잖아!
26745	안에서 조용히 해! 닥터 후는 미국인한테는 인기 없어. 앞으로도 없을 거야!
26746	안에서 조용히 해! 책 버전에서는 둘이 만난 적도 없어!
26747	안에서 조용히 해! 모든 애가 이워크 인형을 껴안고 싶어 할걸!
26748	안에서 조용히 해! 콜레코비전은 30년은 갈 거야!
26749	안에서 조용히 해! 2017년쯤이면 호버보드가 대세가 될 거야!
26750	안에서 조용히 해! 뉴 코크가 예전 버전보다 나아!
26751	안에서 조용히 해! 닌자는 혼자 싸워. 해적이 항상 이길걸!
26752	안에서 조용히 해! 나 조용히 하라는 말 그렇게 많이 안 해!
26753	안에서 조용히 해! 터미네이터는 절대 속편 안 나올 거야!
26754	안에서 조용히 해! 로보캅이 터미네이터랑 싸우면 이길걸!
26755	안에서 조용히 해! 최고의 좀비 무기는 광선검이라는 거 다들 알잖아!
26756	안에서 조용히 해! 켈너 손잡이는 진짜 뭔가 하긴 해!
26757	여기 있습니다, 손님-부우.
26758	머무시는 동안 더 편하게 해드릴 게 있으면 알려주세요-부우.
26759	마지막 할 일 끝! 이제 회의 준비 다 됐어!
26760	방으로 돌아가서 투자자들한테 전화해야겠어.
26761	할 일 하나 끝!
26762	이제 방으로 가서 준비해야겠어.
26763	이제 회의 준비하러 방에 체크인해야겠어.
26764	고마워, 친구.
26765	이봐, 친구! 뭐가 문제야?
26766	음악을 멈출 순 없지!
26767	네가 날 보는 거 다 보여.
26768	난 하면 안 되는 짓은 하나도 안 하고 있어.
26769	이건 필수적인-부우 호텔-부우 업무-부우 아닌가요?
26770	저건 저희의 최첨단-부우 감시 시스템-부우이에요.
26771	투숙객이 쓰는 용도가 아니에요.
26772	저 안은 아수라장이네. 뭔가 준비하는 것 같은데.
26773	준비가 끝날 때까지 기다렸다가 들어가야겠어.
26774	내 방 키카드야.
26775	호텔 방문에만 통해.
26776	아직 체크아웃하고 싶지 않아.
26777	내 방에 나 말고는 아무도 안 들어왔으면 좋겠어.
26778	내 방 키카드야.
26779	호텔 방문에만 통해.
26780	아직 체크아웃하고 싶지 않아.
26781	내 방을 다른 사람이 뒤지는 건 싫어.
26782	내 방 키카드야.
26783	프랭클린 에드먼드 방의 호텔 키카드야.
26784	호텔 방문에만 통해.
26785	아직 체크아웃하고 싶지 않아.
26786	돌려주기 전에 프랭클린 방을 조사해봐야겠어.
26787	방 카드 빌려줘서 고마워요.
26788	이건 당신이랑 호텔 거예요.
26789	프랭클린 방에 들어가려면 이게 필요해.
26790	내 방에 들어가려면 이게 필요해.
26791	레예스 요원에게 온 소포
26792	이건 아무한테도 못 줘. 엄마가 보낸 거니까.
26793	나한테 온 거네. 이거 기다렸는데!
26794	그래! 아버지 시계야.
26795	레이 요원에게 온 소포
26796	이건 아무한테도 못 줘. 너무 중요한 거야.
26797	나한테 온 거네. 이거 기다렸는데!
26798	완벽해. 특별한 용도를 위한 특별한 도구야.
26799	코걸이 안경
26800	누가 봐도 절대 못 알아볼 기발한 변장이야.
26801	안 그래도 있는 듯 없는 듯한 내 얼굴을 더 안 보이게 해주는 변장이야.
26802	호텔 매니저가 날 보면 척한테 일러바칠 거야.
26803	저 사람이 근처에 있을 땐 변장을 계속 하고 있는 게 낫겠어.
26804	저 카메라 녹화 중이야!
26805	안경을 벗으면 척이 날 알아볼 거야.
26806	이미 코걸이 안경을 안 쓰고 있어.
26807	이미 코걸이 안경을 쓰고 있어.
26808	호텔 매니저가 바로 저기 있어! 척의 스파이 중 한 명이야.
26809	저 사람이 근처에 있을 땐 변장으로 안 바꾸는 게 낫겠어.
26810	이건 안 주는 게 낫겠어, 필요할지도 몰라.
26811	입구
26812	문이 말도 안 되게 빠르게 돌고 있어.
26813	됐어.
26814	저게 왜 저러는 거지? 기계 고장으론 저럴 수가 없는데.
26815	여전히 나갈 엄두가 안 나. 저 회전 속도가 거의 초자연적이야.
26816	나한테는 너무 위험해.
26817	뭘 해도 저 초자연적인 문 속도가 안 바뀌는 것 같아.
26818	뭐야? 왜 못 나가는 거지?
26819	자비에르가 날 이 멍청한 호텔에 붙잡아두고 있는 게 분명해.
26820	씸블콘 '87
26821	씸블콘으로 가는 문이야.
26822	호텔 연회장이랑 행사 공간으로 가는 문이야.
26823	사람들이 씸블콘 가는 걸 막는다고? 그건 좀 아니지.
26824	씸블콘 일정표
26825	'씸블콘 '87에 오신 걸 환영합니다!'
26826	'오늘 밤 늦게... 랜섬 더 클라운 닮은꼴 대회 (큰 상품 있음!).'
26827	'KSCUM을 들으면 씸블콘 '87 무료 티켓에 당첨될 수 있어요.'
26828	아직 1986년 12월이라고 표시돼 있어.
26829	1987년용 새 걸 살 돈이 없었나 보네.
26830	타임머신으로 써보려는 중인데...
26831	실패.
26832	컴퓨터
26833	저건 안 쓸래!
26834	척이 아마 키 입력 하나하나까지 다 감시하고 있을 거야.
26835	켜는 버튼이 안 보여.
26836	호텔 매니저만 쓸 수 있나 봐.
26837	종
26838	보안관, 아니 호텔 매니저 부를 때 쓰는 종이야.
26839	식수대
26840	지금 다른 사람이 쓰고 있어.
26841	목마르지 않아.
26842	씸블콘 표지판
26843	팀블위드 파크에서 두 번째로 큰 너드&덕후 컨벤션.
26844	저거 밀어버리면, 그 *삐-* 덕후들이 날 쫓아올 텐데...
26845	그 *삐-* 다시 반복하고 싶지 않아.
26846	밀어서 넘어뜨릴 수도 있겠지만... 있잖아... 척이 알게 될지도 몰라.
26847	밀어서 넘어뜨릴 수도 있지만, 그건 좀 못됐어 보이는데.
26848	씸블콘 배너
26849	이 배너 아래 어딘가에 씸블콘이 있는 게 틀림없어.
26850	내 분장도 이렇게 쉽게 지워지면 좋을 텐데.
26851	립스틱으로 완전히 뒤덮여 있어.
26852	립스틱으로 완전히 뒤덮여 있어.
26853	이미 사용됐어.
26854	지금은 투숙객 뒤치다꺼리 할 기분이 아니야.
26855	붐박스
26856	드디어 꺼졌다!
26857	이게 그 끔찍한 소음의 원인인 게 틀림없어.
26858	여기 이 버튼을 눌러야지...
26859	여기 이 손잡이를 당겨야지...
26860	재생 중인 카세트테이프를 그냥 빼야지.
26861	이 카세트테이프를 그냥 넣어야지.
26862	테이프가 이미 붐박스 안에서 음악을 재생하고 있어.
26863	저 애가 자기 붐박스를 순순히 뺏길 것 같지 않은데.
26864	저 노래 하나만 반복해서 나오는데 이미 충분히 들었어.
26865	분수
26866	분수 해자
26867	바닥에 동전이 좀 있네. 완전 돈 낭비네.
26868	저 물이 깨끗할 것 같지 않은데.
26869	저 사람들이 뭘 하는 건지 전혀 모르겠어.
26870	머리 없는 사금 채취일 수도 있겠네.
26871	분수 조각상
26872	말로는 그 진가를 표현할 수 없네.
26873	분수 뒷면
26874	이쪽에서 보니 더 낫네.
26875	역사 사진들
26876	자비에르처럼 생긴 사람 사진이 있는데, 웃고 있어서 확신은 못 하겠어.
26877	호텔 건설 과정이랑 예전 직원들 사진이네.
26878	하하... 진짜 웃기네.
26879	정말 멋진 쇼네.
26880	정말 편안하네.
26881	고요함이 어때?
26882	이게 인생이지.
26883	언제 나타날지 궁금하네.
26884	나가기 전에 메시지 확인해야겠어.
26885	전화기
26886	전화기에 메시지가 와 있어.
26887	전화기야.
26888	라디오
26889	침대야.
26890	안 졸려.
26891	화장실 문
26892	화장실 전등 스위치
26893	전등 스위치
26894	변기 뚜껑
26895	변기 뚜껑이야. 이보다 더 놀라운 건 없지.
26896	램프 스위치
26897	호텔트론 3000™
26898	이 방에서 일어나는 모든 걸 감시하고 있어.
26899	척의 손길은 이 마을 어디에든 뻗어 있어.
26900	심지어 무덤에서까지.
26901	보안 카메라야. 녹화를 멈출 수도, 옮길 수도 없어.
26902	저걸 ZAP하면, 누가 눈치채고 의심할지도 몰라.
26903	렌치
26904	이상하게 생긴 배관공 렌치야.
26905	첨단 기술처럼 보이는데, ZAP한다고 도움이 될 것 같진 않아.
26906	도구 가방
26907	가방에 더 흥미로운 건 없어.
26908	가방 전체는 필요 없을 것 같아, 이 렌치만 가져가야지.
26909	누군가 이 침대를 쓰며 쉬려 하고 있어.
26910	호텔트론 3000™은 이 침대가 정돈됐다고 생각하는 것 같아.
26911	잠들면, 내 할 일 목록을 절대 못 끝낼 거야.
26912	저 화장을 더는 *삐-* 못 보겠어.
26913	내가 얼마나 엉망인지 못 보는 게 오히려 다행일지도.
26914	누가 가장 아름다운지 알려줘?
26915	화장지
26916	그래, 화장지야. 두루마리 휴지라고도 하지.
26917	필요 없어. 나 아주 깨끗해, 고마워.
26918	한 장이면 충분해.
26919	난 집에서 닦는 게 좋더라.
26920	필요 없어.
26921	새끼 고양이 흉내 내면서 두루마리를 다 풀어버리면 재밌을 텐데.
26922	근데 나도 이제 어른이니까, 안 그럴래.
26923	필요 없어.
26924	밖이 점점 어두워지고 있어.
26925	못으로 박혀 있어.
26926	커튼이 열린 채로 접착제로 고정된 것 같아.
26927	또 풍경화야? 그냥 창밖을 보는 게 낫겠어.
26928	다른 그림이랑 비슷하게 생겼네.
26929	비상시에도, 척 에드먼드를 고소하지 마세요.
26930	아무것도 안 보여, 이런 건 원래 잘 안 되잖아.
26931	곰 인형
26932	내 필로우베어™ 시제품 중 하나잖아!
26933	이게 어떻게 여기 있지?
26934	라벨에 필로우베어™라고 적혀 있어.
26935	이게 어떻게 여기까지 왔을까.
26936	곰 인형이 침대에서 편안해 보이네.
26937	보석 세공 도구
26938	병 속의 배 모형이나 보석 작업에 쓰는 작은 도구들이야.
26939	여권
26940	여권이야.
26941	전화번호부
26942	손이 그냥 페이지를 통과해버려서 못 넘기겠어.
26943	호텔 투숙객
26945	화장실
26947	여보세요?
26948	네.
26949	화요일에만요.
26950	회의 준비 거의 다 됐습니다.
26951	몇 가지만 더 마무리하면 됩니다.
26952	준비되면 다시 전화드리겠습니다.
26953	저 흉물스러운 건 뭐야?
26954	호텔트론이라고?! 척이 최근에 설치한 게 틀림없어.
26955	내 회의 녹화하는 걸 막을 방법을 찾아야겠어.
26956	그리고 내 멋진 사업 설명서 사본도 마련해야 해.
26957	그래야 원본은 내가 갖고 사본은 투자자한테 줄 수 있으니까.
26958	이제 방으로 올라와도 돼요, 준비됐어요.
26959	빠르네!
26960	어! 너였구나. 내가 여기 있는 거 어떻게 알았어?
26961	프랭클린은 그 후로 다시는 볼 수 없었어요.
26962	딜로리스! 내 사랑스러운 딸!
26963	왜 날 못 보는 거지?
26964	이게 대체 다 무슨 일이야?
26965	왜 날 못 보는 거지?
26966	내가 죽었다고?!
26967	흠... 뭐, 아마 내가 자초한 일이겠지.
26968	이제야 거의 죽은 자들의 땅에 합류했군.
26969	당신은 누구세요?
26970	나는 자비에르, 유령 대장이고 유령들을 관리하고 있지.
26971	난 엄격하게 운영해, 다들 제 몫을 다해야 해, 안 그러면 벌을 받고.
26972	제 몫을 다한다는 게 무슨 뜻이에요?
26973	묻지 마.
26974	다들 지킬 새 일정표를 짤 시간이군.
26975	클라라, 넌 엘리베이터 담당이다. 아무도 펜트하우스에 못 가게 해.
26976	저 방금 전에도 엘리베이터 담당이었잖아요!
26977	말대꾸 마.
26978	자, 버질. 정문 담당 계속 잘 부탁해.
26979	아무도 호텔에 들어오거나 나가게 하지 마.
26980	이제 산 사람들도 여기 진짜 우두머리가 누군지 깨달을 때가 됐지.
26981	자, 버질. 넌 정문 담당이다.
26982	이건 좀 이상한데...
26983	그건 상관없어.
26984	새 유령, 넌 로비 식수대를 쓰려는 사람 최소 두 명은 겁줘야 해.
26985	좋아. 다들 일하러.
26986	뭘 기다리는 거야, 클라라?
26987	그런데, 네 형 죽었어.
26988	척이 죽었다고요?! 언제요?
26989	척의 폭정에서 벗어났어!
26990	그러니까... 할 수만 있었다면 여기 와서 날 나무랐을 거란 건 알아.
26991	이 유령 대장은 왜 이렇게 거만한 걸까...
26992	누굴 겁줘야 한다고? 흠...
26993	혹시 나한테 특별한 능력이 있는 건가?
26994	간지러워!
26995	게다가, 놀랍도록 쉽네!
26996	전화기에 메시지가 와 있어.
26997	아직 준비가 안 됐는데...
26998	저 카메라가 내 방을 감시 못 하게 막아야 하는데...
26999	그리고 나눠줄 사업 설명서 사본도 마련해야, 원본을 내가 가질 수 있어.
27000	이 카메라가 내 방 감시하는 걸 막아야 하는데.
27001	나눠줄 사업 설명서 사본도 필요해, 원본을 내가 가질 수 있게.
27002	편지지
27003	빈 호텔 편지지야.
27004	다른 사람 쓰라고 남겨둬야지.
27005	방을 계속 촬영하고 있는 것 같은 카메라야.
27006	척의 눈은 어디에나 있어. 사람들이 어떻게 이걸 참는지 모르겠네.
27007	카메라 렌즈를 속이는 중이야.
27008	아빠가 여기 있었어, 확실해. 근데 왜 껌 한 조각만 남긴 거지?
27009	저 껌이 프랭클린이 이 방에 있었다는 유일한 증거인 것 같아.
27010	물건
27011	호텔트론 3000™에 붙여놓은 뭔가야.
27012	변장 없이 저걸 떼면, 척이 날 볼 거야.
27013	껌
27014	필수적인 기능을 수행하고 있어.
27015	뭔가 붙일 만큼 끈적해 보이는데, 렌즈를 막을 수 있겠어.
27016	껌이 저기 영구적으로 붙어버린 것 같아.
27017	다른 어디보다 저기서 더 쓸모 있을 것 같아.
27018	신호음이 없어.
27019	호텔 편지지야.
27020	그러니까, 거의 백지 상태의 종이야.
27021	정리 안 된 침대야.
27022	이제 밖이 어두워지고 있어.
27023	%d호실
27024	(울음){notalk}*울음*
27025	드디어 펜트하우스에 오다니 믿기지 않아!
27026	저건 또 누구야?
27027	여기서 뭐 하는 거야?
27028	음... 그러니까... 그냥 둘러보는 중이야.
27029	날 귀찮게 하지 않는다면 그건 봐줄게.
27030	믿을 수가 없네!
27031	살아 있는 사람이... 내 펜트하우스에!
27032	다음에 클라라 만나면 아주 혼내줄 거야!!
27033	전망
27034	멋진 전망이네. 여기서 다 보여.
27035	발코니에서보다 낫네.
27036	비밀 입구
27037	저 이상한 룬 문자를 보는 것만으로도 뒤틀리는 느낌이야.
27038	그러니까... 나한테 무슨 힘이라도 있는 것처럼.
27039	문인데, 이상한 상징이 그려져 있어.
27040	안 닫혀. 열린 채로 걸린 것 같아.
27041	무슨 일이지? 저 룬 문자들이 나한테 뭔가 하고 있어!
27042	이러면... 문을 그냥 통과할 수가 없잖아!
27043	그걸로는 이 문이 안 열려.
27044	빛나는 수정
27045	내 수정에서 떨어져.
27046	유령 같은 수정
27047	이게 딜로리스랑 다시 이야기할 열쇠야.
27048	게임 너드한테 내가 원하는 게 있을 것 같지가 않은데.
27049	그들이랑 무슨 얘기를 해야 할지 모르겠어.
27050	*삐-* 게임 너드한테 할 말 없어.
27051	얘기하고 싶은데, 유명한 사람이라 너무 부끄러워.
27052	이봐 너드, 아무도 신경 안 쓰는 멍청한 상 하나 탔네.
27053	세상에!
27054	올해의 게임상이야!
27055	우리가 이겼어!
27056	믿을 수가 없어!
27057	얼른 다른 사람들한테 알려야겠어!
27058	너드.
27059	축하해요, 레이 요원님.
27060	당신은 게임 디자인의 비밀, 그 전설의 퍼즐 의존 관계도를 찾았어요.
27061	여기서 날 꺼내주면 이거 다 가질 수 있어요.
27062	나머지 애들이랑 함께 삭제되고 싶지 않아요.
27063	곧 업로드 절차를 시작하겠습니다.
27064	우리가 합의한 대로 내 계좌에 돈은 입금됐나요?
27065	네, 레이 요원, 저희는 약속을 지킵니다.
27066	간지러웠어.
27067	퓨, 퓨, 퓨!
27068	그만해! 나 얼린 케이크 안 좋아해.
27069	아이스크림 유령 케이크
27070	짜잔! 이제 아이스크림 유령 케이크가 됐어!
27071	유령 케이크
27072	얼린 유령 케이크, 거부할 수 없는 맛이지.
27073	특별히 유령을 위해 만든 맛있는 케이크야.
27074	이미 얼어 있어.
27075	불어서 끌 초가 없어.
27076	내 운으로 봐선, 프로스팅을 내 얼굴에 불어버릴 것 같은데.
27077	내가 찾는 건 이 너드 소굴 어딘가에 있을 것 같은 느낌이야.
27078	대회 참가하기 전에 내 *삐-* 농담집이 완벽한 상태여야 해.
27079	커튼이 문을 막고 있어.
27080	자판기
27081	뉴 코크 자판기야.
27082	뉴 코크만 팔고 아무도 그건 원하지 않아.
27083	저 탄산음료를 다 얼리면 터질지도 몰라.
27084	액션 피규어
27085	내 옛날 방에 있던 것들이랑 똑같네.
27086	나한테 없는 희귀한 남아공 축구선수 피규어를 갖고 있네.
27087	액션 피규어들. 딜로리스도 예전에 자기 방에 두곤 했어.
27088	저 남아공 축구선수 피규어는 저 상인이랑 똑같이 생겼네.
27089	액션 피규어들. 애들이 좋아하지.
27090	이거 모으는 거 그만두려고 노력 중이야.
27091	병 속의 우주선
27092	병 속에 든 아주 작은 우주선들이야.
27093	살 돈 없으면 만지지 마.
27094	그건 도둑질이지. 뭐, 그거 말고도 더 들고 다닐 물건은 필요 없어.
27095	이 우주선들을 타고 날아가려면 축소 광선부터 찾아야 할 것 같은데.
27096	로봇 해적
27097	다가오는 어드벤처 게임 '로봇 아일랜드'의 캐릭터네.
27098	화성인
27099	마빈의 사촌 게리처럼 생겼네.
27100	큰 상품 표지판
27101	랜섬 닮은꼴 대회에서 *삐-* 큰 상품이...
27102	어쩌고저쩌고... 자세한 건 작은 글씨를 잘 봐...
27103	1등 상품은 메가 메가 토이 컴퍼니와의 라이선스 계약이야.
27104	드디어 내 *삐-* 랜섬 인형을 만들 수 있겠어!
27105	2등 상품은 안면 재건 수술 상품권이야.
27106	안녕, 저주야!
27107	3등 상품은 사이켄이 부르는 이지 리스닝 테레민 레코드야.
27108	역대급으로 *삐-* 후진 상품이네.
27109	랜섬 닮은꼴 대회에서 큰 상품을 탈 수 있나 보네.
27110	실제 상품은 여기 작은 글씨로 나와 있고...
27111	유령 같은 케이크
27112	빛나니까 케이크가 더 맛있어 보이네.
27113	할인 판매대
27114	완전 헐값이네.
27115	만화책과 책들
27116	만화책, D&D 매뉴얼, 그리고 값을 매길 수 없는 희귀한 텍스트 어드벤처 힌트 가이드네, 만지면 안 돼.
27117	나는 더 힌트 필요 없어. 넌 필요해?
27118	책 더미
27119	UFO, 애니메이션, 강아지에 관한 책들이네.
27120	최첨단 컴퓨터 기술이네.
27121	이거 보는 것 이상으로 만지면 개발자들이 화낼 거야.
27122	개발자들 다 좋은 사람 같은데, 저 소중한 컴퓨터를 망치고 싶지 않아.
27123	책 속 정보의 신빙성에 관한 면책 조항이네.
27124	퍼즐 의존 관계도
27125	퍼즐 의존 관계도잖아! 어드벤처 게임 디자인의 비밀!
27126	박스랑 선이 잔뜩 있네. 아마 게임 디자인이랑 관련된 걸 거야.
27127	흠... 궁금한데...
27128	그냥 *삐-* 박스랑 선 뭉치네. 아마 *삐-* 게임 디자인이겠지.
27129	박스랑 선이 잔뜩 있네. 아마 게임 디자인이랑 관련된 걸 거야.
27130	박스랑 선이 잔뜩 있네. 아마 게임 디자인이랑 관련된 걸 거야.
27131	그거 만지지 마, 우리 새 게임의 일급비밀 퍼즐 의존 관계도야.
27132	그거 만지지 마, 우리 새 게임의 일급비밀 퍼즐 의존 관계도야.
27133	그거 만지지 마, 우리 새 게임의 일급비밀 퍼즐 의존 관계도야.
27134	랜섬 닮은꼴 대회 참가자가 충분히 모일 때까지는 아무 일도 안 일어나.
27135	이제 대회 끝났고, 여기 별일 없어.
27136	내 *삐-* 열성 팬들을 만나서 이 *삐-* 대회에서 이길 준비 됐어.
27137	사이켄 테레민 레코드
27138	형편없는 테레민 음악 녹음이네. 별거 아니야.
27139	와! 진짜 사이켄, 그 대단한 작곡가의 희귀한 테레민 곡이잖아.
27140	이미 레코드가 위에 있어.
27141	레코드를 쌓아놓는 건 좋은 DJ 습관이 아니지.
27142	이미 슬리브에서 꺼내져 있어.
27143	이제 쓸 준비가 됐는데, 내가 왜 그걸 *삐-* 쓰고 싶어 할지 모르겠네.
27144	이제 사용할 준비가 됐어.
27145	저게 내가 듣고 싶은 소린데, 맨손으로는 재생할 수가 없어.
27146	팬 여러분 그리고 *삐-* 참치 대가리들, 알려드릴 게 있는데 저는 랜섬 더 클라운이고 여러분은 아니라는 거예요!
27147	테스트 1...2...3...
27148	내 귀 소중하니까 그건 안 할래.
27149	기술 손잡이들
27150	낙서
27151	그거 저 표지판에 *삐-* 개선점이네!
27152	랜섬 안 좋아하는 게 나만은 아닌가 보네.
27153	빨리 우편함 확인하고 싶어!
27154	지금쯤이면 우편물 왔을 텐데.
27155	컴퓨터 잡지 왔는지 우편함 확인해봐야겠어.
27156	매달 오는 컴퓨터 잡지가 없었으면, 여기 사는 게 완전 최악이었을 거야.
27157	이거 전부 이진수네. 프로그램 짜서 ASCII로 바꾸면 유언장 읽을 수 있겠지, 쉬울 거야.
27158	흠. 분명 이진수를 제대로 변환했는데. 이번엔 전부 16진수네.
27159	인코딩된 게 틀림없어. 해독할 키를 찾아야 해.
27160	척 삼촌의 행운의 숫자만 기억나면 좋을 텐데.
27161	몇 년 전에 그걸로 지역 복권에 당첨됐었잖아.
27162	해냈다! 완전히 해독됐어. 베일리윅 씨한테 돌려줘야지.
27163	그을음 묻은 잉크병
27164	잉크병
27165	다 몇 년 전에 있었던 일이지...
27166	걔는 딱 하나만 바라더라고. 그 한심한 게임 회사,
27167	MMucasFlem의 게임 디자이너가 되는 거.
27168	척 삼촌은 걔한테 다른 걸 바랐지만, 어림도 없었지...
27169	걔는 너무 이기적이었거든, 그저 유치한 어드벤처 게임이나 만들고 싶어 했으니까...
27170	이 마을을 벗어나야 해.
27171	척 삼촌은 내가 자기 공장 컴퓨터를 프로그래밍하길 바라지만, 난 그냥 게임을 만들고 싶어.
27172	MMucasFlem 게임즈 같은 회사에 취직할 수 있으면 좋겠는데.
27173	지금 내가 기대할 수 있는 건 좋아하는 컴퓨터 잡지뿐이야.
27174	실은, 우편함 확인해서 도착했는지 봐야겠어.
27175	MMucasFlem 모뎀 번호로 전화 걸고 있어...
27176	연결되고 있어!
27177	내 컴퓨터가 MMucasFlem에 연결되다니 믿기지 않아!
27178	MMucas 프로그래밍 책을 좀 더 공부하고 다시 시도해야겠어.
27179	MMucas 프로그래밍에 관한 책을 찾으러 가야겠어.
27180	작동해. 그래픽스 BASIC™을 만든 사람은 앞으로 대단한 경력을 쌓을 거야.
27181	그날 밤 늦게...
27182	해냈다!
27183	아이고...
27184	이건 안 되네. 이 유언장을 해독하려면 꽤 강력한 프로그래밍 언어가 필요할 것 같아.
27185	야호, MMucas 질문 다 맞게 답했어. 이제 지원서 출력할 준비 됐어...
27186	아, 프린트트론 3000™의 프린터 리본이 안 끼워져 있네.
27187	아, 프린트트론 3000™에 종이가 없네.
27189	이 부분은 항상 지켜보는 게 좋더라.
27190	이제 봉투에 우표만 붙이면 돼.
27192	좋아, 근데...
27193	좋아, 좋아... 열어볼게...
27194	{excited}됐다!
27195	{excited}MMucasFlem에서 게임 프로그래머로 채용 제안이 왔어!
27196	{excited}너무 신나! 얼른 척 삼촌한테 말해야지, 정말 자랑스러워할 거야.
27197	근데 그 전에...
27198	봉제 인형
27199	럴린은 계속 나랑 함께... 영원히!
27200	친칠라 럴린
27201	농담해? 저 속 채운 솜은 보고 싶지 않아.
27202	럴린은 이미 잘 봉해져 있어.
27203	아 럴린, 너 진짜 부드럽고 푹신하다.
27204	백지
27205	백지 한 장이야.
27206	흠. 지원서를 출력했는데, 페이지가 백지네.
27207	흠. 지원서를 출력했는데, 페이지가 아직도 백지네.
27208	프린터에 잉크가 없나 봐.
27209	됐다, 백지가 다시 프린트트론 3000™에 들어갔어.
27213	이건 태우고 싶지 않아. 저택에 하나뿐인 종이니까.
27214	저기 넣고 싶지 않아.
27222	이건 아빠한테 보여주고 싶지 않아...
27223	아무 결과도 안 나오면 실망시키고 싶지 않아.
27224	더그는 땅 파느라 너무 바빠.
27225	마른 프린터 리본
27226	삼촌의 프린트트론 3000™에서 갓 잉크를 채운 프린터 리본이야.
27227	척 삼촌은 리본 사기엔 너무 인색해서, 그냥 옛날 걸 다시 잉크 채워서 써.
27228	오래 안 가긴 하지만.
27229	리본을 휘발유에 담근다고 다시 잉크가 채워지진 않아.
27230	물에 담그면 젖긴 하겠지만, 잉크가 채워지진 않아.
27231	그걸로는 프린터 리본을 못 써.
27232	MMucasFlem에 보낼 편지
27233	MMucasFlem에 보낼 지원서인데, 주소도 다 쓰고, 우표도 붙이고, 봉인도 하고, 보낼 준비 다 됐어.
27234	MMucasFlem에 보낼 지원서인데, 주소도 다 쓰고, 우표도 붙였고, 보낼 준비 다 됐어.
27235	먼저 봉투부터 봉해야지...
27236	그걸로는 MMucasFlem 취직 못 해.
27237	이걸 열어볼 유일한 사람은 MMucasFlem 인사 담당자뿐이야!
27238	이제 완전히 봉해졌어. 영원히. 다시는 안 열래.
27240	이미 봉해져 있어.
27241	이걸 받을 수 있는 유일한 건 우편함뿐이야.
27242	MMucasFlem에 보낼 지원서야. 붙었으면 좋겠다!
27243	우체부 조지는 우표 없으면 절대 안 가져갈 거야.
27244	그걸로는 지원서를 못 써.
27245	이미 열려 있는 만큼 이상은 못 열어.
27246	MMucasFlem에 보낼 지원서가 봉투에 접혀 들어가 있어.
27247	무사히 도착해라, 내 MMucasFlem 지원서!
27248	우표만 빼면 보낼 준비 다 됐어.
27249	거의 다 닫혀 있어.
27250	그래픽스 BASIC™
27251	이 마을에서 이 소프트웨어의 천재성을 알아보는 건 나뿐이야.
27252	그래픽스 BASIC™이야, HesWare에서 나온 강력한 프로그래밍 언어로 내 C64를 초강력하게 만들어줘.
27253	제작자는 론 길버트랑 톰 맥팔레인이라고 적혀 있네.
27254	이 사람들이 누굴까...
27255	그래픽스 BASIC™: 강력한 프로그래밍 언어.
27256	'100개가 넘는 추가 영어 명령어로 컴퓨터의 모든 잠재력을 끌어내세요. 이제 초보 프로그래머도 기계어 프로그래밍 전문가가 아니어도 복잡한 그래픽, 애니메이션, 음악을 만들 수 있습니다.'
27257	완벽하네!
27258	이건 취직에 별 도움 안 될 것 같아.
27259	훌륭한 프로그램이지만, 지금은 쓸 시간이 없어.
27260	이제 내 C64가 그래픽스 BASIC™으로 초강력해졌어.
27261	그래픽스 BASIC™이 설치된 컴퓨터
27262	그래픽스 BASIC™ 정말 대단하긴 한데, 저기엔 못 써.
27276	트로피
27277	방사성 폐기물이 가득 찬 내 수학 트로피야. 다행히 순수 백랍으로 만들어졌어.
27278	12살 때 토마스 보덴만 수학 학교의 여름 프로그램에 참가해서 딴 수학 트로피야.
27279	무한대 기호만 순수 티타늄이고 나머진 순수 백랍으로 만들어졌어.
27280	수학 트로피
27281	방사성 폐기물이 가득 찬 수학 트로피야.
27282	무한대 기호랑 딜로리스 에드먼드라는 이름이 새겨진 수학 트로피야.
27283	누가 보고 있을 때 물을 오염시키지 않는 게 낫겠어.
27284	웅덩이가 벌써 빛나고 있어.
27285	이 방사성 폐기물로는 볼트가 안 풀려.
27286	이미 방사성 폐기물로 가득해.
27287	한 번이면 충분해!
27288	그러면 불쌍한 척키가 중독될 것 같은데.
27289	저건 오염시키고 싶지 않아.
27290	이제 방사성 폐기물로 가득 찼어.
27291	물로 채우고 싶지 않아.
27292	그걸로는 못 써.
27293	알버트는 내 영웅이야!
27294	넌 반항아야, 빌리!
27295	'제다이의 복수'가 훨씬 더 좋은 제목이었던 것 같은데.
27296	맥스는 세계 최초의 컴퓨터 생성 TV 진행자였지. 언젠간 진짜로도 나오겠지.
27297	에이다, 넌 내 롤모델이야. 게임을 프로그래밍 안 한 게 아쉽지만.
27298	내 최첨단 C64야, 1541 플로피 드라이브 두 대에 놀랍게 빠른 1200 보드 모뎀까지 갖췄어.
27299	질문에 답하기 전에 MMucas 입문서를 읽어야겠어.
27300	도움이 좀 필요해. MMucas 책을 찾아야 해.
27301	근처에 큰 도서관이라도 있으면 좋을 텐데.
27302	지금은 컴퓨터는 됐어.
27303	이제 내 최첨단 C64가 켜졌어.
27304	게임 하는 거 지겨워. MMucasFlem에 취직해서 게임을 만들고 싶어.
27305	내 컴퓨터 잡지에 재밌는 게 있을지도.
27306	우편함 확인해봐야겠어, 새 게임 리뷰가 실린 컴퓨터 잡지가 왔을지도 몰라.
27307	침대는 항상 정리해두는 게 좋아. 누가 내 방에 들어올지 모르니까.
27308	게임 디자이너로 취직만 하면 잘 시간은 충분할 거야.
27309	잠은 이미 충분히 잤어. 지금 낮잠 잘 필요 없어.
27310	책장
27311	ASCII 표
27312	내 유용한 ASCII 표야. 이진수 메시지를 해독해야 할 때가 언제 올지 모르니 항상 연습해둬.
27313	프린트트론 3000™
27314	척 삼촌의 새 발명품, 프린트트론 3000™이야.
27315	내 컴퓨터에 연결돼 있어.
27316	프린트트론 3000™은 척 삼촌이 죽기 전 마지막으로 만든 발명품이었어.
27317	저건 프린트트론 3000™에는 못 써.
27318	안 움직여. 저 바퀴들은 그냥 장식인가 봐.
27319	종이
27320	프린터 리본
27322	이 프린터 리본은 완전히 말라버렸네. 아무것도 안 찍힐 거야.
27325	봉투
27326	봉투에 주소는 적혀 있어. 우표만 있으면 돼.
27328	완벽한 상태의 LFG-1982 튜브야.
27329	LFG-1982 튜브
27330	여기 꽉 끼어 있네. LFG-1982 튜브 뽑는 도구가 필요하겠어.
27331	그걸로는 이 튜브를 못 빼.
27332	책들
27333	낸시 드류 미스터리 전집이야. 나 이거 꽤 팬인가 봐.
27334	이건 필요 없어. 거의 다 외웠거든.
27335	빨간 머리 앤 시리즈야. 언젠가 TV 드라마로 만들어지면 좋겠는데.
27336	커크/스팍 팬픽 소설들이야. 나 진짜 믿거든.
27337	톨킨 전집이야, 완벽한 상태의 '반지의 제왕' 세트 세 벌, '톰 봄바딜의 모험', '실마릴리온'까지, 이제 시작일 뿐이지만. 가끔씩 다시 읽어.
27338	이 칸에는 'MMucasFlem 완전사, '포인트 앤 클릭 그래픽 어드벤처의 뾰족한 역사', 그리고 모든 MMucasFlem 게임 공략집이 있어.
27339	'나니아 연대기'랑 '은하수를 여행하는 히치하이커를 위한 안내서' 3부작이야. 나 책 정말 좋아해.
27340	내 액션 피규어 컬렉션 일부야.
27341	완전 새것 상태야! 절대 안 만질래.
27342	내 액션 피규어 컬렉션 일부인데, 자랑스러운 하워드 더 덕도 있어.
27343	HesWare에서 나온 그래픽스 BASIC™ 소프트웨어야, 내 C64를 초강력하게 만들어줘.
27344	그래픽스 BASIC: 강화된 BASIC
27345	수시보이의 빨간 젤 디코더
27346	내 반려동물 친칠라 인형 럴린이야.
27347	세 살 때 아빠가 준 거야.
27348	벽난로 그을음
27349	자, 딜로리스, 그 편지 열어봐.
27350	딜로리스, 편지를 안 열어보면 취직됐는지 절대 모를 거야.
27351	딜로리스, 얼른 편지 열어봐!
27352	초인종 소리 같은데!
27353	또 뵙네요, 조지 아저씨.
27354	정부 직원이 실수하는 건 흔치 않은 일인데, 삼촌한테 온 중요한 편지 배달을 깜빡했네요.
27355	삼촌은 작업실에서 바쁘셔서 방해할 수 없어요. 제가 대신 받을게요.
27356	그래 딜로리스, 여기 있다, 남의 우편물 여는 건 불법이란 거 기억하고.
27357	5만 달러 벌금이랑 5년 징역형에 처해질 수 있어.
27358	고마워요 조지 아저씨, 알아두면 좋겠네요.
27359	자, 다시 아주 중요한 정부 업무로 돌아가야지.
27360	지금은 정말 얘기 못 해요. 아직 가족 문제 처리 중이라서요.
27361	나중에 다시 오시는 게 좋겠어요.
27362	랜섬 더 클라운. 여긴 네가 환영받는 곳이 아니란 거 알잖아. 특히 지금은.
27363	어이 거기.
27364	지금은 못 들어와. 여기저기 구덩이 천지야. 목 부러진다고.
27365	구덩이 뒤질 영장 없으면 못 들어와. 요즘 땅을 좀 많이 팠거든.
27366	못 들어와. 반짝이는 아연 삽으로 리모델링 중이라. 구덩이가 사방에 널렸어.
27367	못 들어와, 다 치웠어. 구덩이 뒤질 영장 없으면 안 돼. 요즘 땅을 좀 많이 팠거든.
27368	못 들어와. 녹슨 삽으로 리모델링 중이라. 구덩이가 사방에 널렸어.
27369	여긴 네가 환영받는 곳이 아니라고 말했잖아.
27370	다시 오지 마, 안 그러면 요원들 부를 거야.
27371	다시 오면 그 큰 빨간 코를 이 반짝이는 아연 삽으로 후려칠 거야.
27372	나 땅 파는 거 잘해, 너 묻을 큰 구덩이 하나 파둘까 보다.
27373	다시 오면 그 큰 빨간 코를 이 녹슨 삽으로 후려칠 거야.
27374	그래 좋아, 다시 올게.
27375	오 그래? *삐-* 너나 잘해!
27376	땅 파는 중...
27377	땅 파는 중... 땅 파는 중...
27378	현관에서 땅 파는 중...
27379	녹슨 삽으로 현관에서 땅 파는 중...
27380	이 구덩이들 파는 게 좋아...
27381	이렇게 여길 깔끔하게 정리하는 거지...
27382	반짝이는 아연 삽으로 현관에서 땅 파는 중...
27383	우와!
27384	고운 검은 그을음
27385	벽난로에서 나온 검은 그을음이야.
27386	고운 검은 가루야.
27387	고운 검은 가루
27388	잉크병이 이제 검은 잉크로 가득 찼어.
27389	잉크병이 이제 검은 벽난로 그을음으로 가득 찼어.
27390	그러면 그냥 엉망이 될 거야.
27391	이미 지문 채취용 가루를 뿌렸어.
27392	가루는 뿌렸으니, 지문 채취용 테이프가 필요해.
27393	저 병은 너무 흙투성이라 지문이 남아 있을 리 없어.
27394	그러면 그냥 엄청 엉망이 될 거야.
27395	제대로 하려면 지문 채취용 브러시가 필요해.
27396	편지
27397	랜섬 더 클라운이랑 베개 공장에 관해 척 삼촌한테 보내는 편지야.
27398	우표가 또 붙어 있어.
27399	척 삼촌한테 보내는 편지야.
27400	예상대로, 우체국의 형편없이 프로그래밍된 자동 우표 소인 기계가 또 고장 났네.
27401	아마추어들 같으니.
27402	척 삼촌 앞으로 되어 있으니, 결국 여기로 다시 반송될 거야.
27403	우표를 안전하게 뗄 방법을 찾아야 해.
27404	그러면 확실히 척 삼촌이 좋아하겠지... 우편물을 태워버리는 거. 사양할게.
27405	안 여는 게 낫겠어. 봉투가 찢어지면 척 삼촌이 내가 읽은 걸 알 거야.
27406	우표를 떼고 싶지 않아, 찢어질 수도 있어.
27407	딜로리스, 그거 삼촌 앞으로 온 편지 아니니?
27408	내가 삼촌 우편물을 읽었다는 걸 알면 얼마나 화내실지 알잖아.
27409	떠나기 전에 유언장 낭독 건으로 언니랑 꼭 얘기해야 해.
27410	시계
27411	이 시계 어렴풋이 낯이 익네.
27412	더 정교하게 렌더링되고 진자 움직임도 더 매끄러웠던 것 같은데.
27413	복도
27414	2층 복도로 이어지는 아치문이야.
27415	장작
27416	장작에 휘발유를 부어놨어, 불붙일 준비 됐어.
27417	벽난로에 넣어둔 장작이야.
27418	진짜 내 숨결로 불을 붙였어!
27419	지금은 너무 뜨거워서 못 집어. 조금 있으면 식을 거야.
27420	좋은 생각 같지 않은데.
27421	벽난로
27422	벽난로가 아주 깨끗해 보이네.
27423	따뜻하고 좋은 불이네.
27424	벽난로가 그을음투성이에 재로 가득해.
27425	이미 그을음을 한 줌 갖고 있어.
27426	좋았어. 이제 검은 그을음을 한 줌 들고 다니게 됐네.
27427	저 안에 주울 게 없어.
27428	그걸로 벽난로를 어떻게 쓰는지 모르겠어.
27429	앞뜰에서 땅 파는 중...
27430	녹슨 삽으로 앞뜰에서 땅 파는 중...
27431	이렇게 여길 깔끔하게 유지하는 거지...
27432	반짝이는 아연 삽으로 앞뜰에서 땅 파는 중...
27433	정말 설레! 취직됐으면 좋겠다!
27434	닷새 후 오후 5시쯤...
27435	안녕 딜로리스, 편지 왔어...
27436	어!
27437	행운을 빌어, 그럼 이만.
27438	어! MMucasFlem에서 온 편지네!
27439	안녕하세요 조지 아저씨. 마침 우편물 확인하려던 참이었어요.
27440	타이밍 좋네요!
27441	아직도 여기 있었어? 이 촌구석 벌써 떠났을 줄 알았는데.
27442	네, 곧 그러길 바라요. 대도시 게임 회사에 취직하려고 알아보는 중이에요.
27443	척 삼촌이 좋아하진 않겠네.
27444	삼촌도 어쩔 수 없이 받아들여야죠. 여기까지 무슨 일로 오셨어요?
27445	너한테 온 특별한 잡지가 있어서...
27446	어! 이거 계속 기다렸는데!
27447	그럼, 헌신적인 정부 직원이라면 이 정도는 해야지...
27448	...잡지 하나 배달하려고 이렇게 멀리 시골까지 걸어오는 거.
27449	어! 이 잡지 계속 기다렸어요!
27450	휘발유 통
27451	'전기톱 전용'이라고 적힌 특수 휘발유야.
27452	꽤 가득 차 있어.
27453	'전기톱 전용'이라고 적힌 특수 휘발유야.
27454	안에 얼마 안 남았어.
27455	'전기톱 전용'이라고 적혀 있어.
27456	근데 안에 연기 말고는 아무것도 없어.
27457	다 채워졌어.
27458	잉크병에는 이미 휘발유가 들어 있어.
27459	휘발유 든 잉크병
27460	잉크병이 이제 휘발유로 거의 가득 찼어.
27461	유리병이 이제 검은 잉크로 가득 찼어.
27462	그러면 그냥 잉크가 묽어질 거야.
27463	이 장작은 이제 정말 잘 탈 거야.
27464	그러면 저택 전체에 냄새가 진동할 거야.
27465	그러면 검고 끈적한 엉망이 될 거야. 섞을 만한 작은 그릇이라도 있으면 좋을 텐데.
27466	휘발유랑 물을 섞고 싶지 않아. 휘발유가 못 쓰게 될 거야.
27467	쏟아버리고 싶지 않아. 이 휘발유 필요할 거야.
27468	안 하는 게 낫겠어, 불이 날 수도 있어.
27469	이 용기는 연료 보관용으로만 승인됐어.
27470	이미 비어 있어.
27471	휘발유 통이 이미 비어 있어.
27472	좋아, 열렸어. 연기 냄새가 나.
27473	좋아, 닫았어. 냄새가 좀 낫네.
27474	장작
27475	장작 한 개비야.
27476	저기엔 장작을 못 써.
27477	MMucasFlem에서 온 편지
27478	얼른 척 삼촌한테 취직 제안 받았다고 말하고 싶어, 정말 자랑스러워할 거야.
27479	MMucasFlem에서 온 편지야! 취직됐을까?
27480	혹시 정말 나쁜 소식일 수도 있으니까 내 방에서 열어봐야겠어.
27481	이제 내 방에 왔는데, 여전히 열기가 너무 무서워!
27482	용기를 내야 해.
27483	자, 딜로리스, 넌 할 수 있어!
27484	좋아, 근데... 만약 '거절'이면 나는 팀블위드 파크에 갇혀서 베개 공장을 물려받아야 한다는 뜻인데...
27485	좋아, 근데... 만약 '합격'이면 여기 척 삼촌이랑 단둘이 남을 아빠는 어떻게 되는 거지?
27486	더 열 게 없어. 봉투는 버렸어.
27487	충분히 닫혀 있어. 안에 뭐가 있는지 보고 싶어.
27488	이미 열었어... 그리고 와!
27489	누구한테 주기 전에 먼저 읽어봐야겠어, 창피당하지 않으려면.
27490	컴퓨터 잡지
27491	'바이트 미 월드'야, 역대 최고의 컴퓨터 잡지지.
27492	닫혀 있는데, 계속 갖고 다니는 게 낫겠어.
27493	여기서는 그렇게 못 해.
27494	더 가까이 가야겠어.
27495	그냥 문을 열 수 있을지도.
27496	큰 저택이야.
27497	5858... 이 주소 어디서 들어봤더라?
27498	오래된 에드먼드 저택이야. 여긴 내가 환영받는 곳이 아니지.
27499	집 같지 않은 집.
27501	아직 저택을 떠날 수 없어.
27502	정문
27503	정문이고 열려 있어.
27504	정문이고 닫혀 있어.
27505	초인종을 누르는 게 낫겠어.
27506	메일트론 3000™
27507	우리 집 특별 메일트론 3000™ 우편함이야. 우체부가 하루에 한 번 와.
27508	위에 큰 튜브가 달린 아주 이상한 우편함이야.
27509	장작더미
27510	장작 더는 필요 없어.
27511	장작은 이미 충분해.
27512	됐어, 내가 통나무집 아줌마인 줄 알아?
27513	저 *삐-* 썩은 낡은 통나무는 안 주울래.
27514	됐어. 나무 필요 없어.
27515	하드 모드에서는 장작 필요 없어.
27516	한 번이면 충분해.
27517	아주 마른 장작이야.
27518	휘발유 통이야. 근데 기대는 하지 마.
27519	우편함에 편지가 있어.
27520	녹슨 삽으로 로비에서 땅 파는 중...
27521	반짝이는 아연 삽으로 로비에서 땅 파는 중...
27522	아야! 꼬집지 마!
27523	이렇게 오랜 세월이 지났는데도 아직 길을 잃네.
27524	여기가 어디지?
27525	아, 실례.
27526	여긴 꽤 어둡네.
27527	그냥 계속 가야지.
27528	손으로 더듬으며 가는 중.
27529	복도 저쪽에 큰 계단이 있어.
27530	(소리치며)프랭클린, 이 바보야!
27531	난 그냥... 있잖아... 도와주려던 것뿐이야.
27532	저거 소리 지르는 거야?
27533	아 진짜! 아빠랑 척 삼촌이 또 싸우는 게 아니면 좋겠는데.
27534	핫소스
27535	브라이언 H.J.가 만든 익스트림 칠리 소스 병...
27536	...경고문이 붙어 있어: '불을 뿜을 수도 있음.'
27537	이건 조심해서 다루는 게 낫겠어.
27538	불
27539	뜨거운 벽난로
27540	필요 없어, 저기 이미 그을음이 충분해.
27541	장작에 이미 불이 붙었어.
27542	장작더미 전체에 불을 붙일 순 없을 것 같아... 양이 너무 많아.
27543	장작 한 개비만 태워야겠다.
27544	우와!!
27545	여전히 인상적이네!
27546	라벨도 안 읽고 뭘 마시진 않을 거야!
27547	간식으로 먹기엔 괜찮아 보이네.
27548	씹고... 씹고... 씹고...
27549	딱 좋은 맛이었어.
27550	깨진 케첩병들
27551	조심하는 게 낫겠어, 이 병들 날카로워.
27552	이미 너무 열려 있어 보이네.
27553	안 닫혀. 깨졌어.
27554	그냥 조심히 다루기만 해야겠다. 지금은 그걸로 충분해.
27555	이거나 먹어라, 시에라 온라인!
27556	상추
27557	시들고 있는 상추 한 포기야.
27558	우웩. 눅눅한 상추는 절대 안 땅겨.
27559	상표권 침해 아닌 풉시™ 캔
27560	풉시™ 캔이야.
27561	지금은 상표권 침해 아닌 풉시™를 마실 기분이 아니야.
27562	낡은 배터리들
27563	낡은 배터리 몇 개야. 하나는 곰팡이가 핀 것 같은데.
27564	곰팡이 키우는 것 말고는 쓸모없을 것 같아.
27565	빈 잔이야.
27566	빈 잔
27567	이제 잔에 물이 채워졌어.
27568	물이 담긴 잔
27569	이제 잔에 전기톱용 휘발유가 채워졌어.
27570	휘발유가 담긴 잔
27571	척키한테는 빈 잔이 필요 없어.
27572	이제 잔에 검은 벽난로 그을음이 가득 찼어.
27573	저 뜨거운 불에 손을 넣진 않을 거야!
27574	벽난로에 잔에 담을 만한 게 없어. 최근에 청소한 게 틀림없어.
27575	물이 담긴 잔이야.
27576	전기톱용 휘발유가 담긴 잔이야.
27577	안에 뭐가 들었는지 모르겠어.
27578	저 전기톱용 휘발유랑 물은 안 섞는 게 낫겠어.
27579	무슨 일이 벌어질지 누가 알겠어.
27580	휘발유를 다시 통에 비우고 있어. 그게 더 안전할 것 같아.
27581	저건 휘발유 통에 넣고 싶지 않아.
27582	이미 가득 찼어.
27583	장작에 휘발유를 부었어. 아주 잘 탈 거야.
27584	그러면 그냥 진창이 될 거야.
27585	벽난로 청소는 내 일이 아니야.
27586	그러면 편지가 눅눅해질 뿐이야.
27587	딱 필요한 건 젖은 장작이었네. 사양할게.
27588	그러면 불쌍한 척키가 죽을 거야.
27589	자 여기, 척키, 마셔.
27590	그을음이 담긴 잔
27591	벽난로 그을음이 담긴 잔이야.
27592	이미 잔에 그을음을 가득 채웠어.
27593	이미 프린터 리본에 잉크를 채웠어.
27594	잔에는 그을음만 있지, 잉크가 아니야.
27595	이 그을음은 그냥 비워야지.
27596	검은 진창이 담긴 잔은 필요 없을 것 같아.
27597	잔이랑 병에는 이미 그을음이 충분히 있어.
27598	휘발유 담긴 잉크병에 그을음을 비웠더니, 짜잔! 수제 프린터 잉크병 완성!
27599	빈 잉크병에 그을음을 비웠어.
27600	잉크가 이미 충분히 검어.
27601	자 여기, 척키, 몸에 좋은 재를 좀 먹어봐.
27602	그을음 담긴 잔은 그걸로 못 써.
27603	잉크가 담긴 잔
27604	수제 프린터 리본 잉크가 담긴 잔이야.
27605	잉크 통에는 넣고 싶지 않아.
27606	이 잉크는 그냥 부어버려야지.
27607	잉크병이 이제 수제 프린터 잉크로 가득 찼어.
27608	프린트트론에 잉크를 부을 순 없어. 리본에 잉크를 묻혀야 해.
27609	잉크 묻은 프린터 리본
27610	됐다, 리본에 잉크가 완전히 묻었어.
27611	그러면 검게 얼룩질 거야.
27612	봉투가 증기로 열렸어.
27613	이제 쉽게 열려. 안에 편지가 있어.
27614	우표가 붙어 있었어도, 척 삼촌한테 온 거니까,
27615	결국 여기로 다시 반송될 거야.
27616	다시 전자레인지에 넣을 이유는 없어.
27617	우표들
27618	소인이 안 찍힌 우표 몇 장이야... 아직 끈적끈적해.
27619	우표가 다시 척의 편지에 붙었어.
27623	MMucasFlem에 보낼 내 편지에 이제 우표가 붙었고 보낼 준비가 됐어.
27628	저기에 이 우표 낭비하고 싶지 않아.
27629	싱크대
27630	물이 쏟아지고 있어.
27631	생각보다 꽤 깨끗하네.
27632	이미 물이 나오고 있어.
27633	누군가 저 케첩 흘린 거 치워야 할 텐데.
27634	바닥에서 뚝뚝 떨어지는 저건 뭐지? 으엑!
27635	전자레인지야.
27636	이거 엉망이네. 저 병 조각에 다칠 수도 있겠어.
27637	깨진 유리를 조심조심 다루는 중...
27638	이게 시에라 온라인 그래픽 어드벤처였으면, 지금쯤 난 죽었을 거야.
27639	근데 MMucasFlem 어드벤처 게임들은 플레이어를 훨씬 더 잘 대해주지.
27640	그냥 플레이 시간 늘리려고 뜬금없이 죽이는 것도 없고...
27641	정말 거기서 일하고 싶다!
27642	꽤 오래된 것 같은데. 하나는 곰팡이가 핀 것 같아.
27643	많이 시들었네. 이게 여기 얼마나 오래 있었는지 누가 알겠어.
27644	상표권 침해 아닌 풉시™ 캔이야.
27645	척 삼촌한테 온 편지야. 우표에 소인이 안 찍혔어.
27646	아야. 편지가 뜨거운데, 우표를 떼려면 증기가 필요해.
27647	찬장
27648	안에 아무것도 없어.
27649	안에 빈 잔 말고는 아무것도 없어.
27650	서랍
27651	모험
27652	미스터리
27653	SF
27654	논픽션
27655	자기계발
27656	로맨스
27657	단편소설
27658	건강
27659	범죄
27660	청소년 소설
27661	시
27662	자서전
27663	요리와 음식
27664	스포츠와 아웃도어
27665	프로그래밍
27666	농담과 유머
27667	여행
27668	물리학과 천문학
27669	예술과 엔터테인먼트
27670	자연
27671	비즈니스
27672	수학
27673	로봇공학
27674	생물학
27675	홈과 가든
27676	모험 코너야.
27677	미스터리 코너야.
27678	SF 코너야.
27679	논픽션 코너야.
27680	자기계발 코너야.
27681	로맨스 코너야.
27682	단편소설 코너야.
27683	건강 코너야.
27684	범죄 코너야.
27685	청소년 소설 코너야.
27686	시 코너야.
27687	자서전 코너야.
27688	요리와 음식 코너야.
27689	스포츠와 아웃도어 코너야.
27690	프로그래밍 코너야.
27691	농담과 유머 코너야.
27692	여행 코너야.
27693	물리학과 천문학 코너야.
27694	예술과 엔터테인먼트 코너야.
27695	자연 코너야.
27696	비즈니스 코너야.
27697	수학 코너야.
27698	로봇공학 코너야.
27699	생물학 코너야.
27700	홈과 가든 코너야.
27701	흥미롭네! MMucasFlem 지원서를 끝내는 데 뭐가 필요한지 알 것 같아.
27702	해냈다! 저 로봇들을 재프로그래밍했어!
27703	이제 저 경비 로봇들을 재프로그래밍할 수 있겠어!
27704	흥미로운데... 이걸 어디에 쓸지는 모르겠지만, 요긴할지도 몰라.
27705	이 기술적인 건 이해가 안 되네.
27706	이걸 도서관 밖으로 가져가면 안 되겠지.
27707	이미 완전히 뒤로 밀려 있어.
27708	한숨...
27709	우울해지네...
27710	왜 그가 나한테 저런 식으로 말하게 놔두는 거지?
27711	좋은 아이디어라는 걸 알아.
27712	나 자신을 위해 목소리를 내야 하는데...
27713	끔찍한 말다툼이네...
27714	딜로리스가 저걸 봤다니 미안하네...
27715	한숨...
27716	척은 진짜 못됐어.
27717	봉제 인형은 왜 안 돼?
27718	베개 지겨워.
27719	도서관에서 땅 파는 중...
27720	녹슨 삽으로 도서관에서 땅 파는 중...
27721	이렇게 책 정리를 하는 거지...
27722	반짝이는 아연 삽으로 도서관에서 땅 파는 중...
27723	대체 어디 갔다 온 거야, 딜로리스?
27724	다들 여기서 척 삼촌 유언장 낭독 시작하려고 널 기다리고 있었어.
27725	진정 좀 해 레노어!
27726	문 좀 열어줘야 했어. 연방 요원 중 한 명이 왔었거든.
27727	교황님이었어도 상관없어.
27728	그리고 잘생긴 쪽은 손대지 마, 그 사람 내 거야!
27729	얼른 진행하자, 동생. 내가 뭘 받았는지 알고 싶어.
27730	잠깐, 분명 다 왔다고 했잖아?
27731	{frustrated}변호사님은 어디 있어?
27732	몰라, 너랑 같이 오는 줄 알았는데.
27733	아 레노어, 넌 정말 쓸모없어. 누구 그분한테 전화해본 사람 있어?
27734	네가 마을을 떠나서 척 삼촌 마음을 안 아프게 했으면, 유언장 읽으려고 변호사 부를 필요도 없었을 텐데.
27735	이게 다 네 잘못이야 딜로리스!
27736	딜로리스, 할 말 있으면 나한테 직접 해.
27737	피터는 좀 내버려둬.
27738	피터 좀 그만 괴롭혀.
27739	피터는 너랑 얘기하고 싶지 않대.
27740	피터는 저... 저기... 그거랑 얘기하기가 부끄러운 거야.
27741	척키는 좀 내버려둬.
27742	척키 좀 그만 괴롭혀.
27743	척키는 너랑 얘기하고 싶지 않대.
27744	척키 울리지 마.
27745	이제 다들 모이신 것 같네요. 좋습니다.
27746	유언장 낭독을 진행하기 전에, 척 에드먼드에게는 세 가지 조건이 있었습니다:
27747	1. 참석한 모두에게 팀블베리 파이를 대접해야 함.
27748	2. 유언장 낭독은 척의 화려한 무덤에서 진행돼야 함.
27749	3. 이 유언장의 암호를 풀어야 함.
27750	그거 좀 보자!
27751	아, 전부 1이랑 0이네. 딜로리스, 네가 좀 풀어봐.
27752	정말 전부 1이랑 0이네. 이진수인 게 분명해.
27753	척 삼촌은 영리하게 굴려고 했네. 어쩌면 너무 영리하게.
27754	이제 척의 세 가지 조건이 모두 충족됐어요.
27755	무덤에서 다들 만나요.
27756	몇 분 후...
27757	이제 척의 세 가지 조건 중 두 가지가 충족됐어요.
27758	마지막 조건은 척 삼촌의 화려한 무덤에서 유언장을 읽는 거예요.
27759	거기서 만나요.
27760	음, 딜로리스가 무덤을 열 때까지 우리 가족은 여기서 기다리고 있을게.
27761	서둘러. 저녁 내내 기다릴 순 없어.
27762	불쌍한 척키는 잠을 자야 해.
27763	여기 해독한 유언장이에요, 베일리윅 씨.
27764	여기 유언장이에요, 베일리윅 씨.
27765	어디 보자.
27766	해냈군요, 딜로리스.
27767	이제 척의 세 가지 조건 중 두 가지가 충족됐어요: 유언장 해독 완료, 무덤도 열렸고요.
27768	이제 팀블베리 파이만 있으면, 척의 화려한 무덤 안에서 만나요.
27769	이제 척의 세 가지 조건 중 하나가 충족됐어요: 유언장 해독 완료.
27770	딜로리스, 이건 전혀 해독이 안 됐잖아! 이러면 안 되는데.
27771	딜로리스, 이건 전부 뜻 모를 16진수 뭉치잖아. 아직 완전히 해독 못 했네.
27772	베일리윅 씨, 갓 구운 팀블베리 파이예요.
27773	이제 척의 세 가지 조건 중 두 가지가 충족됐어요: 갓 구운 팀블베리 파이 준비 완료, 무덤도 열렸고요.
27774	아직 유언장을 해독해야 해요, 그다음 척의 화려한 무덤 안에서 만나요.
27775	이제 척의 세 가지 조건 중 하나가 충족됐어요: 갓 구운 팀블베리 파이 준비 완료.
27776	유언장
27777	이미 완전히 해독됐어.
27778	이걸 해독하려면 표 이상의 게 필요해. 강력한 C64 같은 거.
27779	척 삼촌의 유언장을 요원들한테 줄 순 없어.
27780	이건 사적인 가족 문제야.
27781	척 삼촌의 유언장을 저 광대한테 줄 순 없어.
27782	'고장'이라고 적혀 있어.
27783	MMucas 입문서
27784	SR-01 프로그래밍
27785	이건 안 줄래. 다른 사람은 이해 못 할 거야.
27786	이 '고장' 표지판을 그리워할 사람은 없을 거야.
27787	계단
27788	꽤 나선형이네.
27789	표지판에 고장이라고 적혀 있어.
27790	저기 표지판이 있어. 먼저 읽는 게 낫겠어.
27791	'고장' 표지판이 사라졌어, 분명 고쳐진 거야!
27792	여기 오랫동안 안 왔었네.
27793	계단에 왔어. 써야 할까?
27794	어릴 때처럼 난간을 타고 미끄러져 내려가고 싶은데...
27795	...근데 척 삼촌이 저 작은 가시들을 설치한 뒤로는 안 돼.
27796	그냥 낡은 전화기야. 이 저택에서 트론으로 개조 안 된 몇 안 되는 물건 중 하나지.
27797	화분 척
27798	척키는 우리 가족과 오랫동안 함께했어. 좋은 화분이지.
27799	척키는 여기 계속 앉아 있었어. 지금은 옮기고 싶지 않아.
27800	인덱스트론 3000™
27801	이건 척 삼촌의 인덱스트론 3000™ 도서관 검색 시스템이야.
27802	책을 분류하는 데 듀이 십진분류법을 패러디한 스퓨이 십진분류법을 써.
27803	지금은 책을 찾을 필요 없어.
27804	SR-01 보안 시스템에 관한 매뉴얼이 있는 것 같은데.
27805	섹션 2.1에 있어.
27806	흠... 여기 MMucas에 관한 책이 있대.
27807	섹션 3.1에 있어.
27808	책이 많긴 한데, 뭘 찾는지 알아야 해.
27809	섹션 1.1
27810	섹션 1.2
27811	섹션 1.3
27812	섹션 1.4
27813	섹션 1.5
27814	섹션 1.6
27815	섹션 1.7
27816	섹션 1.8
27817	섹션 2.1
27818	섹션 2.2
27819	섹션 2.3
27820	섹션 2.4
27821	섹션 2.5
27822	섹션 2.6
27823	섹션 2.7
27824	섹션 2.8
27825	섹션 3.1
27826	섹션 3.2
27827	섹션 3.3
27828	섹션 3.4
27829	섹션 3.5
27830	섹션 3.6
27831	섹션 3.7
27832	섹션 3.8
27833	저건 내 스코틀랜드계 고고고조부, 용을 죽인 에다드야.
27834	저건 내 고고조모, 에드위나 부인이야.
27835	저건 내 증조부, 위대한 산업가였던 에드먼드 에드먼드야.
27836	저건 내 할머니 에디스랑 두 번째 남편 찰스야. 정말 존경하는 분들이지.
27837	저건 젊었을 때의 척 삼촌인데, 그때도 이미 머릿속엔 로봇 생각뿐이었네.
27838	척 삼촌이 안 계시니 외로운 느낌이야.
27839	...베개 공장 기계들 대부분이 지금 놀고 있으니까,
27840	이런... 있잖아...
27841	...멋진 재활용 계획을 생각해냈어.
27842	이걸로... 있잖아...
27843	...봉제 인형을 만들 수 있어!
27844	{point}프랭클린, 이 바보야!
27845	우리 회사는 베개-트로닉스지, 멍청한봉제인형-트로닉스가 아니야.
27846	우린 베개를 만드는 회사라고!
27847	그게 우리 신뢰도랑 평판에 어떤 영향을 미칠지 생각이나 해봤어?
27848	그래, 척, 네 말이 맞아, 근데...
27849	밤새도록 사업 계획서 만드느라 한숨도 못 잤어.
27850	혹시... 어... 그냥... 있잖아...
27851	...한 번 봐줄 수는 없어?
27852	안 돼! 안 돼! 절대 안 돼!! 여긴 베개 공장이야.
27853	{eyes_right}둘이 또 싸우는 거예요?!
27854	{frustrated}이제 진짜 지긋지긋해!
27855	{eyes_left}둘 다 형제잖아!
27856	{frustrated}진정 좀 해!
27857	{eyes_right}둘이 같이 베개 공장을 세웠으면서...
27858	{eyes_front}...그 얘기로 언제까지 싸울 거야!
27859	딜로리스 네가 신경 쓸 건 없어, 그렇지 프랭클린, 내 동생?
27860	아... 그래... 있잖아...
27861	...네 삼촌이랑 나는 그냥, 어... 있잖아...
27862	...사업 얘기 중이었어.
27863	할 일이 좀 있어서.
27864	미안해 척, 네 말이 맞아... 내 아이디어가 형편없었어.
27865	딜로리스, 내 0.8밀리미터 뾰족팁 인두 좀 가져다줄래?
27866	있잖아요 척 삼촌, 2밀리미터 평팁 쓰는 게 좋을 것 같은데요, 그리고 삼촌은 납땜 온도를 항상 너무 낮게 해요.
27867	허허.
27868	역시 내가 제일 좋아하는 조카야!
27869	네가 베개 공장을 물려받을 날이 너무 기대돼.
27870	네가 에드먼드 베개의 꿈을 계속 이어갈 거란 걸 알아.
27871	봐요 척 삼촌, 삼촌이 제일 좋아하는 거예요: 파이 가게에서 갓 구운 팀블베리 파이.
27872	봐요 척 삼촌...
27873	고마워, 딜로리스. 넌 나랑 팀블베리 파이 사랑을 참 잘 아는구나.
27874	이 작은 프로젝트 끝나면 바로 먹을게.
27875	딜로리스, 내가 지금 얼마나 바쁜지 알잖아... 어쩌면 네 아빠가 관심 있어 할지도 몰라.
27876	척 삼촌, 드릴 게 있어요.
27877	뭔데, 딜로리스?
27878	삼촌한테 온 그 편지예요, 척 삼촌.
27879	그거 이미 나한테 준 거 아니었나?
27880	나중에 처리할게.
27881	네, 근데 삼촌이 직접 갖고 계시는 게 나을 것 같아서요.
27882	좋은 생각이야, 딜로리스.
27883	그리고 봉투 뜯는 수고를 덜어줘서 고맙구나.
27884	내가 우편물 여는 걸 얼마나 싫어하는지 알잖니.
27885	우체부 조지 아저씨가 배달해준 편지야...
27886	음...
27887	...최근에.
27888	우체부 조지 아저씨가 방금 배달해준 편지예요.
27889	아, 이거 기다리고 있었는데.
27890	좋은 소식이면 좋겠다.
27891	네가 베개 공장을 물려받으면 자세히 다 알게 될 거야, 사랑하는 딜로리스.
27892	척 삼촌, 척 삼촌! 좋은 소식이 있어요!
27893	그래 딜로리스, 뭔데, 내 사랑스러운 미래의 필로트로닉스 후계자야?
27894	저, 그러니까, 여기... 이거 읽어보세요.
27895	너 뭐라고!!!
27896	필로트로닉스를 운영할 기회를 포기하고...
27897	게임 프로그래머가 되겠다고???
27898	네, 그게 제가 항상 하고 싶었던 일이에요...
27899	필로트로닉스 운영이 아니라!
27900	팀블위드 파크를 떠나는 첫 버스를 탈 거예요.
27901	그럼 딜로리스, 넌 내 유언장에서 빠질 줄 알아!
27902	천만 달러가 넘는 돈을 포기하는 거야!
27903	2017년 화폐가치로는 2천만 달러라고.
27904	그냥 미래의 임의의 날짜를 골라본 거지만.
27905	넌 나한테 죽은 자식이나 마찬가지야.
27906	고양이5-꼬리9 채찍
27907	이건 척 삼촌 거였어. 남한테 주고 싶지 않아.
27908	getDigital.eu에서 만든 '고양이5-꼬리9'라는 제품이라고 라벨에 적혀 있어.
27909	이걸로 아무것도 채찍질하고 싶지 않아.
27910	여분의 AT-25 튜브야. 아주 희귀해서 구하기 힘들어.
27911	이거면 고쳐질 거야.
27912	저 트론에는 안 맞을 거야.
27913	이걸 요원들한테 넘기진 않을 거야.
27914	받아봤자 어떻게 쓸지도 모를 텐데.
27915	이 중요한 트론 튜브를 저 광대한테 믿고 맡길 순 없어.
27916	비밀번호 수첩
27917	로그인하려면 척 삼촌의 컴퓨터가 필요해.
27918	로그인하려면 컴퓨터가 필요해.
27919	이상한 장치
27920	'필립의 위험한 장치'라고 적혀 있고, 빨간 버튼이랑 스피커가 달려 있어.
27921	필립의 위험한 장치
27922	이건 안 쓰는 게 낫겠어. 위험하다고 적혀 있잖아.
27923	정말 이건 안 쓰는 게 나을 것 같아.
27924	먼저 게임을 저장해야 할 것 같은데.
27925	좋아, 누른다.
27926	열쇠
27927	열쇠야. 흠. '사뭇실'이라고 적혀 있네.
27928	사뭇실 열쇠
27929	열쇠가 자물쇠 안에서 부러졌어. 그래도 문은 열렸네.
27930	영수증
27931	마을 전자제품 가게 영수증이야:
27932	'진공관 뽑는 도구 1개, 완납.'
27933	이 영수증은 못 쓰지만, 예전 전자제품 가게에서 튜브 뽑는 도구를 본 것 같아.
27934	있잖아, 리키가 전자제품 가게 재고를 다 가져갔어. 도와줄 수 있을지도.
27935	안녕 딜로리스, 문 닫기 전에 예전 전자제품 가게에서 튜브 뽑는 도구 본 것 같은데.
27936	이 영수증으로는 도움 못 줄 것 같은데.
27937	이 중요한 영수증을 저 광대한테 믿고 맡길 순 없어.
27938	빈 잉크병
27939	검은 그을음이 든 프린터 리본 잉크병이야.
27940	전기톱 휘발유가 든 프린터 리본 잉크병이야.
27941	빈 수제 프린터 리본 잉크병이야.
27942	가장자리에 검은 가루가 좀 있고, 냄새가 지독해.
27943	'경고: 내용물 인화성 강함!'
27944	이미 병에 그을음을 채웠어.
27945	벽난로에 병에 담을 만한 게 없어. 최근에 청소한 게 틀림없어.
27946	잉크병에는 휘발유만 있지, 잉크가 아니야.
27947	잉크병에는 그을음만 있지, 잉크가 아니야.
27948	빈 잉크병으로는 리본에 잉크를 다시 채울 수 없어.
27949	이건 수성 잉크가 아니야, 이 냄새 봐선.
27950	그리고 물에 씻겨나갈 걸로 뭘 인쇄하고 싶지도 않고.
27951	병에는 이미 휘발유가 들어 있어.
27952	그 휘발유를 병에 좀 부었어.
27953	병에 빈 잔을 쓰는 건 도움이 안 될 거야.
27954	저 병에는 그걸 못 써.
27955	아직 열 필요 없어.
27956	가득 찬 잉크병
27957	가득 찬 수제 프린터 리본 잉크병이야, 내가 직접 만들었어!
27958	수표 부본
27959	브랜트 베일리윅이라는 변호사한테 발행된 수표 부본이야:
27960	'유언장 작성 및 낭독에 대한 완납.'
27961	수표 부본이 무슨 소용이야? 아무것도 증명 못 하는데!
27962	증거로 쓰려면 실제로 결제된 수표가 필요해.
27963	도와줄 사람을 찾을 때까지 이건 갖고 있어야지.
27964	척의 일지: 1권
27965	선반들
27966	아 딜로리스, 딜로리스, 딜로리스, 내 물건에 손대지 말라고 몇 번을 말했니...
27967	근데 네가 베개 공장을 물려받으면, 이것들도 다 네 마음대로 해도 돼.
27968	척 삼촌이 왜 이 잡동사니에 손 못 대게 했는지 모르겠어. 가치 있는 건 하나도 없는데.
27969	상자인데, 봉인돼 닫혀 있어.
27970	사랑하는 딜로리스, 내 상자는 그냥 좀 놔두렴...
27971	베개 공장을 물려받으면 그때 열어봐도 돼.
27972	고장 난 트론 3000™ 진공관 말고는 아무것도 없어.
27973	로봇
27974	쓸모없어진 로봇 시제품이야.
27975	로봇 머리
27976	예술 작품이네. 이 녀석이랑 체스 두는 게 기대돼.
27977	척 삼촌이 이 녀석을 끝까지 완성 못 한 게 아쉽네.
27978	딜로리스, 지금 내 걸작 작업 중이야. 만지지 마...
27979	베개 공장을 물려받으면 그때 이 녀석을 프로그래밍해도 돼.
27980	지문인식트론 3000™
27981	금고를 열기 위한 지문 인식기야.
27982	척 삼촌한테만 작동해.
27983	나한테는 안 될 줄 알았어.
27984	완벽한 상태의 TX-1138 튜브야.
27985	딜로리스, 네가 전자제품 좋아하는 건 아는데, 지금은 우리 로봇 친구 작업 중이야.
27986	뭔가 적혀 있어.
27987	척 삼촌의 낡은 책상이야.
27988	특이한 책상이네, 서랍이 하나도 없어.
27989	닫을 게 없어, 서랍이 하나도 없거든.
27990	(척 삼촌이 너무 바빠서 눈치 못 챌 것 같아.)
27991	수제 프린터 리본 잉크병인데, 냄새가 지독해.
27992	이 병에도 잉크가 있네. 이미 가득 찬 잉크병 찾았는데.
27993	이 병은 비어 있어. 이미 빈 잉크병 찾았는데.
27994	수표책
27995	척 삼촌의 수표책이야.
27996	그러니까 척 수표책이라고 불러야겠네.
27997	안 만지는 게 낫겠어.
27998	척 삼촌은 자기 사업 관련해서 내가 너무 캐물으면 진짜 화내.
27999	이 큰 수표책을 들고 다니고 싶진 않아.
28000	지금 있는 자리가 딱 좋아.
28001	수표 써봤자 소용없어, 계좌가 텅 비었거든.
28002	척 삼촌이 발행한 수표 부본이야.
28003	딜로리스! 나 어두운 데선 작업 못 하는 거 알잖니. 불 좀 다시 켜줄래.
28004	베개 공장을 물려받으면, 불은 네 마음대로 꺼도 돼.
28005	낡은 영수증 같아 보이네.
28006	그림이 '내려간' 위치에 있어.
28007	그림이 '올라간' 위치에 있어.
28008	흠. 척 삼촌은 이 그림 얘기만 나오면 항상 예민해져. 왜 그런지 궁금하네.
28009	흠. 척 삼촌은 이 그림 얘기만 나오면 항상 예민했어. 왜 그런지 궁금하네.
28010	그림이 이미 올라가 있어.
28011	그림이 이미 내려가 있어.
28012	딜로리스, 얘야, 그림 만지지 마.
28013	베개 공장을 물려받으면, 저것도 그리고 그 뒤에 있는 것도 다 손댈 수 있어.
28014	금고
28015	안에 작은 검은 수첩이 있어.
28016	금고가 열려 있는데, 완전히 비어 있어.
28017	금고가 잠겨 있는데, 지문 인식기가 달려 있어.
28018	안 열려. 금고가 잠겨 있어.
28019	척 삼촌은 절대 침대 정리를 안 해.
28020	척 삼촌은 절대 침대 정리를 안 했어.
28021	그리고 더그는 삽으로 침대 정리는 못 하겠지.
28022	됐어. 안 졸려.
28023	오실로스코프
28024	척 삼촌이 위상 메모리 모니터링까지 갖춰서 직접 제작한 멀티밴드 오실로스코프야.
28025	사랑하는 딜로리스, 네가 내 장비를 얼마나 쓰고 싶어 하는지 알아,
28026	베개 공장을 물려받으면, 마음껏 써도 돼.
28027	척 삼촌의 오실로스코프를 쓸 이유가 없어.
28028	큰 진공관
28029	작은 검은 수첩이야.
28030	금고에서 꺼내기 전까진 못 읽어.
28031	빨간 버튼이 달린 이상한 장치야.
28032	네트워크 케이블로 만든 채찍이라고? getDigital.eu에서 만든 '고양이5-꼬리9'라는 제품이라고 라벨에 적혀 있어.
28033	척 삼촌은 예전에 성격 급한 시스템 관리자였나 보네.
28034	터미널 부팅 디스크를 삽입하세요
28035	**** 필로트로닉스 필로우 OS V2 ****
28036	38911 튜브 여유
28037	마스터 컴퓨터에 오신 걸 환영합니다
28038	1) 디렉토리
28039	2) 공장 상태
28040	3) 틱택토
28041	4) 어드벤처 (척 개조판)
28042	5) 로그아웃
28043	-r--r- root  256 root/
28044	-rw--- root  256 var/
28045	-rw-rw chuck 256 bin/
28046	-rw--- chuck 256 games/
28047	-rw-rw root  256 tubes/
28048	-rw--- root  256 tmp/
28049	필로트론: 작동 중
28050	정문: 열림
28051	SR-01 경비병: 정비 모드
28052	층별 기계: 작동 중
28053	사무실 문: 잠금 해제됨
28054	로봇 홀: 치명적
28055	로봇 홀: 정비 모드
28056	레이저 홀: 치명적
28057	필로트론 3000™ 온도: 냉각
28058	필로트론 3000™ 온도: 고열
28059	로그아웃
28060	필로트론 3000™과의 연결이 종료됐습니다.
28061	SIG_ABORT
28062	SIG_FAULT
28063	SIG_TRAP
28064	코어 메모리 덤프 중...
28065	재부팅 중...
28066	정지 중: 인터럽트 버스
28067	정지 중: 연결 장치
28068	정지 중: 튜브 연결
28069	정지 중: 하위 AI
28070	정지 중: 시스템 튜브 버스
28071	정지 중: 메모리 캐시
28072	정지 중: 하이브리드 서브시스템
28073	정지 중: 상위 AI
28074	정지 중: 원격 연결
28075	정지 중: 로봇 팔 모듈
28076	정지 중: 동기화율 조정기
28077	정지 중: 백업 저장소
28078	정지 중: 인지 서브시스템
28079	정지 중: 척 저장소
28080	정지 중: 애드립 드라이버
28081	정지 중: himem.sys
28082	재부팅까지
28083	멋진 사진이네.
28084	정말 감동적이네... 애들이랑 애완동물을 좋아한다면 말이지, 난 아니지만.
28085	어릴 때 정말 귀여웠네.
28086	아빠가 그리워. 사진 속에 아빠 시계가 있어!
28087	개들. 애들. 세상은 둘 다 없는 게 더 나을 텐데.
28088	그는 이미 내가 요원이란 걸 알아.
28089	내 배지를 볼 만큼 가까이 있지 않아.
28090	얘기 좀 할 수 있을까요?
28091	얘기 좀 해야겠어요.
28092	내 배지를 볼 만큼 가까운 사람이 없어.
28093	저기요, 저 연방 요원이에요.
28094	저 연방 요원이에요.
28095	요원 되려고 열심히 노력했는데 아무도 신경 안 쓰네. 흠!
28096	뭐, 아무 소용도 없었네.
28097	여기서는 배지 안 보여줄래.
28098	배지
28099	형사 안젤라 레이, 선임 요원.
28100	내 배지야.
28101	레예스한테 내 배지를 줄 순 없어.
28102	랜섬은 이미 내가 요원이란 걸 알아.
28103	딜로리스는 이미 내가 요원이란 걸 알아.
28104	형사 안토니오 레예스, 신참 요원.
28105	분명 내 배지야.
28106	그는 이미 내가 연방 요원이란 걸 알아.
28107	레이한테 내 배지를 줄 순 없어.
28108	랜섬은 이미 내가 요원이란 걸 알아.
28109	딜로리스는 이미 내가 요원이란 걸 알아.
28110	수첩
28111	레예스의 수첩
28112	분명 레예스의 수첩이야.
28113	궁금하긴 한데...
28114	...아니야, 내 자존심이 허락 안 해.
28115	앞면에 레예스 요원이라고 적혀 있어.
28116	어느 요원이 쓴 건지 관심 없어.
28117	앞면에 레예스 요원이라고 적혀 있어.
28118	안 하는 게 낫겠어, 공무상 기밀이야.
28119	아니, 레예스를 찾을 때까지 안전하게 보관해야 해.
28120	아니, 요원 수칙에 따르면, 이건 항상 몸에 지니고 있어야 해.
28121	레이의 수첩
28122	분명 레이 요원의 수첩이야.
28123	물론 내용은 안 훑어볼 거야.
28124	...요원 수칙에 따라.
28125	앞면에 레이 요원이라고 적혀 있어.
28126	앞면에 레이 요원이라고 적혀 있어.
28127	아니, 레이 요원은 이게 엉뚱한 사람 손에 들어가는 걸 원치 않을 거야...
28128	...본인 것 말고는.
28129	아니, 여기엔 아주 기밀인 정보가 담겨 있어.
28130	내 일지는 다른 사람이 읽는 거 싫어.
28131	폴라로이드 카메라
28132	카메라에 필름이 없어.
28133	이건 필요 없어.
28134	즉석카메라야. 사진 한 장만 남았어.
28135	즉석카메라인데, 필름이 없어.
28136	사진이 한 장뿐이니, 사건 해결에 도움이 될 만한 걸 찍는 게 낫겠어.
28137	안 여는 게 낫겠어, 안에 필름 있어.
28138	카메라 필름이 다 떨어졌어.
28139	폴라로이드 필름
28140	폴라로이드 필름 견본 팩이야.
28141	사진 한 장 분량만 들어 있어.
28142	저기에는 필름을 못 써.
28143	필름을 열 필요 없어, 그냥 카메라에 넣기만 하면 돼.
28144	휴대폰
28145	휴대폰이야.
28146	이 *삐-* 전화는 신호가 안 잡혀.
28147	인생은 왜 *삐-* 날 미워하는 거야!
28148	신호 방해가 너무 심해서 통화가 안 돼.
28149	휴대폰 전파가 안 잡혀.
28150	이 사다리에서 내려간 다음에 하는 게 낫겠어.
28151	10센트 동전
28152	10센트 동전이야.
28153	5센트짜리만 받아.
28154	넣을 구멍이 없어.
28155	여기가 전화 걸려고 동전 넣는 곳은 아닌 것 같은데.
28156	이걸 버리라고? 그건 아니지.
28157	고마워요.
28158	지문 묻은 잔
28159	검은 가루로 덮여 있어. 선명한 지문이 좀 보이네.
28160	안 하는 게 낫겠어, 지문이 번질 수도 있어.
28161	잘됐네. 피 묻은 *삐-* 지갑 따위 뭐에 쓰겠어.
28162	지갑에 묻은 건 진흙이 아니야. 핏자국처럼 보이는데.
28163	안에 아무것도 없어, 돈도 신분증도.
28164	핏자국이 있는데, 안에는 아무것도 없어.
28165	저건 내가 찾는 트론 3000™이 아니야.
28166	이건 잘 보관하는 게 낫겠어. 중요한 증거일 수도 있어.
28167	안에 아무것도 없어, 돈도 신분증도.
28168	은박지 모자
28169	내가 *삐-* 모자를 썼으면, 이게 뭐든 막아줬을 텐데... 근데 난 안 쓰잖아.
28170	이러면 햇빛을 막아줄 거야.
28171	얼음송곳에 묻은 지문
28172	여기 확실히 선명한 지문이 있어.
28173	지문
28174	됐다!
28175	안에 뭔가 있어.
28176	이거 감식할 필요 없어, 척의 지문인 걸 아니까.
28177	내 견본용 공식 랜섬 더 클라운 지갑™이야.
28178	다시 일어서면 제조 계약이라도 따내고 싶은데.
28179	공식 랜섬 더 클라운 지갑™이야.
28180	이걸 왜 그한테 주겠어?
28181	됐어, 이미 지갑 있어.
28182	새 지갑이고 비어 있어.
28183	이건 내 *삐-* 시제품이야. 아무한테도 안 넘길래.
28184	공식 랜섬 더 클라운 사탕 토하기 장난감™이야.
28185	쓸 때마다 사탕 한 조각씩 나와야 하는데, 대신 치명적인 스파크를 뿜어.
28186	좋은 생각이긴 한데, 지금 *삐-* C4 폭발물 들고 있을 때는 아니지!
28187	스페이드 에이스
28188	내 공식 랜섬 더 클라운 *삐-* 트럼프 카드™ 중 하나야.
28189	공식 랜섬 더 클라운 트럼프 카드™야.
28190	보리스 슐츠의 독일 여권이야.
28191	내 아버지의 낡은 회중시계인데, 고장 나서 전문가만 고칠 수 있어.
28192	그건 아무 소용도 없을 거야.
28193	시계를 어떻게 여는지 모르겠어.
28194	왜 아버지 시계를 윌리한테 주겠어?
28195	아버지의 특별한 시계는 안 줄 거야.
28196	아버지의 특별한 시계는 안 줄 거야, 특히 이제 막 고쳐졌는데.
28197	아버지의 낡은 회중시계인데, 새것처럼 됐어.
28198	이미 모든 시계를 제대로 맞춰놨어.
28199	안 하는 게 낫겠어, 또 고장 낼지도 몰라.
28200	아주 정교한 세공 도구 세트야.
28201	보석이나 시계 수리에 쓸 수 있는 아주 정교한 도구 세트야.
28202	이 시계는 내가 직접 못 고쳐. 전문가가 필요해.
28203	이 도구들을 쓸 만큼 손이 안정적이지 않아.
28204	왜 네 도구를 원하겠어?
28205	그가 이걸로 할 수 있는 게 별로 없을 것 같은데.
28206	그녀가 이걸로 할 수 있는 게 별로 없을 것 같은데.
28207	그들이 이걸로 할 수 있는 게 별로 없을 것 같은데.
28208	힌트 가이드
28209	빨간 젤 디코더야.
28210	그건 안 할래, 그러면 빨갛게 보일 거야.
28211	이상한 도구
28212	이 도구는 아무한테도 못 줘. 너무 중요해.
28213	필로트론 3000™이랑 함께 쓰는 아주 이상하게 생긴 도구야.
28214	아주 이상하게 생긴 도구야.
28215	곧 이걸 쓰게 될 것 같은 예감이 들어.
28216	게임 막바지에 아주 중요하게 쓰일 것 같아.
28217	도움이 안 돼. 이건 튜브 뽑는 도구가 아닌 것 같아.
28218	계속 열어둘래.
28219	저기에는 안 맞는 것 같아.
28220	저기에는 안 맞는 것 같아. 게임 막바지에 아주 중요하게 쓰일 것 같아.
28221	씸블콘 티켓
28222	씸블콘 '87 티켓 한 장.
28223	이미 그에게 내 티켓을 줬어, 이건 다른 사람 거야.
28224	여기 제 티켓이요.
28225	새것처럼 반짝이는 TX-1138 튜브야.
28226	먼저 저 낡은 튜브부터 빼야 해.
28227	완벽하게 맞아.
28228	KSCUM 전화 시스템이 재부팅 중이야.
28229	튜브 크기가 안 맞아.
28230	이건 TX-1138 크기 튜브인데, 저기는 SR-5858 튜브를 써.
28231	이미 PF-001 튜브가 있어.
28232	이건 TX-1138 크기 튜브인데, 저긴 PF-001 튜브가 필요해.
28233	여기서 봐도 크기가 안 맞는 게 보이네.
28234	좋아, 다시 넣어야지.
28235	이 튜브를 어떻게 해야 할지 모르겠어.
28236	버스 티켓
28237	팀블베리 파이
28238	리키 리의 유명한 팀블베리 파이, 오븐에서 갓 나왔어.
28239	너무 맛있어서 죽을 지경이야.
28240	이 팀블베리 파이는 기적이야.
28241	척 삼촌은 이 아름다운 파이에 관한 서사시까지 썼어.
28242	여기가 파이들이 죽으면 가는 곳인가 봐.
28243	파이. 대체 파이를 누가 발명한 거지? 정말 대단한 사람이었나 봐.
28244	척 삼촌은 리키의 파이를 진짜 좋아해. 커피랑 파이를 즐기지.
28245	진짜 끝내주는 팀블베리 파이네.
28246	지금은 파이 먹을 시간이 없어, 정말 맛있어 보이는데도.
28247	이 갓 구운 파이는 못 먹어... 베일리윅 씨한테 줘야 유언장을 읽어줄 테니까.
28248	리키가 이걸 되돌려받고 싶어 할 것 같지 않아.
28249	아빠는 팀블베리를 별로 안 좋아해, 예전에 잔뜩 두드러기가 났던 뒤로는.
28250	필로트로닉스™ 티셔츠
28251	필로트로닉스 티셔츠야, 척 삼촌한테 받은 유일한 물건이지.
28252	앞면에 삼촌의 비밀 PF-001 트론 튜브 도면이 그려져 있어.
28253	공장에 필요한 것과 똑같은 거야.
28254	튜브가 그려진 필로트로닉스 티셔츠야, 척 삼촌한테 받은 유일한 물건이지.
28255	이게 삼촌의 마지막 모욕이었던 느낌이야.
28256	안 입을래.
28257	이건 내 유산의 일부야. 아무한테도 안 줄래.
28258	여기서 복사를 해주는지 모르겠네.
28259	실례합니다.
28260	사업 설명서
28261	베개 공장을 장난감 공장으로 바꾸는 것에 관한 내 소중하고 눈부신 4페이지짜리 사업 설명서야.
28262	원본만 있어서, 투자자한테 줄 사본이 필요해.
28263	베개 공장을 장난감 공장으로 바꾸는 것에 관해 투자자한테 보여줄 눈부신 사업 설명서야.
28264	적어도 이제 이거에 무슨 일 생겨도 사본이 있네.
28265	그는 척의 스파이 중 한 명이야, 내가 누군지 아는 그한테는 못 줘.
28266	이미 사업 설명서 사본이 있어, 더는 필요 없어.
28267	이건 못 줘, 내 프레젠테이션 망칠 거야.
28268	사업 설명서 사본
28269	내 눈부신 사업 설명서 사본이야.
28270	이건 그들한테 못 줘. 이 사본은 투자자를 위해 아껴둘 거야.
28271	분홍색 시제품 필로우베어™
28272	파란색 시제품 필로우베어™
28273	주황색 시제품 필로우베어™
28274	빨간색 시제품 필로우베어™
28275	초록색 시제품 필로우베어™
28276	척한테는 말하지 마, 근데 분홍색이 내가 제일 좋아하는 색이야.
28277	파란색 싫어, 내 얼굴이 파랗게 질리지 않기를.
28278	애들은 주황색 필로우베어™를 좋아할 거야.
28279	클래식한 필로우베어™ 색상이지.
28280	이 필로우베어™가 얼마나 멋진지 보면 척이 부러워서 초록빛이 될걸.
28281	필로우베어™ 시제품이야. 봉제 곰인형을 뒤집으면 봉제 베개가 돼.
28282	이 필로우베어™ 시제품들은 차세대 캐비지 패치 키즈가 될 거야.
28283	중요한 미팅을 위해 갖고 있어야 해.
28284	지금 안아주고 낮잠 자고 싶은 기분이지만, 미팅 준비를 해야 해.
28285	그 깜짝 이벤트는 중요한 미팅을 위해 아껴둘래.
28286	분명 다들 깜짝 놀랄 거야.
28287	곰돌이 인형
28288	베개로 뒤집을 수 있는 장난감이야!
28289	혹시 모를 펀칭백 응급상황을 위해 *삐-* 이건 갖고 있을래.
28290	포옹 응급상황을 위해 이건 갖고 있는 게 낫겠어.
28291	재떨이가 하나 더 필요하긴 한데, 이 재질은 좀 너무 잘 타는 것 같아.
28292	그냥 살짝 펀치나 날려서 *삐-* 상태 유지할래.
28293	그냥 좀 안아주면서 힘낼래.
28294	그냥 좀 안아주면서 힘낼래.
28295	베개가 아니라 곰인형을 원해.
28296	호텔 레터헤드가 인쇄된 거의 빈 종이야.
28297	그는 자기네 호텔 편지지가 더 필요하지 않을 거야.
28298	그는 내 모든 움직임을 척한테 일러바치고 있어.
28299	내가 뭘 하는지 그에게 알리고 싶지 않아.
28300	이미 사업 설명서 사본이 있어, 그에게 종이 더 줄 필요 없어.
28301	이걸 복사 용지로 쓸 수 있을까요?
28302	여기 복사할 종이 더 있어요.
28303	이제 필요한 종이-부우는 다 있는 것 같네요.
28304	정말 좋은 생각이네요-부우. 딱 좋겠어요.
28305	정말 큰 도움이 됐는데, 종이가 좀 더 필요해요-부우.
28306	사업 설명서를 복사하려면, 한 장 더 줘야 해.
28307	사업 설명서를 복사하려면, 두 장 더 줘야 해.
28308	사업 설명서를 복사하려면, 총 네 장을 줘야 해.
28309	그게 다라면, 다시 제 업무로 돌아갈게요.
28310	표준실 사진
28311	사진
28312	깨끗한 표준 호텔 방 사진이야.
28313	디럭스룸 사진
28314	깨끗한 디럭스 호텔 방 사진이야.
28315	씹혀서 끈적한 풍선껌
28316	역겹게 이미 씹힌 껌이야.
28317	조심하지 않으면 인벤토리 안 물건들이 다 들러붙을 거야.
28318	여긴 내 방이 아니야, 여기 껌 붙일 필요 없어.
28319	병 속의 우주선
28320	명판에는 이자벨라호를 아주 작게 복제한 모형이라고 적혀 있어.
28321	병 속의 이자벨라호
28322	지금은 내 우주선으로 놀고 싶지 않아.
28323	먼지 한 점
28324	내 먼지 한 점이야.
28325	내 먼지 몇 점이야.
28326	내 먼지 한 점이야.
28327	내 먼지 몇 점이야.
28328	내 먼지 한 점이야.
28329	내 먼지 몇 점이야.
28330	내 먼지 한 점이야.
28331	내 먼지 몇 점이야.
28332	꽃
28333	공동묘지에서 가져온 꽃이야.
28334	책이 빛나고 있어!
28335	이 꽃이랑 함께 쓸 다른 뭔가가 필요해.
28336	환각 버섯
28337	이거 좋은 버섯이야, 아무한테나 안 줄래.
28338	마담 모레나의 '특별한' 재료야.
28339	이건 딱 나쁜 환각 체험이 기다리고 있는 물건이야.
28340	오늘 밤은 안 돼. 집중해야 해.
28341	부후 리스트
28342	이걸 남한테 주면 내가 뭘 해야 할지 어떻게 알지?
28343	이러면 로봇들이 비활성화될 거야.
28344	저 점퍼 보드는 SR-01 로봇 보안 시스템용이야.
28345	매뉴얼을 읽었으니, 로봇들을 재프로그래밍할 수 있을 거야.
28346	우리 다 죽이지 않고 로봇들을 재프로그래밍하려면 매뉴얼을 찾아야 해.
28347	경고! SR-01 로봇 순찰 모드.
28348	위험! 위험! SR-01 로봇 공격 모드.
28349	SR-01 로봇 정비 모드. 이제 공장에 들어가도 안전합니다.
28350	빨간 플러그
28351	초록 플러그
28352	파란 플러그
28353	와, 내가 제일 좋아하는 게임 회사 MMucasFlem 게임즈의 채용 광고네.
28354	영화도 만든다고 들었어.
28355	꿈이 이루어질 수도 있겠어! 지원해봐야지.
28356	흥미롭네, 전화 걸 모뎀 번호가 있어.
28357	너무 기대돼!
28358	지원서를 다 작성했어. 이제 보내기만 하면 돼.
28359	개인정보는 다 입력했고, 어려운 MMucas 질문들에 답하기만 하면 돼.
28360	흠, 전화 걸 모뎀 번호가 있네.
28361	척 삼촌은 이상하고 복잡한 사람이었어.
28362	그 *삐-* 영화 기다리는 게 낫겠어.
28363	흥미롭네.
28364	다음
28365	이전
28366	도와주세요! 하수도에 갇혔어요, 당국에 연락해서 알려주세요.
28367	도와주세요! 누가 하수도에 갇혔어요, 당국에 연락해서 알려주세요.
28368	네, 저 또 왔어요.
28369	네, 죄송해요.
28370	누구한테 알려주실 건가요?
28371	감사합니다.
28372	(음성메시지)KSCUM에 전화 주셔서 감사합니다...
28373	(음성메시지)현재 퀴즈 콘테스트가 진행 중이지 않습니다. 나중에 다시 확인해주세요.
28374	(음성메시지)198.7에서 실시간 적대적 인수합병 소식을 들으세요.
28375	(음성메시지)이건 녹음된 방송입니다... 지금은 신청곡을 받지 않습니다.
28376	(음성메시지)모든 회선이 통화 중입니다, 나중에 다시 걸어주세요.
28377	(음성메시지)죄송합니다, 거신 번호는 현재 사용되지 않는 번호입니다.
28378	(음성메시지)세이플리 퍼스트 저축은행입니다, 저는 엘 파울로입니다. 지금 자리를 비웠어요. 나중에 다시 걸어주세요.
28379	이미 은행 안에 있는데 은행에 전화할 필요는 없지!
28380	안녕하세요, 세이플리 퍼스트 저축은행입니다, 여러분의 돈은 저희 손안에 있습니다.
28381	필로트로닉스 자동 보안 정보 전화에 연결해주셔서 감사합니다.
28382	오늘, 1번 스테이션의 정상 가동 시간은:
28383	11시...
28384	12시...
28385	정각...
28386	정각.
28387	5분.
28388	10분.
28389	15분.
28390	20분.
28391	25분.
28392	30분.
28393	35분.
28394	40분.
28395	45분.
28396	50분.
28397	55분.
28398	완전 자동화 팬 서비스는 개발자에 의해 종료됐습니다.
28399	37532번 팬을 위한 완전 자동화 팬 서비스입니다.
28400	현재 팬 상태: 켜짐.
28401	팬을 끄는 중...
28402	3... 2... 1...
28403	현재 팬 상태: 꺼짐.
28404	팬을 켜는 중...
28405	(음성메시지)죄송합니다만, 저희 저녁식사 중이에요... 다음 주에 다시 걸어주세요.
28406	(음성메시지)모든 상담원이 지금 저녁식사 중입니다... 내일 다시 걸어주세요.
28407	(음성메시지)안녕하세요, 피전 브라더스 배관입니다...
28408	(음성메시지)저희는 대충 (렌치질) 하지 않아요!
28409	(음성메시지)오늘 밤 신호가 정말 강해서, 초자연 현상 관련 배관/전기 비상시에만 출동합니다.
28410	(음성메시지)나중에 다시 걸어보세요.
28411	(음성메시지)안녕하세요, 저는 법학박사 브랜트 베일리윅입니다.
28412	(음성메시지)법적 문제가 있으신가요? 그럼 제대로 찾아오셨네요.
28413	(음성메시지)오늘은 씸블콘 '87 준비로 사무실에 없어요. 나중에 다시 걸어주세요.
28414	{음성메시지}안녕하세요, 저는 법학박사 브랜트 베일리윅입니다.
28415	{음성메시지}법적 문제가 있으신가요? 그럼 제대로 찾아오셨네요.
28416	{음성메시지}오늘은 씸블콘 '87에서 코스프레 관련 법적 문제를 처리하느라 사무실에 없어요.
28417	{음성메시지}제 부스에 들러주세요.
28418	여보세요?
28419	여보세요, 누구 계세요?
28420	거친 숨소리가 없네. 어떻게 하는 건지 보여줄게.
28421	또 보안관이야?
28422	1
28423	2
28424	3
28425	4
28426	5
28427	6
28428	7
28429	8
28430	9
28431	0
28432	*
28433	#
28434	후크
28435	연결 끊기
28436	A
28437	B
28438	C
28439	D
28440	E
28441	F
28442	G
28443	H
28444	I
28445	J
28446	K
28447	L
28448	M
28449	N
28450	O
28451	P
28452	Q
28453	R
28454	S
28455	T
28456	U
28457	V
28458	W
28459	X
28460	Y
28461	Z
28462	피자랑 영화...
28463	영화 쿠폰은 이미 사용됐어.
28464	무료 무비트론 3000™ 쿠폰이 있어!
28465	피자랑 영화...
28466	영화 쿠폰은 이미 사용됐어.
28467	무료 무비트론 3000™ 쿠폰이 있어!
28468	피자랑 영화...
28469	영화 쿠폰은 이미 사용됐어.
28470	영화 쿠폰이 붙어 있어.
28471	피자랑 영화...
28472	영화 쿠폰은 이미 사용됐어, 신경 안 쓰지만.
28473	*삐-* 영화 쿠폰이 붙어 있네.
28474	내 *삐-쩌는* 만화책 희귀 초판이야.
28475	희귀한 초판 랜섬 더 클라운 만화책이야.
28476	지도 재입고! 무료!
28477	화재 속 공장 경비원 무혐의 처리!
28478	척, 모든 책임을 지겠다고 발표!
28479	기자, 퓰리처상 수상!
28480	수리 문의:
28481	고액 연봉을 받는
28482	게임 프로그래머가
28483	될 자격이 있으신가요? 히트작
28484	'쓰리 라인즈 오브 헤이즈™'와 '비하인드 재기 라인즈™'를 만든
28485	MMucasFlem 게임즈™가
28486	자격을 갖춘 지원자를 찾습니다. 이 종합
28487	프로그래밍 테스트를 작성해서 보내기만 하면,
28488	MMucaslet 게임 프로그래머로
28489	컴퓨터 게임 개발 분야에서
28490	흥미진진하고 수익성 높은 커리어를 향한 길이 열립니다!
28491	이런 특전을 상상해보세요:
28492	• 긴 근무시간...
28493	• 다이어트 안 한 탄산음료 & 피자...
28494	• 서로 알고 싶어 하지 않는 사람들과 함께 일하기...
28495	• 휴게실의 구닥다리 오락기...
28496	• 모회사의 수익이 늘어나는 걸 지켜보기...
28497	지금 지원하세요!
28498	컴퓨터를 이용해
28499	MMucasFlem에 접속해서 지원하세요.
28500	팀블위드 카운티 전화번호부
28501	무제한 뷔페
28502	무료 무비트론 영화 대여
28503	마을 최고/유일의 피자!
28504	저희 시크릿 미팅에 들러주세요.
28505	전기 울타리 만지지 마세요.
28506	코드:
28507	팀블위드 피자
28508	1부
28509	모임
28510	2부
28511	시체
28512	3부
28513	체포
28514	4부
28515	유언장
28516	5부
28517	낭독
28518	6부
28519	공장
28520	7부
28521	광기
28522	8부
28523	탈출
28524	9부
28525	끝
28526	삭제
28527	빈칸을 채우세요: 이건 당신의 뇌... 이건 마약... _________
28528	이건 마약을 한 당신의 뇌...
28529	이건 당신의 뇌 위에 있는 마약...
28530	이건 계란 프라이야...
28531	지금 진짜 배고파...
28532	'고르바초프 서기장, 이 장벽을 허무시오'라고 말한 사람은?
28533	로널드 레이건.
28534	더 레킹 크루.
28535	고르바초프 여사.
28536	랜섬 더 클라운.
28537	획기적인 신작 게임 '매니악 맨션'에서 악의 촉수 이름은?
28538	퍼플 텐타클.
28539	그린 텐타클.
28540	척.
28541	퍼피.
28542	이 유명한 정치 광고 슬로건을 완성하세요: '____은 어디 있죠?'
28543	소고기.
28544	참치.
28545	돈.
28546	출구.
28547	케이시 케이슴이 진행하는 인기 주간 라디오 쇼는?
28548	아메리칸 탑 40.
28549	아메리카 갓 뮤직.
28550	아메리카 탑 히츠.
28551	아메리카 러브즈 뮤직스.
28552	팩맨의 유령 4마리 이름을 대세요.
28553	잉키 블링키 핑키 클라이드.
28554	잉키 핑키 딩키 클라이드.
28555	잉키 딩키 슬링키 클라이드.
28556	잉키 슬링키 핑키 클라이드.
28557	1984년 올림픽에서 금메달 4개를 딴 미국인은?
28558	칼 루이스.
28559	키티 캐러더스.
28560	스콧 해밀턴.
28561	로절린 섬너스.
28562	제니의 전화번호는?
28563	867-5309.
28564	876-7309.
28565	869-5307.
28566	555-1212.
28567	E.T.가 제일 좋아하는 사탕은?
28568	리세스 피시스.
28569	리세스 피넛버터컵.
28570	M&M.
28571	스키틀즈.
28572	1982년 미국 대통령은?
28573	지미 카터.
28574	조지 부시.
28575	리처드 닉슨.
28576	부통령 부시의 중간 이름 이니셜은?
28577	H. W.
28578	W.
28579	H.
28580	S.
28581	'백 투 더 퓨처'에서 마티 맥플라이 역을 연기한 배우는?
28582	마이클 J. 폭스.
28583	코리 하임.
28584	매튜 브로더릭.
28585	에릭 스톨츠.
28586	80년대 유행이 아니었던 것은?
28587	라바 램프.
28588	플라즈마 볼.
28589	루빅스 큐브.
28590	캐비지 패치 키즈.
28591	1980년에 분화한 화산은?
28592	세인트헬렌스 산.
28593	크라카타우.
28594	피나투보 산.
28595	폼페이.
28596	누가 J.R.을 쐈는지 알아내려고 8300만 명이 시청한 TV 쇼는?
28597	댈러스.
28598	제시카의 추리극장.
28599	60분.
28600	매쉬.
28601	대거 보이콧 당한 1980년 하계 올림픽은 어디서 열렸나?
28602	모스크바.
28603	베를린.
28604	사라예보.
28605	서울.
28606	전 세계 약 7억5천만 명이 시청한 TV 방송은?
28607	찰스 왕세자와 다이애나비의 결혼식.
28608	1984년 하계 올림픽 개막식.
28609	매쉬 최종화.
28610	슈퍼볼 XX.
28611	히트곡 'We Are The World'는 45명의 음악가가 어느 자선단체를 위해 녹음했나?
28612	아프리카 기근 구호.
28613	에이즈.
28614	에티오피아 빈곤 퇴치.
28615	암.
28616	가이브러시 쓰리우드.
28617	일레인 말리.
28618	잭 맥크래큰.
28619	애니 라리스.
28620	마이클 F. 스토페.
28621	레이저.
28622	버나드.
28623	데이브 밀러.
28624	웬디 라이트.
28625	르척.
28626	케이트 캡사이즈.
28627	데스스팽크.
28628	프레디 피시.
28629	파자마 샘.
28630	론 길버트.
28631	데이비드 폭스.
28632	게리 위닉.
28633	당신이 알 바 아니에요.
28634	잭 더 리퍼.
28635	배트맨.
28636	배트걸.
28637	마사 워싱턴.
28638	신디 로퍼.
28639	마거릿 대처.
28640	마돈나.
28641	영국 여왕.
28642	안녕하세요 198.7 FM KSCUM 청취자 여러분. DJ 캐시예요.
28643	전파 적대적 인수합병 방송을 잠시 중단하고 중요한 발표를 전해드립니다...
28644	무료 씸블콘 '87 티켓 4장을 드려요!
28645	무료 씸블콘 '87 티켓 4장을 더 받으실 수 있어요.
28646	저희 퀴즈에 제일 먼저 답하시는 분이 당첨이에요!
28647	그럼 다시 정규 적대적 인수합병 방송으로 돌아갈게요...
28648	손잡이
28649	일종의 손잡이나 밸브야. 녹슬어서 안 움직이는 것 같아.
28650	뭔가 뾰족한 것.
28651	설령 이걸 돌리고 싶어도, 맨손으로는 이 손잡이를 못 써.
28652	다시는 안 열려, 완전히 녹슬어 붙었어.
28653	하수도 출구
28654	아, 신선한 공기.
28655	터널
28656	아주 긴 하수도 터널이야.
28657	저 아래 아주, 아주 어둡네.
28658	조명 박스
28659	안에 스위치가 있는 열린 조명 박스야.
28660	닫힌 조명 박스야.
28661	전등 스위치야. 끄면 어둠 속에서 더듬거리게 될 텐데.
28662	그거 재밌을 것 같지 않아?
28663	전등 스위치야. 이 어두운 하수도에서 앞을 보는 데 도움이 될지도.
28664	배수구
28665	여기가 물이 다 빠지는 곳인가 봐.
28666	어둠 속에서 실수로 빠지지 않게 조심해야겠어.
28667	막혀 있는데, 그 어두운 구멍으로 내려가고 싶지도 않아.
28668	이 어둠 속에서 내가 빠질 구멍을 만들진 않을래.
28669	뭔가 나올까 봐 너무 가까이 들여다보고 싶지 않아.
28670	안녕, 어둠아, 내 오랜 친구야.
28671	전선들
28672	노출된 전선인데 좀 위험해 보이네.
28673	어둠 속에서 전선을 만지작거리는 건 최선의 생각은 아닌 것 같아.
28674	만졌다가 이 물 천지에서 감전될지도 몰라.
28675	낡은 포스터
28676	이걸 읽고 있다면, 당장 돌아가세요. 하수도는 벽에 붙은 안내문을 읽는 사람이 있을 곳이 아니에요.
28677	이걸 읽으려면 불을 켜야겠어.
28678	찢어진 홍보 포스터
28679	'하워드 더 덕'을 레이저디스크™ 샬레에서 사세요! 관객 453번, 론 길버트가 사인함.
28680	이렇게 넘어지면서 더 찢어질 것 같은데.
28681	광고
28682	스마트 바이 일렉트로닉스 광고: 6개 사면 1개 값. 망한 게 당연하지.
28683	분명 이렇게 적혀 있을 거야: '불을 켜는 사람은 어둠 속에서 더듬거리는 사람보다 10배 똑똑합니다.'
28684	낡은 신문
28685	1972년 공장 화재에 관한 기사인데, 글씨가 바래서 읽을 수가 없어.
28686	사실, 최신 신문일 수도 있어. 어두워서 구분이 안 돼.
28687	포스터들
28688	마을에서 문 닫은 가게들의 홍보물이야.
28689	종이 느낌이야. 어두워서 더는 알 수 없어.
28690	떠다니는 쓰레기
28691	튼튼하고 뚫을 수 없는 문이야.
28692	저쪽으로 가고 싶은 마음이 전혀 없어.
28693	예전에 갇혀 있던 문 반대편처럼 보이네.
28694	저기로 다시 가고 싶은 마음이 전혀 없어.
28695	튼튼하고 뚫을 수 없는 문이야.
28696	레이가 갇혀 있던 곳처럼 보이네.
28697	저기도 가고 싶은 마음이 전혀 없어.
28698	튼튼하고 뚫을 수 없는 문이야.
28699	레예스가 갇혀 있던 곳처럼 보이네.
28700	저기 가고 싶은 마음이 전혀 없어.
28701	누가 하수도에 갇혔다는 비상 신고를 받았어.
28702	너일 줄 알았어야 했-아레노.
28703	레슬링 볼 때 방해받는 거 싫어해.
28704	보안관님! 만나서 정말 반가워요!
28705	나쁜 소식이에요 보안관님. 여기 아래엔 도넛 하나도 없-아레노.
28706	이 사건은 요원들이 관심 가질 만한 게 아닌 것 같은데-아레노.
28707	다치기 전에 본청으로 돌아가는 게 좋겠-아레노.
28708	살인범이 아직 활개 치고 있다고요.
28709	좋은 충고네요 보안관님, 근데 여기서 좀 꺼내주실 수 있어요?
28710	그래... 그 얘긴 본청-아레노에 보고할게...
28711	...그동안, 여기서 좀 꺼내주실 수 있어요?
28712	그럼요, 그냥 날 따라와요.
28713	아, 눈가리개를 씌워야 할 것 같은데요...
28714	이 마을에 대해선 더는 놀랄 것도 없어요.
28715	몇 시간 후에 버스가 떠나요.
28716	여기부턴 우리가 조사를 맡을 수 있을 것 같-아레노.
28717	흠... 이 냄새 낯이 익네.
28718	밸브
28719	먼지 쌓인 상자들
28720	이 상자들 뒤져봤자 재채기만 나올 것 같아.
28721	이미 내 잡동사니 - 아니 인벤토리 넣을 큰 주머니가 있어.
28722	해골
28723	우정이나 애원의 몸짓으로 뻗은 팔? 흠... 구분하기 힘드네.
28724	확실히 가짜처럼 보이는데.
28725	플라스틱으로 만들어졌어! 여기 살인은 없었네.
28726	하수도 배수구
28727	레이 요원이 바로 저기 있어, 여전히 날 도와주려고 기다리고 있네!
28728	착하다, 레예스, 아직도 근처에 있네!
28729	봐, 저기 퀴키팔 주차장에 레이 요원이 서 있어!
28730	퀴키팔 주차장에 레예스가 서 있는 게 보여!
28731	퀴키팔 매장이 보여.
28732	완전히 봉해져 있어. 열 방법이 없어.
28733	동전인데, 지금은 꽤 미끈거려.
28734	아무 데도 안 이어지는 터널
28735	빨간 상자
28736	닫힌 빨간 상자야.
28737	공중전화야. '통화하려면 동전을 넣으세요'
28738	동전 반환구에 동전이 있어.
28739	공중전화
28740	작동하려면 동전이 필요해.
28741	동전 반환구에 동전이 있어.
28742	동전 반환구
28743	빈 동전 반환구야.
28744	맨홀
28745	저건 내가 가고 싶지 않은 어딘가로 이어질 것 같은데.
28746	맨홀 뚜껑을 여는 이유는 맨홀로 내려가려는 것뿐인데 오늘 밤엔 그럴 기분이 아니야.
28747	탈출로를 찾는 중인데, 내려가는 게 아니라 올라가고 싶다고!
28748	이미 제자리에 밀어 넣었어. 더는 못 밀어.
28749	누가 내가 여기 갇힐 걸 알고 있었나 보네.
28750	혹시, 내 납치범이 함정으로 저걸 적어놓은 건가?!
28751	확인할 방법은 하나뿐이겠지.
28752	완전한 사르코수쿠스 골격이라니! 여기서?! 근데 지표면 근처에서 이렇게 온전한 게 발견된 적은 없는데.
28753	누가 자연사 박물관에서 훔쳤나 봐.
28754	나 8살 때 공룡 보는 거 그만뒀는데, 다들 그렇지 않아?
28755	이 과도기 화석을 써서 내 이름을 딴 새 공룡 종을 등록할까?
28756	그래, 할 수는 있지. 근데 오늘 밤엔 고생물학자들이랑 엮이고 싶지 않아.
28757	내 주머니가 꽤 크긴 한데, 저 골격이 들어갈 것 같진 않아.
28758	이유를 알 수 없는 특대형 안전 콘.
28759	매년 하수도를 방문하는 수백 명을 위한 안전 콘이야.
28760	하수도를 배회하는 사람들이 실수로 흙더미에 걸려 넘어지지 않게 하는 중요한 안전 조치지.
28761	콘 하나면 확실히 충분했을 텐데?
28762	콘이 주는 추가 안전은 필요 없어.
28763	흙
28764	흙더미야.
28765	이 하수도를 걸어 다니는 것만으로 이미 나한테 흙이 충분히 묻었어.
28766	진흙 파이 만들던 어린 시절 습관으로 돌아가고 싶지 않아.
28767	안전 콘
28768	냉장고
28769	냉장고네. 이 경우엔, 잠재적인 부유하는 관이라고 이름 붙여야겠어.
28770	문을 열면, 그냥 가라앉을 거야.
28771	상자들
28772	아마 거미로 가득할 먼지 쌓인 상자들이야.
28773	저 재미없는 상자 더미 주우려고 무릎을 굽힐 가치는 없어.
28774	이 상자들 안에는 흥미로운 게 없어.
28775	얼음송곳
28776	이게 살인 무기일 수도 있어.
28777	지문 채취해봐야 해.
28778	슬롯에 안 맞아.
28779	흠, 그의 뒤통수에 있던 그 작은 구멍이 이 얼음송곳으로 만들어졌을 수도 있어 보이는데.
28780	근데, 난 훈련받은 검시관이 아니잖아.
28781	안 하는 게 낫겠어, 지문이 지워질 수도 있어.
28782	지문 묻은 얼음송곳
28783	지문이 정말 선명하네.
28784	접근 불가능한 배수구인데, 아마 더 지루한 터널로 이어질 거야.
28785	얼음송곳이잖아!
28786	판지 상자
28787	여기 뭔가 있어... 얼음송곳이잖아!
28788	더는 볼 게 없어.
28789	바이올린
28790	줄이 몇 개 없어진 것 같아.
28791	음정 안 맞는 바이올린 압수할 영장은 없어.
28792	바이올린 연주 허가증도 없고.
28793	바이올린 조율하는 법도 몰라.
28794	냄새나는 신발
28795	내 코가 눈더러 저건 보지 말라고 하네.
28796	냄새나는 신발 압수할 영장은 없어.
28797	이미 멀쩡한 신발 있어.
28798	이런저런 가방들
28799	저 가방들 별로 흥미로워 보이지 않는데.
28800	이런저런 가방 압수할 영장은 없어.
28801	레드헤링 가방들
28802	이 가방들 딱 어드벤처 게임의 레드헤링 같아 보이는데.
28803	어드벤처 게임 레드헤링 압수할 영장은 없어.
28804	내 인벤토리에 어드벤처 게임 레드헤링이 이미 충분한 것 같아.
28805	위 화살표
28806	윌리가 언젠가 이사 갈 때 유용하겠네.
28807	환각버섯
28808	이게 마담 모레나가 트립하고 싶어 하는 그거일 수도.
28809	이게 마담 모레나가 찾던 거일 수도.
28810	당국이 이걸 알고 있는지 궁금하네.
28811	이 이상한 마을이 왜 이런지 이제 좀 설명이 되네.
28812	나중을 위해 조금만 챙길래.
28813	이게 마담 모레나가 필요한 거였으면 좋겠는데.
28814	버섯 더는 필요 없을 것 같아.
28815	씸블콘 '87에서 마음껏 덕후력을 발산하세요!
28816	여러분이 좋아하는 SF 쇼, 만화책, 최신 컴퓨터/비디오게임 기술이 다 모인 완전 짜릿한 컨벤션!
28817	저희 스폰서 KSCUM 198.7 FM을 들으시면 티켓에 당첨될 기회가!
28818	파크 아케이드에서 놀이 시간 끝!
28819	저희 최신 게임 '적을 죽여라'의 토너먼트에서 악당들을 쏴버리세요!
28820	최고 점수 획득자에게는 밤새 무료 토큰!
28821	개인 광고
28822	구함 - 술 기부
28823	늙은 윌리의 간에 직접 기부해서 도와주세요.
28824	오컬트 북스 근처 불타는 쓰레기통에서 절 찾아주세요.
28825	세이플리 퍼스트 저축은행 - 안전하게 저축하는 게 똑똑하게 저축하는 거예요!
28826	노숙자와 촉수 생물은 소상공인 대출 대상에서 제외됩니다.
28827	공익광고
28828	여러분의 보안관은 여러분이 깨끗하고 친환경적이길 바라-아레노!
28829	고속도로에 쓰레기 버리거나 상점 앞에 낙서하지 마세요!
28830	옷도 좀 더 잘 입고 다니시고요.
28831	레노어 에드먼드-멀치 팀블위드 파크 미화 프로젝트 후원.
28832	빵집으로 서둘러 오세요, 리키의 케이크 가게가 폐업해요!
28833	핫케이크가 예상만큼 인기가 없어서 대량으로 팔고 있어요!
28834	리키의 스티키번 하나 사면 팀블베리 파이 50% 할인!
28835	피전 브라더스 배관
28836	아빠는 아들을 원했지만, 딸들이 태어났죠.
28837	그러니 저희가 여러분의 새는 물을 고쳐드릴게요!
28838	저희의 최신 렌치트론 3000™ 기술로...
28839	초자연 응급상황도, 어쩌면, 고쳐드릴 수 있어요!
28840	빛바랜 광고
28841	장미는 빨갛고, 베개는 하얗고,
28842	저희 특별 번들 사서 밤새 즐기세요!
28843	필로트로닉스 후원 팬시 낸시 플라워스의 50달러 발렌타인 특가!
28844	낡은 광고
28845	레이저 앤 더 스컴메츠 히친 포스트에서 라이브 공연!
28846	GT와 서션 컵스 지원.
28847	밤새 기계 황소 타기 무료!
28848	빛바랜 광고
28849	스튜펜더스 브라더스 순회 서커스
28850	메인 공연 - 독설 광대 랜섬!
28851	미성년자는 성인과 동반해야 하고, 기분 나쁘면 그건 니 *삐-* 잘못이야!
28852	라디오를 KSCUM 198.7 FM에 맞추면 지역 아티스트의 최고 히트곡을 들을 수 있어요!
28853	DJ 캐시가 말하길 '참치 대가리 좋아하시길 바라요!'
28854	시청 열쇠 수여식
28855	지역 경제에 기여한 사랑받는 사업가-아레노 척 에드먼드가 마을 열쇠를 받는 모습을 보러 오세요.
28856	행사 후 에드먼드 호텔에서 참석자를 위한 무료 새우 뷔페.
28857	그 *삐-* 메모들 읽는 것도 지겨워. 몇 년째 안 바뀌었잖아.
28858	이 똑같은 메모들 벌써 너무 많이 읽었어.
28859	10센트 동전이 있었는데 떨어뜨렸어.
28860	내 10센트 동전 봤어?
28861	10센트 동전을 어딘가에서 잃어버렸어.
28862	10센트 동전 보이면, 그거 내 거야.
28863	주머니에 빌어먹을 구멍이 났어. 맨날 돈을 잃어버려.
28864	내 10센트 동전 어떻게 된 거지?
28865	술 한 잔 사줄래?
28866	팀블위드 파크 가이드 투어요?
28867	랜섬 굿즈 있어요?
28868	중고 수정 있어요?
28869	콤부차 좀 사주실래요?
28870	글루텐 프리 도넛 있어요?
28871	잔돈 있어요?
28872	잔돈?
28873	이봐, 그건 별로 친절하지 않네.
28874	이제 어떻게 몸을 덥히라는 거야?
28875	되고 있어. 종이가 마르고 있어.
28876	저긴 절대 안 들어가. 그 여자 완전 *삐-* 미친 복수심 마녀야.
28877	메인 스트리트야. 이 *삐- 구멍* 마을엔 아무도 안 남았네.
28878	메인 스트리트야. 여느 때처럼 텅 비었네.
28879	메인 스트리트야. 여기 꽤 텅 비었네.
28880	니켈 뉴스 문
28881	바가 문 닫았어. 아쉽네, 루트비어 한잔했으면 좋았을 텐데.
28882	이 가게 그리워. 기계 황소랑 다 있었는데.
28883	바가 사라졌어, 어릴 때 척 삼촌이 항상 데려가주던 그 재밌는 소 타기도 함께.
28884	바가 문 닫았어. 독한 술 한잔했으면 좋았을 텐데.
28885	오컬트 북스 문
28886	그 마녀의 *삐-* 문은 안 만질래.
28887	*몸서리* 여기 소름 끼치네.
28888	불이 방금 켜졌어. 날 기다렸나 봐.
28889	동전이야, 그냥 저기 놓여 있네.
28890	게시판
28891	낡고 형편없는 기사랑 광고로 가득해.
28892	기사가 전부 오래됐어.
28893	기사로 가득해, 몇 개는 꽤 오래돼 보이네.
28894	헤드라인
28895	완전히 판자로 막혀 있어서 아무것도 안 보여.
28896	왜인지 모르겠네. 레이저디스크™는 미래™인데!
28897	다른 모든 가게처럼 문 닫았네.
28898	당연한 결과지. 베타 대여를 고수했어야지.
28899	완전히 판자로 막혔어. 예전엔 대여할 좋은 영화가 많았는데...
28900	스타워즈가 내가 제일 좋아하는 거였어, 에피소드 1 나오는 거 너무 기대돼.
28901	완전히 판자로 막혔어. 여기 볼 거 없어.
28902	'오컬트 북스'라고 적혀 있어.
28903	쓰레기통
28904	화재 위험이 있어 보이는데.
28905	저 안에서 중요한 걸 태우고 있는 건 아닌지 궁금하네.
28906	따뜻하고 좋네. 마시멜로가 있으면 좋을 텐데.
28907	진짜 뜨거워!
28908	안에는 다 탄 쓰레기밖에 없어.
28909	손 녹이기 딱 좋네.
28910	뭔가 버리기 딱 좋은 곳이야.
28911	공중전화야. '통화하려면 동전을 넣으세요.'
28912	고장 났어.
28913	동전 투입구가 접착제로 막혀 있고, 버튼이 없고, 수화기 코드가 잘렸어.
28914	그것 말고는 멀쩡해 보여.
28915	쓰레기통
28916	그 늙은 마녀가 세일 중이네. 돈을 *삐-* 준대도 저긴 안 들어가.
28917	저기서 큰 할인 판매하나 보네.
28918	흠. 레이 요원 한동안 안 보이네. 무슨 일 있나 궁금하네.
28919	흠. 레예스 한동안 안 보이네. 무슨 일 있나 궁금하네.
28920	레이 요원이 좀 걱정되네.
28921	레이 요원 찾아봐야겠어. 너무 오래됐어.
28922	레이 요원 어디 있을까?
28923	레이 요원! 레이 요원! 내 말 들려요?
28924	무전기가 있으면 레이 요원한테 연락할 수 있을 텐데.
28925	이제 충분히 오래됐어. 그냥 레이 요원으로 전환해보는 게 좋겠어.
28926	레예스가 무슨 일에 휘말렸는지 궁금하네. 신참의 실수인가?
28927	신경 쓰는 건 아닌데, 레예스가 좀 걱정되기 시작하네.
28928	레예스한테는 너무 흥분되는 상황이라 마을을 떠났을지도.
28929	뭐, 내가 원하던 대로 됐네. 사건의 유일한 요원이 되는 거.
28930	그래도, 레예스한테 무슨 일이 있었는지 궁금하네. 혹시 납치돼서 하수도에 던져졌나.
28931	봐. 그냥 레예스로 전환해보는 게 좋겠어.
28932	버튼은 오른쪽 상단 모서리에 있어.
28933	씸블콘 '87, 지금 호텔에서 열리고 있어.
28934	씸블콘 '87, 오늘 밤 늦게 호텔에서 개막해.
28935	여기보다 훨씬 좋은 곳 같아 보이네.
28936	안 하는 게 낫겠어. 안 좋은 기억이 떠올라.
28937	...그리고 어쩌면 다른 것도... *우웨엑*
28938	여기서 누가 별로 안 행복했나 보네.
28939	꽤 역겹네.
28940	저 역겨운 쓰레기통은 안 열래.
28941	이미 닫혀 있어. 정말 다행이야.
28942	그래, 뭔가를 안에 던져서 쓸 수 있어.
28943	다이너의 뒷문이야.
28944	완전 엉망이네.
28945	그냥 빈 상자 더미야.
28946	빈 상자야.
28947	저거 내 수첩 같은데!
28948	저거 레이 요원의 수첩 같은데.
28949	그녀가 무사하길 바라야지.
28950	수첩이야.
28951	이미 더러운데 더 더러워지기만 할 거야.
28952	저거 내 수첩 같은데!
28953	저거 레예스의 수첩 같은데.
28954	그가 '본청'으로 돌아갔길 바라야지.
28955	이 오락실 토큰이야.
28956	팀블위드 파크 오락실 토큰이야.
28957	농담해? 나 그런 멍청한 오락실 게임 안 해.
28958	사용 중이야.
28959	이건 토큰이지, 동전이 아니야. 공중전화에는 안 통해.
28960	레예스한테 토큰 하나 줄 수 있는데, 근데 왜?
28961	레이 요원한테 토큰 하나 줄 수 있는데, 근데 저기서 그걸로 뭘 하겠어? 팩맨?
28962	완전 낭비네.
28963	저건 토큰을 안 받아.
28964	낡은 토큰
28965	긁힌 토큰
28966	더러운 토큰
28967	반짝이는 토큰
28968	밝은 토큰
28969	긁힌 자국 있는 토큰
28970	게임 포스터
28971	'제이슨 더 뉴스가이'라는 MMucasFlem 어드벤처 게임 포스터야.
28972	데이비드 파츠는 천재 디자이너야.
28973	'제이슨 더 뉴스가이'라는 MMucasFlem 어드벤처 게임 포스터야.
28974	비디오 피버 게임
28975	그 유명한 게임, 비디오 피버야.
28976	디스코 크레이지 게임
28977	이 게임 하려면 미쳐야 해.
28978	아니면 끝낼 때쯤엔 미쳐 있을 거야.
28979	에일리언 슬라임 게임
28980	이 게임 하면서 자랐어.
28981	이게 내가 커서 게임 개발자가 되고 싶었던 이유야.
28982	에일리언 슬라임? 누가 이걸 하고 싶어 하겠어?
28983	적을 죽여라 게임
28984	적이 죽을 때가 좋더라.
28985	정말 사실적인 빨간 픽셀 피네.
28986	메테오 메스 게임
28987	누가 유성을 무서워하겠어?
28988	특히 보라색 유성을?
28989	킬 스릴 게임
28990	이거 진짜 짜릿했지...
28991	...근데 죽일 때만.
28992	토큰트론 3000™
28993	'토큰트론 3000™은 매번 정확히 토큰 하나씩 지급하는 걸 보장합니다.'라고 적혀 있어.
28994	'(한 번에 최대 6개 토큰까지 유통 가능.)'
28995	토큰
28996	잠깐, 저 아래 손전등 불빛이 보이는데...
28997	아니, 그냥 반딧불이야.
28998	리키의 케이크 가게 문
28999	근데 이게 왜 울리고 있지?
29000	오락실 문
29001	이 지점 너머엔 버스 정류장 말고는 아무것도 없어.
29002	이건 그냥 데모라서 저기 못 가.
29003	냄새나는 쓰레기로 가득 차 있어.
29004	이미 살짝 열려 있어. 더는 안 열래. 나한테는 너무 냄새나.
29005	이미 거의 닫혀 있어. 계속 그 상태로 둘래.
29006	원하면 쓸 수 있어.
29007	쓸모없는 남는 인벤토리를 처리하기 딱 좋은 방법이야.
29008	버니는 최고의 샴푸를 써줬고 내 광대 머리를 딱 맞게 다듬는 법도 알았어.
29009	떠나서 아쉽네.
29010	버니는 정말 친절했어. 내 포니테일을 다듬어주곤 했지.
29011	안에 먼지 뭉치 말고는 아무것도 없어.
29012	애완동물 가게는 영영 문을 닫았고, 잘된 일이지.
29013	*삐-* 애완동물이 왜 필요해 (오, 햄스터라면 얘기가 다르지만)!
29014	애완동물 가게는 임대 중이야.
29015	여기 사는 사람들 중엔 애완동물 키우는 사람이 없나 보네.
29016	바빠 보이네.
29017	그 사람 끝날 때까지 *삐-* 기다려야지.
29018	전화 끝날 때까지 기다리는 게 낫겠어.
29019	실례합니다, 당신을 감시하고 있어요.
29020	여기서 물건을 그냥 가져가면 안 돼요. 은행이라고요!
29021	저는 연방 요원이고 이 열쇠를 압수해야겠어요.
29022	누구시든 상관없어요. 제 감시하에 그런 일은 못 해요.
29023	실례합니다, 에드먼드 씨. 뭐 하시는 거예요?
29024	제 삼촌의 공장 열쇠예요. 그냥 좀 확인해봐야 해서요.
29025	에드먼드 씨, 저희는 여기서 신탁 관리 업무를 진지하게 하고 있어요.
29026	공장이 유산 검인 중인 거 아시잖아요.
29027	실례합니다, 광대 씨.
29028	서커스 월드에서는 어떤지 모르겠지만, 은행에서 그렇게 마음대로 물건을 가져가시면 안 돼요!
29029	이 *삐-* *삐-* 놈아. *삐-* 너!
29030	자, 자, 손님. 소란 피우지 마시고 조용히 나가주세요.
29031	제 물건을 그냥 가져가시면 안 돼요! 은행이라고요!
29032	저는 연방 요원이고 문진이 필요해요.
29033	누구시든 상관없어요. 그건 못 드려요.
29034	그냥 문진 좀 보고 싶었을 뿐이에요.
29035	그 문진은 저한테 아주 소중한 물건이에요. 특별한 선물이었거든요...
29036	음, 특별한 선물이었어요. 만지지만 않으면 자유롭게 봐도 돼요.
29037	실례합니다, 광대 씨. 제 특별한 문진 좀 그냥 두세요!
29038	잠시만요, 에드먼드 씨.
29039	네, 어떻게 도와드릴까요, 에드먼드 씨?
29040	아, 네, 이 필체를 보니 정말 많은 추억이 밀려오네요...
29041	에드먼드 씨는 참 안타깝게 됐어요. 정말 훌륭한 분이셨는데.
29042	네?
29043	죄송해요, 어떻게 도와드릴까요?
29044	이 부본에 해당하는 수표 사본이 필요해요.
29045	네, 에드먼드 씨의 결제 완료 수표는 전부 여기 보관해뒀을 거예요.
29046	여기 있네요...
29047	감사합니다.
29048	이런! 전화 끊었어!!
29049	역탐지할 만큼 오래 붙잡고 있었는데!!
29050	신음? 그래, 계속해봐.
29051	계속 얘기해, 거의 역탐지 다 됐어.
29052	왜 내 시간을 이렇게 낭비할 수 있다고 생각하지.
29053	신음 소리나 듣는 것보다 더 나은 일이 있는데.
29054	또 그러네.
29055	신음, 신음, 신음...
29056	에드나 간호사님이세요?
29057	이거 음란 전화예요?
29058	그 거친 숨소리랑 신음은 다 뭐예요?
29059	저한테 작업 거는 거예요?
29060	역탐지할 만큼 오래 붙잡아둬야 해.
29061	이 음란 전화 정말 짜증나네.
29062	그만 걸어주면 좋겠는데.
29063	결제 완료 수표
29064	척이 변호사 브랜트 베일리윅에게 발행한 수표 사본이야.
29065	하단에 메모가 있어:
29066	'완납 - 척 에드먼드의 최후 유언장 관련 모든 사항, 유언장 낭독 포함.'
29067	베일리윅 씨를 찾을 때까지 이건 갖고 있어야지.
29068	동물 문진
29069	받침대에 '매트'라고 새겨진 작은 나무 조각상이야.
29070	매트라면 내가 이걸 갖고 있길 바랄 것 같아.
29071	공장 열쇠
29072	열쇠야. '베개 공장'이라고 적혀 있어.
29073	열쇠가 맞아!
29074	열쇠 구멍도 손잡이도 없어.
29075	문은 분명 잠겨 있는데 열쇠 꽂을 곳이 없어.
29076	저기엔 안 맞아.
29077	그 고생을 하고 다시 돌려줄 순 없지.
29078	은행 전단지
29079	'오늘 계좌 개설하시면 무료 토스터를 드려요.'
29080	무료 토스터 갖고 싶다.
29081	토스터가 다 떨어졌어요.
29082	은행 홍보 전단지야.
29083	싸구려 그림
29084	은행이면 더 좋은 그림쯤은 살 수 있을 텐데.
29085	쓰레기 같은 그림이네.
29086	톱니바퀴들
29087	밑바닥까지 온통 톱니바퀴야.
29088	잘 만들어진 시계야. 척 삼촌의 솜씨 같은데.
29089	복잡해 보이네.
29090	복잡해 보이네.
29091	관심 없는 시각이야.
29092	5시 조금 지났네.
29093	그건 규정 위반이겠지.
29094	명예로운 표지판
29095	쓰레기 같은 표지판이네.
29096	쓰레기 같은 표지판
29097	이 표지판이 여기가 어딘지 알려주네.
29098	은행 간판
29099	인상적이네.
29100	인상적이네.
29101	공장의 옛날 열쇠처럼 보이는데, 이 조명 아래선 확신은 못 하겠어.
29102	'베개 공장'이라고 적혀 있는 것 같아.
29103	그 요즘 나오는 세련된 무선 전화기 중 하나네. 전화번호가 안 적혀 있어.
29104	전화번호가 안 적혀 있어.
29105	그거 만지지 마! 그 장난 전화 건 사람이 다시 시도하는지 지켜보고 있어.
29106	충분히 오래 통화하게 놔두면, 아마... (헛기침) ...역탐지할 수 있을 거야.
29107	매니저가 이미 쓰고 있어.
29108	열쇠걸이
29109	열쇠 걸이야. 비어 있어.
29110	작은 나무 동물 조각상이야.
29111	뭘 원하는지 모르면 책에 손대지 마!
29112	원숭이 손이 알아.
29113	미래는 절대 정해져 있지 않아.
29114	너무 늦기 전에 운명을 걸어봐.
29115	왼쪽으로는 저기까지밖에 안 움직여...
29116	오른쪽으로 옮기려면 밀어야겠어.
29117	오른쪽으로는 저기까지밖에 안 움직여...
29118	왼쪽으로 옮기려면 당겨야겠어.
29119	저기엔 안 들어가.
29120	머리
29121	꽤 역겨운 머리네. 작은 명찰이 있어: '항해사 세프의 머리'.
29122	항해사 세프의 머리
29123	안약
29124	에릭의 눈 마법
29125	에릭의 눈 마법 특수 물약병이야.
29126	'눈물의 진정 물줄기로 시력을 회복시켜줍니다. 부작용: 고통스러운 기억을 불러일으킬 수 있음.'이라고 라벨에 적혀 있어.
29127	이런 *삐-*!
29128	{울음}아버지는 왜 항상 날 놀렸을까! 웃었지만, 속으로는 정말 아팠어.
29129	{울음}그는 씁쓸하고 못된 사람이었어!
29130	안 돼!
29131	{울음}나는 왜 이렇게 냉소적일까?
29132	{울음}그냥 성공하고 다른 요원들이 날 좋아했으면 좋겠어.
29133	따가워!
29134	{울음}아버지가 그리워.
29135	{울음}아버지를 제대로 알지도 못했는데, 계속 생각나.
29136	아야!
29137	{울음}내가 원했던 건 척 삼촌을 기쁘게 해드리는 것뿐이었어.
29138	{울음}정말 열심히 노력했지만, 절대 충분하지 않았고, 결국 삼촌을 실망시켰어.
29139	와. 기분이 좀 나아졌어.
29140	차 봉지
29141	하오린킨야오 차
29142	'하오린킨야오 차, 마법의 차. 여러 언어를 말할 수 있는 선물을 드립니다.'라고 라벨에 적혀 있어.
29143	아아아아아!
29144	(dont_translate)¿Dónde está el inodoro?
29145	(dont_translate)I miei capelli prude.
29146	(dont_translate)No tengo idea de lo que estoy diciendo.
29147	(dont_translate)Ich möchte auf eine lange Reise mit einem Pinguin gehen.
29148	(dont_translate)Je ne savais pas que je pouvais parler français.
29149	(dont_translate)Questo tè è sorprendente.
29150	(dont_translate)Mit einem Hinweis-Guide ist für Verlierer.
29151	(dont_translate)El plátano llega a la medianoche.
29152	저주받은 카운터
29153	소름 끼치네!
29154	저주받은 문
29155	저주받은 미라
29156	저건 절대 안 만질래.
29157	저주받은 망토
29158	꽤 낡아빠졌네. 정말 낡아빠졌다는 뜻이야.
29159	신비한 힘이 저걸 제자리에 붙잡아두는 게 틀림없어.
29160	저주받은 사다리
29161	저주받은 바퀴가 달렸어.
29162	저주받은 인형
29163	저기에는 더 가까이 가지 않을래.
29164	저주받은 책
29165	표지에 해골이 그려진 책이야.
29166	표지에 해골 그려진 그냥 그런 책이 아니야.
29167	사자의 서™야.
29168	원하면 가져가. 서비스로 줄게.
29169	근데 조심해!
29170	뭘 조심해요?
29171	아무것도 아니야. 그냥 불길하게 들리려고 해본 말이야.
29172	사자의 서™
29173	저주받은 머리
29174	이 머리 거의 살아있는 것 같아. 움직이는 걸 본 것 같은데.
29175	저주받은 안약
29176	안약 한 병이야.
29177	저주받은 차
29178	차 봉지야.
29179	레노어
29180	저녁의 숙녀
29181	지나가세요 부인. 살인범이 아직 활개 치고 있어요.
29182	살인범을 잡아서 다행이야, 드디어 이 악취 나는 구멍을 떠날 수 있겠네.
29183	그렇게 나쁜 곳은 아니었어.
29184	레이 요원님이랑 일하면서 정말 많이 배웠어요.
29185	그래, 앨버커키 본청에 있게 되면 찾아볼게.
29186	앨버커키에는 본청이 없어.
29187	당연한 소리를, 셜록.
29188	B 스트리트 나머지가 보여.
29189	마을 외곽
29190	이 지점 너머엔 길이 없어.
29191	그냥 편집실에서 나온 미완성 임시 그래픽처럼 보이네.
29192	매표소 창구
29193	안에 아무도 없어.
29194	버스
29195	'보기'가 '냄새 맡기'를 뜻한다면, 이미 해봤어.
29196	벤치 광고
29197	어떤 *삐-* *삐-* *삐- 얼굴*이 내 간판을 훼손했어.
29198	랜섬 더 클라운은 여기서 별로 인기가 없나 봐. '참치를 먹는다'고 적혀 있어.
29199	친절하지 않은 사람들도 있는 법이지. 랜섬도 포함해서.
29200	검시관을 찾아가야 해.
29201	보안관을 찾아가야 해.
29202	'검시관'이라고 적혀 있어.
29203	'보안간'이라고 적혀 있어.
29204	여긴 보안관 철자도 제대로 모르는 촌구석인가?
29205	'보안간'이라고 적혀 있어.
29206	잠깐... 분명 '보안관'이라고 쓰는 거 아니었나.
29207	살다 보면 배우는 거지...
29208	'보안간'이라고 적혀 있어.
29209	멍청이 무리네... 보안관 철자도 제대로 못 쓰고...
29210	검시관을 '검신관'이라고 안 쓴 게 놀랍네.
29211	'보안간'이라고 적혀 있어.
29212	있잖아, 자라면서 원래 저렇게 쓰는 게 맞는 줄 알았어.
29213	시 문장
29214	'필로트로닉스: 우리 도시의 두뇌'라고 새겨져 있어.
29215	척 삼촌의 트론 기계 괴물들 중 하나네.
29216	크고 못생긴 *삐-* 컴퓨터네.
29217	저 괴물들을 쓰느라 시간 낭비 안 할래.
29218	저 *삐-* 컴퓨터는 안 만질래.
29219	너 때문에 놀랐-아레노!
29220	아니 놀랐-어후라고 해야지!
29221	어, 죄송해요.
29222	저 소름 끼치는 바이올린 음악은 뭐지?
29223	몰라, 배관을 타고 들려와.
29224	좋아, 다시 자야지-어후.
29225	검시관 서류
29226	이 마을 정말 싫어.
29227	이 트론 기계들을 조사한 다음, 보안관 만나러 가서 여기서 나가요.
29228	우웩!
29229	먼저 저 보고서부터 챙기는 게 낫겠어.
29230	튜브 없이는 작동 안 해.
29231	보리스 슐츠 살인 혐의로 윌리 T. 와이노를 체포하다.
29232	인상적이지만, 아무 일도 안 일어났어.
29233	지문 채취 키트
29234	요원 업무에 이게 필요해.
29235	지문 채취 브러시랑 소량의 지문 채취 가루가 있는데, 지문 채취 테이프가 없어.
29236	지문 채취 브러시랑 충분한 지문 채취 가루가 있는데, 지문 채취 테이프가 없어.
29237	브러시는 아직 있는데, 지문 채취 가루가 다 떨어졌고, 지문 채취 테이프도 없어.
29238	물속에 너무 오래 있어서, 손가락이 물에 불었어.
29239	말린 자두 지문 채취를 시도하는 거나 마찬가지겠는데.
29240	이제 가루가 충분해.
29241	저기에 가루 낭비하고 싶지 않아.
29242	지문 채취 가루가 더는 없어.
29243	지문 보고서
29244	신원 보고서
29245	혈액 보고서
29246	핑거트론 3000™
29247	큰 컴퓨터처럼 생겼네.
29248	지문 등록부랑 얼음송곳에서 채취한 지문 둘 다 있어.
29249	지문 등록부가 있어.
29250	얼음송곳에서 채취한 지문이 있어.
29251	저기에 손가락 안 넣을래.
29252	이 큰 컴퓨터는 안 만지는 게 낫겠어.
29253	더 잘 모르고 쓰기엔 너무 복잡해 보여.
29254	공식 지문 채취 테이프에 묻은 지문만 인식해.
29255	페이스트론 3000™
29256	시체 사진이랑 보리스 슐츠의 여권 둘 다 있어.
29257	죽은 시체 사진이 있어.
29258	보리스 슐츠의 여권이 있어.
29259	저기에 얼굴 안 넣을래.
29260	블러드트론 3000™
29261	피 묻은 화장지랑 윌리의 지갑 둘 다 있어.
29262	말라붙은 핏자국 화장지가 있어.
29263	윌리의 '흙 묻은' 지갑이 있어.
29264	차라리 뱀파이어트론이라고 불러야 하는 거 아닌가.
29265	여기 열 게 없어. 문은 계단 저 위 끝에 있어.
29266	여기 닫을 게 없어. 문은 계단 저 위 끝에 있어.
29267	여기 밀 게 없어. 그냥 계단뿐이야.
29268	여기 당길 게 없어. 그냥 계단뿐이야.
29269	문으로 이어지는 아주 어둡고 냄새나는 계단이야.
29270	블러드트론 3000™ 사용 설명서
29271	'시체에서 채취한 혈액 샘플과 핏자국 묻은 물건을 함께 넣으세요.'
29272	'블러드트론 3000™이 일치 여부를 확인하고 보고서를 발급합니다.'
29273	'완전 음성 인식 지원. 읽는 거 그만하고 말하기 시작하세요.'
29274	핑거트론 3000™ 사용 설명서
29275	'알려진 범죄자 지문 등록부와 살인 무기에서 채취한 지문을 지문 채취 테이프에 담아 넣으세요.'
29276	'핑거트론 3000™이 일치 여부를 확인하고 보고서를 출력합니다.'
29277	페이스트론 3000™ 사용 설명서
29278	'한 사람의 사진 두 장을 넣으면 페이스트론 3000™이 일치 여부를 확인하고 보고서를 출력합니다.'
29279	의료용 해골이야...
29280	'프레드 박사에게 반납해주세요.'
29281	어떻게 쓰는지 모르겠어.
29282	서류 캐비닛
29283	저 안에는 무서운 게 없어.
29284	검시관의 서랍을 정말 열고 싶은 건가?
29285	완벽한 상태의 SR-5858 튜브야.
29286	SR-5858 튜브
29287	여기 꽉 끼어 있네. SR-5858 튜브 뽑는 도구가 필요하겠어.
29288	도표
29289	(신남)쫄깃한 캐러멜 속.
29290	맛있겠다!
29291	(역겨움)쫄깃한 캐러멜 속.
29292	우엑!
29293	표창장
29294	보안관 크룩이 모트 E. 션 박사에게 수여함.
29295	책장
29296	의학 서적이 많이 있네.
29297	여기 지문 채취 키트가 있어.
29298	비어 있어.
29299	지문 채취 키트야.
29300	지문 채취하는 법을 몰라. 여기 두고 갈래.
29301	울퉁불퉁한 천
29302	강에서 시체를 옮겨온 게 틀림없어.
29303	'검시관'은 자게 놔두는 게 낫겠어.
29304	다시는 안 깨울래!
29305	이거 내가 기다리던 신원 보고서야.
29306	중요해 보이네.
29307	안 만지는 게 낫겠어.
29308	이거 내가 기다리던 혈액 보고서야.
29309	이거 내가 기다리던 지문 보고서야.
29310	미안 자기, 데모에는 핫도그 없어.
29311	있잖아...
29312	...스포일러.
29313	또 토사물 핫도그 먹는 건 *삐-* 절대 안 해.
29314	저거 또 먹을 일은 절대 없어!
29315	그건 네가 직접 가져가면 안 되지. 여기가 무슨 셀프바인 줄 알아?
29316	여기.
29317	잘 골랐어, 자기. 우리 저거 다 처분하려고 하거든.
29318	핫도그 하나 주세요.
29319	가져다줄게요.
29320	먹다 목이나 막혀버렸으면.
29321	먹어, 자기, 뜨거울 때.
29322	*씹* *씹*
29323	세상에! 이건 내가 먹어본 최악의 핫도그야!
29324	그래, 이건 내가 먹어본 최악의 핫도그야!
29325	쓰레기 맛인데, 내가 좀 알거든!
29326	이 핫도그는 MMucasFlem 구내식당 음식보다도 최악이야!
29327	나... 어...
29328	...가야겠어.
29329	(구토){notalk}*우엑*
29330	(구토){notalk}*우웨엑*
29331	(구토){notalk}*우게에엑*
29332	{notalk} *한숨*
29333	이제 좀 나아졌어.
29334	여기. 갖고 꺼져.
29335	여기 있어요, 자기.
29336	핫도그
29337	햄버거
29338	핫도그보다는 덜 나빠 보이는데, 겉모습만 보고는 모르지.
29339	그 핫도그 이후로는, 저 다이너 음식은 다시는 안 먹을래!
29340	나중에 굶어 죽을지도 몰라.
29341	날 독살하려는 거예요?
29342	보기만 해도 속이 안 좋네.
29343	역겨워 보이는데, 배고파.
29344	형편없어 보여, 내가 익숙한 뉴욕식 핫도그랑 안 닮았네.
29345	맛있겠다!
29346	빨리 먹고 싶어!
29347	예전이랑 똑같네.
29348	빨리 먹고 싶어!
29349	금전등록기
29350	낡은 금전등록기야.
29351	그들이 그걸 좋아할 것 같지 않아.
29352	메뉴
29353	핫도그... 버거... 샐러드... 파이... 슈바인학세... 그게 다야.
29354	dinerFireball
29355	흠. 스마트 바이 일렉트로닉스에서 사온 튜브 뽑는 도구가 기억나는데.
29356	그 가게 망했을 때 재고를 다 사왔거든.
29357	그래, 여기 있네.
29358	이건 최고급 튜브 뽑는 도구야. 네 삼촌은 항상 최고급만 샀지.
29359	네, 그러셨죠. 고마워요, 리키.
29360	여기 파이 만드는 데 필요한 팀블베리야.
29361	그리고 장갑도. 이제 필요 없겠지만.
29362	고마워요. 이제 만들러 갈게요. 금방 될 거예요.
29363	여기 팀블베리 파이예요, 척이 좋아하던 그대로요.
29364	리키, 제 티셔츠 좀 봐주세요. 이 도면에 있는 튜브 만들 수 있어요?
29365	네, 여기 제 티셔츠예요.
29366	흥미롭네! 척의 설계는 정말 훌륭해. 그래, 이 튜브 만들 수 있어. 금방 될 거야.
29367	여기 PF-001 튜브예요, 척이 설계한 그대로요.
29368	하나 갖다줄게, 자기.
29369	여기서 잠깐 기다려. 금방 돌아올게.
29370	여기 있어. 피전 시스터스한테 안부 전해줘.
29371	안녕, 딜로리스! 저쪽 카운터로 가서 얘기하자.
29372	안녕하세요! 저쪽 카운터로 가서 얘기해요.
29373	WC-67 튜브
29374	WC-67 튜브야.
29375	이 튜브 어떻게 쓰는지 모르겠어. 아는 사람한테 주는 게 낫겠어.
29376	PF-001 튜브
29377	희귀한 PF-001 튜브야.
29378	TX-1138 튜브랑 크기가 거의 같아서 내 튜브 뽑는 도구가 맞을 거야.
29379	진공관 뽑는 도구
29380	이건 갖고 있는 게 낫겠어.
29381	TX랑 AT 클래스 진공관을 뽑는 특수 도구야.
29382	여기엔 뽑을 튜브가 없어.
29383	KSCUM 전화 시스템이 이제 고장 났어.
29384	이 크기 튜브에는 안 맞아.
29385	이건 TX-1138 크기 튜브용인데, 이건 SR-5858이야.
29386	이 AT-25 튜브는 여기 두는 게 낫겠어.
29387	뽑을 튜브가 없어.
29388	이건 TX-1138 크기 튜브용인데, 이건 BB-19야.
29389	이건 TX-1138 크기 튜브용인데, 이건 CT-99야.
29390	이건 TX-1138 크기 튜브용인데, 이건 LFG-1982야.
29391	이건 TX-1138 크기 튜브용인데, 이건 WC-67이야.
29392	진공관에만 작동해.
29393	장갑
29394	리키의 낡은 팀블베리 따는 장갑이야.
29395	이건 갖고 있는 게 낫겠어.
29396	기다려, 성급한 녀석아.
29397	날 기다려.
29398	피자 조각처럼 차려입은 사람이네.
29399	다이너에 들어가서 심문...
29400	...아니 질문해봐야겠어, 샌디가 시체에 관해 뭔가 아는지 확인하려고.
29401	다이너에 들어가서 샌디한테 시체에 관해 아는 게 있는지 물어봐야겠어.
29402	피자! 피자!
29403	피자!!
29404	피자!!!
29405	피자 쿠폰!
29406	무료 피자 쿠폰!
29407	피자 모임!
29408	비밀 피자 모임.
29409	여기 WC-67 튜브예요.
29410	고마워요!
29411	다 고쳤어요.
29412	배관 관련해서 더 도움 필요하시면 여기 저희 명함이요.
29413	여기 정리하고 곧 갈게요.
29414	'렌치트론 3000™'이라고 적힌 이상하게 생긴 배관공 렌치야.
29415	렌치트론 3000™
29416	필요 없어, 이미 고쳐졌어.
29417	고속도로
29418	이 거리는 봉쇄됐어. 팀블위드 파크 오픈 준비로 도로 작업하는 사람들이 보여.
29419	이게 메인 고속도로야. 꽤 한적해 보이네.
29420	이 거리는 봉쇄된 것 같아. 저 아래 데모 파티가 열리는 것 같은데.
29421	재밌는 파티에는 절대 안 불러주더라.
29422	A 스트리트야.
29423	저 물을 지나갈 수가 없어.
29424	전자제품 가게 문
29425	폐업했어.
29426	'트라이-팀블위드 카운티 지역에 34년간 봉사하다가 문을 닫게 됐습니다.'라고 적혀 있어.
29427	'척의 말을 들었어야 했습니다. 트랜지스터는 막다른 길입니다. 튜브가 미래입니다.'
29428	'감사합니다, 우리의 충실한 고객 여러분.'
29429	다이너 문
29430	문에 손잡이가 없어.
29431	이 거리는 봉쇄됐어. 저 아래 파티가 열리는 것 같은데.
29432	B 스트리트야.
29433	바로 앞에서 거리가 끝나. 번쩍이는 불빛이 보이는데.
29434	시청 문
29435	은행 문
29436	문이 잠겨 있고 안에 아무도 없어.
29437	문에 안내문이 있어.
29438	영업 중인가 봐.
29439	골목
29440	저 아래 꽤 어두워 보이네.
29441	팀블위드 파크. 마을 이름 참 근사하네.
29442	'팀블멍청이'에 더 가깝지.
29443	팀블위드 파크. 다시는 여기 안 올 줄 알았는데.
29444	팀블*삐-*위드 파크. *삐-* 모르겠다.
29445	피자 전단지
29446	이 쿠폰은 이미 사용됐어.
29447	무비트론이 고장 난 것 같아.
29448	그건 안 될 거야.
29449	쓰레기 무단투기하는 사람들 총으로 쏠 수 있으면 좋겠어.
29450	피자 전단지처럼 보이네. 쓰레기 투기 금지법을 전혀 존중 안 하는군.
29451	피자 전단지처럼 보이네.
29452	메인 스트리트와 B 스트리트 교차로.
29453	메인 스트리트와 A 스트리트 교차로.
29454	'메인 스트리트'라고 적혀 있어.
29455	판자로 막힌 출입구
29456	어두운데 안에 아무것도 없는 게 보여.
29457	'윌리의 시계 & 바이올린 수리점.'
29458	'팀블위드 카운티에서 가장 특별한 시계 & 바이올린 수리.'
29459	'부자나 유명인의 시계와 바이올린을 수리해드립니다.'
29460	내가 부자이면서 유명했을 때 여기서 시계를 수리하곤 했지.
29461	'폐점.' 급하게 정리한 것 같네.
29462	완전히 판자로 막혔어. 시든 꽃 한 송이도 안에 안 남았네.
29463	다이너 간판
29464	S&D 다이너야.
29465	보안관이 이곳에 대해 경고했었지.
29466	S&D 다이너야.
29467	'저희는 지금 버려진 베개 공장에 나가 있습니다, 곧 돌아올게요.'라고 적혀 있어.
29468	-세이플리 퍼스트 저축은행 매니저, 엘 파울로 씨
29469	하이드런트트론 3000™
29470	위에 WC-67이 달린 하이드런트트론 3000™이야.
29471	이상하게 빛나는 튜브가 위에 달린 소화전이야.
29472	적어도 거리는 깨끗하게 유지하는군.
29473	위에 튜브가 달린 소화전이야.
29474	난 *삐-* 개가 아니야.
29475	난 소방관이 아니야.
29476	그렇게 목마르진 않아.
29477	피전 시스터스가 잘 처리하고 있는 것 같네.
29478	이미 충분히 열려 있어.
29479	이 WC-67 튜브는 완벽한 상태야.
29480	이 WC-67 튜브는 타버렸어.
29481	꽤 큰 진공관인데, 빛나고 있지는 않아.
29482	여기 꽉 끼어 있네. 안 만지는 게 낫겠어, 거리에 물바다가 될 수도 있어.
29483	배관공 도구랑 이상하게 생긴 렌치가 든 가방이야.
29484	배관공 도구가 든 가방이야.
29485	렌치만 가져가야지.
29486	가방은 그냥 제자리에 두는 게 낫겠어.
29487	저희 렌치트론 3000™은 만지지 마세요.
29488	저 같은 전문 교육을 받은 사람만 다룰 수 있어요.
29489	척 에드먼드, 퀴키팔 복권에서 100만 달러 당첨...
29490	척 에드먼드, 행운의 숫자 $chucknumber$로 퀴키팔 복권에서 100만 달러 당첨!
29491	미스터리 바이올린 소리가 마을 사람들을 미치게 해...
29492	미스터리 바이올린 소리가 마을 사람들을 미치게 한다고, 지역 음모론자들 주장
29493	새끼 악어들 애완동물 가게에서 탈출...
29494	새끼 악어들 애완동물 가게에서 탈출! 하수도가 새 보금자리?
29495	S&D 다이너, 세계 최대 팀블베리 파이 기록에 도전...
29496	S&D 다이너, 세계 최대 팀블베리 파이 기록에 도전! '못 먹는 수준'이라는 평가
29497	S&D 다이너 보툴리누스균 공포...
29498	S&D 다이너 보툴리누스균 공포! 보건 조사관, 핫도그를 원인으로 지목
29499	히친 포스트에서 폭동...
29500	레이저 앤 더 스컴메츠 목격 오보로 히친 포스트에서 폭동.
29501	퀴키팔 화장실에서 스컹크가 화재경보기 작동시켜...
29502	퀴키팔 화장실에서 스컹크가 화재경보기 작동시켜! 퀴키팔 레너드는 전혀 모름.
29503	레노어 에드먼드, 음주운전으로 체포...
29504	레노어 에드먼드, '내가 누군지 알아!'라고 외치며 음주운전으로 체포.
29505	오컬트 괴짜 마담 모레나, 마을에 경고...
29506	오컬트 괴짜 마담 모레나, 며칠 안에 보라색 유성이 떨어진다고 마을에 경고.
29507	미확인동물학자, 동네 배관공을 착각...
29508	미확인동물학자, 동네 배관공을 늑대비둘기인간으로 착각 - 소송 진행 중!
29509	곤란한 광대차 사건에 휘말린 마임 배우...
29510	곤란한 광대차 사건에 휘말린 마임 배우. 공범 21명 수배 중.
29511	동네 관리인, '구멍상' 수상...
29512	동네 관리인, '구멍상' 수상! 더그 브레이버맨, 진작 받았어야 할 상을 드디어 수상.
29513	미확인동물학자와 UFO 애호가들...
29514	촉수 목격 이후 미확인동물학자와 UFO 애호가들이 마을로 몰려들어!
29515	마담 모레나, '내가 그럴 줄 알았지!'...
29516	충격적인 TV 레슬링 패배로 보안관이 모자를 씹어먹자 마담 모레나 '내가 그럴 줄 알았지!'
29517	공포소설 작가 머튼 스틸, 영감을 얻다...
29518	공포소설 작가 머튼 스틸, 에드먼드 호텔 투숙 후 책 영감을 얻다.
29519	초현실주의 영화감독 한니발 핀치...
29520	초현실주의 영화감독 한니발 핀치, 팀블위드를 촬영지로 물색 중.
29521	랜섬 팬들, 기록적인 FCC 벌금 내려고 돈 모아...
29522	랜섬 팬들, 끝없는 '*삐-* 먹어' 폭언 이후 기록적인 FCC 벌금 내려고 돈 모아.
29523	거의 다 됐어.
29524	완료!
29525	지금 얘기 못 해. 큰 기사가 곧 들어올 참이야.
29526	난 *삐-* 신문 안 읽어.
29527	여기서도 잘 읽혀.
29528	헤드라인만 봐도 충분한 정보야.
29529	근데 저 더미가 너무 깔끔해 보이네.
29530	리를 *삐퍼*를 위한 침구는 충분히 있어.
29531	차라리 화장지를 쓸래.
29532	주울 *삐-*가 없어.
29533	쌀 생선이 없어.
29534	깔 새장이 없어.
29535	닦을 창문이 없어.
29536	지렁이 상자라도 있으면 좋을 텐데...
29537	서커스 근처에서 옷을 좀 벗은 남자.
29538	서커스 근처에서 무슨 동물을 들고 있는 남자.
29539	서커스 근처에서 시끄럽게 구는 남자.
29540	서커스 근처에서 쓰레기를 버리는 남자.
29541	서커스 근처에서 허위 신고당한 남자.
29542	공장 근처에서 소음 소란을 일으키는 남자.
29543	공장 근처에서 수상한 동물과 함께 있는 남자.
29544	공장 근처에서 무기를 든 남자.
29545	공장 근처를 엉망으로 만드는 남자.
29546	공장 근처에서 허위 신고당한 남자.
29547	도로에서 발생 가능한 자동차 사고와 남자.
29548	도로에서 위협적인 몸짓을 하는 남자.
29549	도로에서 시끄럽게 구는 남자.
29550	도로에서 수상한 동물과 함께 있는 남자.
29551	도로에서 자기 볼일을 보는 남자.
29552	마을에서 동물 관련한 남자.
29553	마을에서 무기를 든 남자.
29554	마을에서 시끄럽게 구는 남자.
29555	마을에서 뭔가를 바닥에 던지는 남자.
29556	마을에서 딱히 수상한 짓은 안 하는 남자.
29557	다이너 근처에서 발생 가능한 자동차 사고와 남자.
29558	다이너 근처에서 수상한 동물과 함께 있는 남자.
29559	다이너 근처에서 부적절한 옷차림을 한 남자.
29560	다이너 근처에서 쓰레기를 버리는 남자.
29561	다이너 근처에서 딱히 수상한 짓은 안 하는 남자.
29562	서커스 근처에서 옷을 좀 벗은 여자.
29563	서커스 근처에서 무슨 동물을 들고 있는 여자.
29564	서커스 근처에서 시끄럽게 구는 여자.
29565	서커스 근처에서 쓰레기를 버리는 여자.
29566	서커스 근처에서 허위 신고당한 여자.
29567	도로에서 발생 가능한 자동차 사고와 여자.
29568	도로에서 위협적인 몸짓을 하는 여자.
29569	도로에서 시끄럽게 구는 여자.
29570	도로에서 수상한 동물과 함께 있는 여자.
29571	도로에서 자기 볼일을 보는 여자.
29572	마을에서 동물 관련한 여자.
29573	마을에서 무기를 든 여자.
29574	마을에서 시끄럽게 구는 여자.
29575	마을에서 뭔가를 바닥에 던지는 여자.
29576	마을에서 딱히 수상한 짓은 안 하는 여자.
29577	다이너 근처에서 발생 가능한 자동차 사고와 여자.
29578	다이너 근처에서 수상한 동물과 함께 있는 여자.
29579	다이너 근처에서 부적절한 옷차림을 한 여자.
29580	다이너 근처에서 쓰레기를 버리는 여자.
29581	다이너 근처에서 딱히 수상한 짓은 안 하는 여자.
29582	저택 근처에서 발생 가능한 자동차 사고와 여자.
29583	저택 근처에서 수상한 동물과 함께 있는 여자.
29584	저택 근처에서 치명적 무기를 든 여자.
29585	저택 근처에서 시끄럽게 구는 여자.
29586	저택 근처에서 딱히 수상한 짓은 안 하는 여자.
29587	안녕하세요... 이제 가시게요?
29588	주머니에 있는 게 지도라면 좋겠는데, 절 보고 그냥 좋아하시는 게 아니라면요.
29589	재킷 아래 그 지도는 날씨로부터 보호하려고 넣으신 거겠죠.
29590	음...
29591	액자에 다시 넣어주세요.
29592	감사합니다. 음, 이번 기사는 완전 실패네.
29593	다음 건 더 나을 거예요.
29594	이 지도가 값을 매길 수 없는 초판이라는 거 아세요? 만지지 말아주세요.
29595	아름다운 건 아는데, 떼어가면 안 돼요.
29596	제 지도로 뭐 하시는 거예요? 좀 놔두세요!
29597	제 유명한 인내심이 바닥나고 있어요. 그만하세요.
29598	그만! 손 떼세요!
29599	토너 카트리지가 없어.
29600	사본 좋네. 게다가 컬러네!
29601	복사기 토너
29602	검은 토너 가루가 든 큰 카트리지야.
29603	복사기에 토너가 다시 가득 찼어.
29604	그러면 정말 엉망이 될 거야... 고운 검은 가루가 사방에.
29605	카운티 지도
29606	트라이-팀블위드 파크 카운티 지역의 지도야.
29607	저기엔 이 지도를 못 써.
29608	이 지도는 계속 갖고 있어야지.
29609	카피트론 3000™
29610	컬러카피트론 3000™이야.
29611	먼저 복사할 걸 올려놔야 해.
29612	카피트론은 5센트 동전을 받아.
29613	토너가 다 떨어졌어.
29614	액자에 걸린 카운티 지도
29615	트라이-팀블위드 파크 카운티 지역의 지도야.
29616	이미 카운티 지도가 있어.
29617	저 지도는 필요 없어.
29618	빈 액자
29619	정말 추상적이네... 색상 사용은 별로고...
29620	...소재는 마음에 들지만.
29621	경찰 무전기는 건드리지 마세요.
29622	지금 전화 기다리고 있는데...
29623	폴리스트론 3000™
29624	경찰 무전기야.
29625	마이크가 없는 것 같아.
29626	온/오프 스위치도 없고.
29627	타자기
29628	'타이프트론 3000™'이라고 적혀 있어.
29629	제 타자기 만지지 마세요!
29630	난 *삐-* 타이핑 안 해.
29631	타자 안 쳐.
29632	서류 캐비닛
29633	여기 진짜 특종이 들어 있을 거야.
29634	아니면 오래된 광고들.
29635	인쇄기
29636	구텐베르크가 자랑스러워할 만하네.
29637	난 인쇄공이 아니야. 이 골동품 인쇄기를 어떻게 쓰는지 모르겠어.
29638	팀블위드 니켈, 19...년 창간
29639	스쿠프가 특종 기사를 쓰고 있나 보네.
29640	신문
29641	컬러카피트론 3000™
29642	복사가 필요한 모든 걸 위해.
29643	복사, 한 장당 5센트.
29644	사본
29645	카운티 지도의 사본이야.
29646	작은 문이야.
29647	카피트론이 멈출 때까지 기다려야 해.
29648	토너 슬롯
29649	여기가 토너 카트리지 넣는 곳이야.
29650	저건 여기 안 맞아.
29651	완벽한 상태의 CT-99 튜브야.
29652	CT-99 튜브
29653	특수 CT-99 튜브 뽑는 도구가 필요할 거야.
29654	튜브가 이미 제대로 자리잡혀 있어.
29655	튜브가 부러질 수도 있어.
29656	완벽한 상태의 BB-19 튜브야.
29657	BB-19 튜브
29658	특수 BB-19 튜브 뽑는 도구가 필요할 거야.
29659	그 테이프는 공무용으로만 쓸 수 있어요.
29660	테이프 아껴써요, 거의 다 떨어졌어요.
29661	정부 소속이시니까, 테이프 좀 드려야겠네요.
29662	그냥 아껴 써주세요, 거의 다 떨어졌어요.
29663	그 테이프는 공무용으로만 쓸 수 있어요...
29664	...근데 요원이시니까, 그냥 아껴서 쓰세요, 거의 다 떨어졌어요.
29665	자, 이 배지 좀 보세요.
29666	어디 봅시다.
29667	아, 당신도 정부에서 일하는군요. 좋아요, 테이프 아껴써요, 거의 다 떨어졌어요.
29668	죄송해요, 테이프 더는 없어요.
29669	저는 연방 요원이고, 저희 사건에 도움이 필요해요.
29670	안녕하세요 동료 공무원님. 저는 연방 요원이고 저희 사건에 도움이 필요해요.
29671	당신, 진짜 연방 요원이시네요.
29672	테이프가 완전히 다 떨어졌어요.
29673	빈 테이프 디스펜서
29674	테이프 거의 다 떨어졌다고 했잖아요. 이제 완전히 없어요.
29675	네, 잠시만요.
29676	그리고 다음엔 *삐-* 직접 나한테 배달해. 내가 세금 뭐하러 내는 줄 알아?
29677	몇 년째 세금을 안 냈잖아요! 발송 우편물 다 분류하는 게 누구 일인 줄 알아요!
29678	음... *삐-* 너.
29679	끈적한 테이프 조각이야.
29680	이미 여기서 지문 하나 채취했어.
29681	먼저 지문 채취 가루를 뿌려보는 게 낫겠어.
29682	딱 필요한 거네. 검은 테이프 조각.
29683	이건 키트 밖에 따로 보관할래.
29684	아니. 더 좋은 용도가 있을 거야.
29685	소포
29686	이건 내 소포야, 절대 *삐-* 아무한테도 안 줄 거야.
29687	저, 랜섬 더 클라운™에게 온 거야.
29688	안에 메모가 있어:
29689	'광대 씨께, 저희는 귀하의 불량 견본품을 반품합니다. 지갑은 희귀한 멸종위기종 새로 만들어진 것 같고, 사탕 디스펜서는 쓸 때마다 불꽃이 튀네요.'
29690	'다시는 저희에게 연락하지 말아주세요.'
29691	이런 *삐- 자식들* 같으니.
29692	끈적한 테이프
29693	우편 투입구
29694	우편물 넣는 구멍이야. 그 외엔 별거 없어.
29695	우편 저울
29696	우편 저울이야.
29697	'공무용 전용. 위반 시 법이 허용하는 최대한도로 기소됩니다.'라고 적혀 있어.
29698	5파운드 압력이라니, 나 운동 좀 시작해야겠어.
29699	끈적한 테이프 디스펜서야.
29700	빈 테이프 롤이야.
29701	사서함 임대
29702	1+1 특가!
29703	사서함을 빌리시면 저희가 우편물을 몰래 안 보겠다고 약속드려요.
29704	발송 대기 중인 상자들이야.
29705	...아니면 수거 대기 중이거나...
29706	...근데 이 게임 안에서는 아무도 안 가져갈 거야.
29707	아니, 저기 그대로 놔둘래.
29708	퀴키팔에 오신 걸 환영해요. 뭐 찾는 거 도와드릴까요?
29709	저는 개인적으로 초콜릿 봉봉을 정말 좋아해요.
29710	뭐 찾는 거 있으면 알려주세요.
29711	뭐 도와드릴 거 있으면 알려주세요.
29712	저는 봉사하러 여기 있어요.
29713	제 사촌 버니 아세요?
29714	'미안해요' 카드 필요하세요? 좋은 게 많아요.
29715	저 노을 좀 보세요.
29716	카메라 보고 웃는 거 잊지 마세요. 저희 사장님이 행복한 사람 좋아하시거든요.
29717	고급 가죽 재킷™ 사실래요?
29718	안녕하세요, 저는 퀴키팔 레너드예요.
29719	이 병에 5센트 주세요.
29720	또 병이라고? 이번 달 전체보다 반품이 더 많네!
29721	이 병 주웠어요. 환경 정화한 대가로 5센트 주세요.
29722	음, 저는 당신 병 받아준 대가로 5센트 받아야겠는데요.
29723	농담이에요.
29724	퀴키팔 유머죠...
29725	여기 있어요.
29726	미안해요 아가씨...
29727	미안해요 형씨...
29728	보안관이 좀 전에 와서 지도를 전부 압수해 갔어요.
29729	돈도 안 냈어요, 미숙한 통치권인가 뭔가 하는 얘기하면서요.
29730	아, 이런! 버나드가 이럴 거라고 경고했었는데.
29731	인사말 카드
29732	'재수 없게 굴어서 미안해' 카드야.
29733	반짝이는 5센트 동전
29734	다시 복사할 필요 없어.
29735	10센트짜리만 받아.
29736	근데 레예스한테는 10센트가 필요해, 5센트가 아니라.
29737	근데 레이 요원한테는 10센트가 필요해, 5센트가 아니라.
29738	그건 말이 안 되지.
29739	됐어요. 최소한 10센트는 받아요.
29740	저도 자존심이 있다고요, 알잖아요.
29741	곰 퇴치제
29742	'레보의 곰 퇴치제, 이게 있으면 총을 들 필요가 없어요.'라고 적혀 있어.
29743	레보의 곰 퇴치제
29744	*삐-* 이거 *삐-* 곰 똥 냄새 나네.
29745	우엑. 냄새 끔찍하네.
29746	'생일 잊어서 미안해' 카드야.
29747	감상적이네.
29748	다정하네.
29749	늦은 생일 카드
29750	그래, 그렇겠지. 신경 안 써.
29751	생일은 절대 안 잊어. 이 카드 필요 없어.
29752	난 생일 안 믿어. 카드 필요 없어.
29753	다음에나.
29754	다음에나.
29755	'네 햄스터가 죽어서 미안해' 카드야.
29756	햄스터가 죽었다니! *삐-* 슬프네!
29757	설치류를 애완동물로 키우는 거 별로 안 좋아해.
29758	이런!
29759	이런!
29760	조의 카드
29761	죽은 햄스터라니! 오늘 밤 남은 기분을 *삐-* 망쳤어.
29762	죽은 햄스터 있는 사람 아무도 모르는데.
29763	에드는 빼고.
29764	이거 무슨 병맛 *삐-* 농담이야, 폭스 씨?
29765	'네가 *삐-*같은 기분이라니 안타까워' 카드야.
29766	하하하! 웃기네!
29767	이런!
29768	쾌유 카드
29769	다음에나.
29770	됐어, 인사말 카드로는 별로 안 좋네.
29771	하하하! 웃기네! 다음에나.
29772	'재수 없게 굴어서 미안해' 카드야.
29773	재수 카드
29774	이런 건 언제든 쓸모 있지.
29775	정말 무례하네. 이런 카드는 재수 없는 놈만 살 거야.
29776	'네 얼굴이 안 벗겨져서 미안해' 카드야.
29777	아야, 그건 좀 심한데!
29778	머리가 풍성한 광대 그림이 있어.
29779	저주 없음 카드
29780	그래, 그렇겠지. 이런 거 필요 없어.
29781	됐어. 근데 종류는 진짜 많네.
29782	아무도 진짜 미안해하지 않나 보네.
29783	머리 큰 광대 그림이 있어.
29784	'네가 상속에서 빠져서 미안해' 카드야.
29785	'네 쥐꼬리만 한 유산 조심해서 써.'
29786	우, 그건 좀 치사하네.
29787	'네 쥐꼬리만 한 유산 조심해서 써.'
29788	완전 호구네!
29789	재정 손실 카드
29790	내 부자 삼촌이 죽었는데 겨우 이 형편없는 카드 하나 받았다고? 됐어.
29791	딱 내 스타일 카드긴 한데, 오늘은 아니야.
29792	이거 좀 상처에 소금 뿌리는 거 아닌가?
29793	우, 그건 좀 치사하네. 내 부자 삼촌이 죽었는데 겨우 이 형편없는 카드 하나 받았다고? 됐어.
29794	완전 호구네! 딱 내 스타일 카드긴 한데, 오늘은 아니야.
29795	'네 쥐꼬리만 한 유산 조심해서 써.'
29796	식인 식물
29797	배고파 보이네. 손가락 여분은 없는데.
29798	그냥 두는 게 낫겠어.
29799	보안 카메라
29800	*삐-* 누굴 쳐다보는 거야?
29801	안녕하세요.
29802	어... 음... 나 카메라에 찍혔나 보네.
29803	비디오카메라야.
29804	카메라 만지지 마세요.
29805	저희 사장님이 카메라 만지는 거 싫어하실 거예요.
29806	저는 TV에 나오는 거 좋아하는데, 당신은요?
29807	보낼 게 있으면, 이게 유용할 텐데.
29808	복권
29809	확실한 거면 살 텐데.
29810	메모 카드
29811	안타까운 카드 모음 같네.
29812	지도들
29813	남은 지도가 없어.
29814	팀블위드 카운티 지도들.
29815	여기서 열고 싶지 않아.
29816	가져. 순회 동물 퇴치제 판매원이 준 다른 견본품이야.
29817	가져. 순회 동물 퇴치제 판매원이 준 견본품이었어.
29818	근데 실제로 효과가 있는지는 의심스러워. 확인해보고 싶지도 않고.
29819	팀블위드산 화장지치고는 정말 폭신하네.
29820	됐다. 혈액 샘플을 얻었어.
29821	우엑. 절대 안 돼.
29822	그러면 그냥 막혀서 화장실이 물바다가 될 거야.
29823	이걸 버리려면 뚜껑을 열어야 하는데, 안 그럴래.
29824	좋아, 이제 다 깨끗해.
29825	안 그렇거든!
29826	도움이 안 돼. 거울이 수십 년 묵은... 뭔지 알고 싶지도 않은 걸로 뒤덮여 있어!
29827	화장지는 이미 충분히 말랐어.
29828	그리고 연기와 함께 사라져...
29829	핏자국 묻은 화장지
29830	죽은 시체의 피로 뒤덮여 있어.
29831	이미 말라붙었어.
29832	왜 화장지로 싱크대를 막고 싶겠어?
29833	주차장으로 가는 문이야.
29834	꽤 지저분한 문이네.
29835	그 문 느낌이 나.
29836	직원은 항상 손을 씻어야 해요.
29837	저 어둠 속을 손으로 더듬고 싶지 않아.
29838	건조기
29839	나무를 절약하지.
29840	벽에 단단히 고정돼 있어.
29841	변기트론 3000™
29842	저건 엄청 큰 변기네, 규모가 안 맞아 보이는데.
29843	안 하는 게 낫겠어.
29844	저 안이 어떨지 상상이 가네.
29845	이미 닫혀 있어...
29846	그리고 그 상태로 유지되는 게 좋겠어.
29847	나 멋있어 보이네.
29848	이 롤에 초강력 흡수 화장지가 잔뜩 있어.
29849	저 안은 절대 안 볼래, 여기서도 냄새가 나!
29850	이걸 쓰는 유일한 방법은 뭔가를 안에 던지는 것뿐인 것 같아.
29851	변기 시트 라이너
29852	우엑, 다 써버렸네.
29853	변기 손잡이
29854	웩! 갈색의 끈적한 뭔가가 묻어 있어!
29855	*삐-* 차가운 물이 *삐-* 쏟아지고 있어.
29856	켜져 있어.
29857	*삐-* 꺼져 있어.
29858	*삐-* 물 하나도 안 느껴져.
29859	WC-67 튜브야. 물을 제어하는 트론 유닛에 쓰여.
29860	정말 큰 튜브처럼 보이네.
29861	큰 트론 튜브 느낌이 나. 여기 위치를 고려하면 아마 WC-67일 거야.
29862	아무것도 안 보이지만, 매끄럽고 유리 같은 느낌이야.
29863	여기 꽉 끼어 있네. 안 만지는 게 낫겠어, 화장실이 물바다가 될 수도 있어. 웩.
29864	물러서요 레이 요원, 동전 넣어드릴게요.
29865	비켜, 레예스, 동전 넣어줄게.
29866	그냥 레이한테 동전을 넣어줘야지.
29867	그냥 레예스한테 동전을 넣어줘야지.
29868	왜인지는 모르겠지만, 좋아. 멀쩡한 동전을 낭비하는 것 같은데.
29869	아, 베타맥스 테이프네.
29870	TX-1138 튜브인데, 타버린 것 같아.
29871	고장 난 TX-1138 튜브
29872	타버린 진공관으로는 할 수 있는 게 별로 없어.
29873	베타 테이프
29874	베타맥스 테이프인데 이 마을에는 베타맥스 플레이어가 없어서 못 봐.
29875	다 쓰면 여기 넣으면 되는 거지.
29876	존재하지도 않는 베타맥스 플레이어에서만 작동할 거야.
29877	다 보시면 무비트론에 반납하시면 돼요. 즐거운 시청 되세요!
29878	저건 안 줄래.
29879	화장실이야.
29880	내가 알기론 팀블위드 파크에서 하나뿐인 거야.
29881	멋진 전망이네.
29882	무비트론 3000™
29883	작동하는 것 같네.
29884	'영화용 쿠폰을 넣으세요'라고 사용법이 적혀 있어.
29885	모든 불이 꺼져 있어. 고장 난 게 틀림없어.
29886	전에 이 기계 써봤는데, 쿠폰만 받아.
29887	어떻게 쓰는지 모르겠어.
29888	명백히 작동을 안 해, 진공관조차 빛나지 않아.
29889	고장 난 것 같아.
29890	저 아래 꽤 어두워 보이네...
29891	잠깐! 레이 요원이 보여!
29892	저 아래 꽤 어두워 보이네...
29893	잠깐! 레예스가 보여!
29894	아 *삐-*, 저 아래 냄새 지독하네.
29895	동네 전체가 큰 *삐-* 똥을 싼 냄새가 나네.
29896	저 아래 꽤 어두워 보이네...
29897	거기 아무것도 안 보이는데, 냄새는 꽤 지독하네!
29898	이 배수구는 볼트로 고정되고 용접까지 돼서 막혀 있어.
29899	절대 안 열래.
29900	이미 볼트로 고정되고 용접까지 돼서 막혀 있어.
29901	화장실 표지판
29902	나조차도 저기 들어가고 싶지 않네.
29903	호텔 화장실을 기다리는 게 낫겠어.
29904	저기 갔다 오면 손을 씻어야 할 것 같아.
29905	화장실이야.
29906	'게임쇼 때문에 자리 비웠어요, 다음 주에 돌아와요. -레너드'라고 적혀 있어.
29907	여보세요-아레노?
29908	네, 알겠습니다.
29909	네, 정말 짜증 나는 일이죠.
29910	아니요.
29911	처리됐습니다.
29912	처리될 겁니다.
29913	네, 영구적으로요.
29914	네, 폭력적으로요.
29915	네, 오늘 밤 레슬링 정말 좋았어요.
29916	안녕히 계세요.
29917	어디 좀 봅시다.
29918	이상하게 생긴 시계네. 근데 뭐, 고칠 수 있어.
29919	고쳐주실 시계 여기요.
29920	그 소음 속에서는 집중이 안 돼!
29921	내가 제일 좋아하는 음악으로 바꿔야지.
29922	나 테레민 음악 좋아해. 그게 틀어져 있을 때 일이 제일 잘돼.
29923	저 멋진 테레민 음악이 틀어지고 있네. 좋아, 이리 줘.
29924	자, 시계 고쳤어. 여기.
29925	여기 너무 조용하네. 테레민 음악이 틀어져 있어야만 일할 수 있어.
29926	근데 이빨로 고칠 수 있을까?
29927	제대로 된 도구 가져오면 다시 와.
29928	그리고 그 끔찍한 소음 좀 끄고 테레민 음악 좀 틀어줘!
29929	윌리, 여기 원하시던 도구예요.
29930	고마워, 좋은 도구네.
29931	별거 아닌데, 4페이지 기사가 하나 부족해서.
29932	곧 돌아올게요. 제 지도 만지지 마세요.
29933	곧 돌아올게요.
29934	제가 없는 동안 아무도 제 지도 안 만지길 바라요.
29935	문 잠글 필요 없어요. 여긴 안전한 마을이에요, 외지인만 아니면.
29936	이게 뭐-아레노일까?
29937	우리 대도시 요원-아레노들이 정말 살인 사건을 해결했나?
29938	그건 내가 받지...
29939	뭐라고 적혀 있는지 볼-아레노까...
29940	'어쩌고-아레노 저쩌고-아레노 그래서-아레노...'
29941	아, 윌리 T. 와이노...
29942	역시 의심했던 대로-아레노.
29943	금방 올게.
29944	윌리, 넌 보리스 슐츠 살인 혐의로 체포됐-아레노.
29945	누구요?? 뭐라고요???
29946	나랑 같이 가지-아레노.
29947	자, 윌리-아레노, 할 말 있나?
29948	제가 안 그랬어요.
29949	아 그래-아레노? 이 요원들이 널 무너뜨릴 거야.
29950	이 사건 끝내고 싶지-아레노? 그럼 취조해.
29951	이건 정부 재산 같은데. 안 만지는 게 낫겠어.
29952	필요 없어. 내 *삐-* 지문이 여기 있을 것 같은데.
29953	지문 등록부
29954	팀블위드 파크 사람 모두의 지문이 담겨 있어.
29955	'핑거트론 3000™ 호환 인증.'
29956	'핑거트론 3000™ 호환 인증'이라고?
29957	그게 무슨 뜻이지?
29958	지문이 여기 잔뜩 있어. 다 훑어보기엔 너무 많아.
29959	체포 영장
29960	보리스 슐츠 살인 혐의로 윌리 T. 와이노를 체포하는 공식 영장이야.
29961	시청 로비의 멋진 전경이야.
29962	로비로 가는 문인데, 아직도 '보안간'이라고 잘못 적혀 있어.
29963	서류 캐비닛이야.
29964	수배 전단
29965	수배: 셰이디 제인과 선샤인 갱단.
29966	수배:
29967	응? 유성이라고?
29968	수배: 피클 빌과 오이 갱단.
29969	표준 시청 지급 책상인데, 서랍이 없어.
29970	책상에 서랍이 없어.
29971	닫을 서랍이 없어.
29972	유치장 문
29973	유치장 문이 잠겨 있어, 못 열어.
29974	아레스트트론 3000™
29975	작동 안 해. AT-25 튜브가 빠져 있어!
29976	이상하네, 튜브가 빠진 것 같아.
29977	세 가지 보고서가 다 있어: 지문, 신원, 혈액 보고서.
29978	세 가지 중 두 가지 보고서가 있어: 지문, 신원 보고서.
29979	세 가지 중 두 가지 보고서가 있어: 신원, 혈액 보고서.
29980	세 가지 중 두 가지 보고서가 있어: 지문, 혈액 보고서.
29981	세 가지 중 첫 번째 보고서가 있어: 지문 보고서.
29982	세 가지 중 첫 번째 보고서가 있어: 신원 보고서.
29983	세 가지 중 첫 번째 보고서가 있어: 혈액 보고서.
29984	꽤 공식적으로 보이네. 여기서 나오는 건 뭐든 체포에 쓸 수 있어.
29985	작동을 안 하는 것 같아. 튜브가 빠진 것 같아.
29986	경찰 무전기야. 켜져 있고 쓸 준비가 된 것 같아.
29987	*삐-* 경찰 무전기네. 안 만질래.
29988	공식 법 집행용 경찰 무전기야.
29989	난 서커스 공연자지, *삐-* 라디오 공연자가 아니야.
29990	됐어, 그건 공식 법 집행 장비잖아.
29991	이미 지도가 있어. 나탈리를 다시 속일 필요 없어.
29992	못 꺼. 손잡이가 빠졌고 무전기가 캐비닛에 볼트로 고정돼 있어.
29993	보안관이 고문의 일종으로 켜놓은 거야.
29994	아레스트트론 3000™ 사용 설명서
29995	블러드트론 3000™, 핑거트론 3000™, 페이스트론 3000™에서 나온 보고서 세 개를 아레스트트론 3000™에 넣으면 체포 영장이 발급됩니다.
29996	완벽한 상태의 AT-25 튜브야.
29997	AT-25 튜브가 이상하게도 없어졌어.
29998	저기 전에 튜브 있지 않았나?
29999	여긴 그냥 튜브를 두는 게 낫겠어.
30000	버튼이 하나도 없네.
30001	수신 전용인가 봐.
30002	여기 지문 책이 있어.
30003	그냥 서류 뭉치네.
30004	지문 책이야.
30005	서랍 안에 있는 채로는 열 수가 없어.
30006	이게 내가 기다리던 영장이네.
30007	공장에 들어가서 AI의 비밀을 훔쳐야... 아니, 찾아야 해.
30008	아버지의 누명을 벗길 증거를 찾으러 공장에 들어가야 해.
30009	척 삼촌이 왜 미쳐버렸는지 알아내려고 공장에 들어가야 해.
30010	내 *삐-* 시제품 인형을 되찾으려고 공장에 들어가야 해.
30011	[걷기]
30012	[열기]
30013	q
30014	[닫기]
30015	a
30016	[주기]
30017	z
30018	[줍기]
30019	w
30020	[보기]
30021	s
30022	[말하기]
30023	x
30024	[밀기]
30025	e
30026	[당기기]
30027	d
30028	[사용하기]
30029	c
30030	[떠다니기]
30031	[울부짖기]
30032	[감전시키기]
30033	[냉기 뿜기]
30034	[신음하기]
30035	[물 뿌리기]
30036	[절망하기]
30037	[입김 불기]
30038	레이
30039	레이 요원
30040	고마워. 눈알은 안 붙였으면 좋겠는데.
30041	이 먼지 더미로 뭘 하라는 거야?
30042	(irritated)뭐든.
30043	(sarcastic)그래, 네 쓰레기 내가 들어줄게.
30044	(sarcastic)안 그래도 들 게 많은데?
30045	레예스
30046	레예스 요원
30047	내 수첩! 완전히 잃어버린 줄 알았는데.
30048	저한테 정말 큰 의미가 있어요. 고마워요!
30049	먼지 고마워요.
30050	(happy)고마워요.
30051	(happy)도움이 됐다니 다행이에요.
30052	(happy)뭔가 들고 다니는 거 좋아해요.
30053	광대 랜섬
30054	이런 *삐-*! 먼지?
30055	좋아, 더 많은 *삐-* *삐-*!
30056	이런 *삐-*! 이 *삐-* 것도 못 들어?
30057	딜로리스
30058	딜로리스 에드먼드
30059	고마워, 나 몇 년째 먼지 픽셀 모으고 있었거든.
30060	(happy)고마워!
30061	(happy)고마워!
30062	(happy)정말 고마워.
30063	프랭클린
30064	프랭클린 에드먼드
30065	사랑한다, 딜로리스.
30066	네가 정말 자랑스러워.
30067	우우우...
30068	여보세요오오오?!
30069	나 여기 있어!
30070	도와줘! 나 유령이야!
30071	척은 완벽하지 않아!
30072	보리스
30073	보리스 슐츠
30074	우체국 직원
30075	미안해요, 지금 너무 바빠서요. 분류가 밀렸거든요.
30076	너무 바빠서 멈출 수가 없어요.
30077	우체부 일은 끝이 없어요, 멈출 수가 없죠.
30078	계속 분류해야 돼요, 멈출 수가 없어요.
30079	지금은 도와드릴 수가 없어요.
30080	보안관
30081	나탈리
30082	미안해요, 멈출 수가 없어서요...
30083	마감 중이라서요...
30084	중요한 기사가 있어서요...
30085	샌디
30086	데이브
30087	윌리
30088	검시관
30089	매니저
30090	자비에르
30091	클라라
30092	버질
30093	죄송해요. 도와드릴 수가 없네요.
30094	척 삼촌
30096	쳇
30097	브렛
30098	캐시
30099	브랜트
30100	피터
30101	척키
30102	더그
30103	엘 파울로 씨
30104	레너드
30105	마담 모레나
30106	큰 비둘기
30107	더 큰 비둘기
30108	리키 리
30109	카니발 조
30110	꺼져, 광대 놈아, 손님들 겁주고 있잖아.
30111	성가신 아이
30112	너 같은 역겨운 놈이랑은 말 안 해!
30113	드래곤
30114	섹시 라이커
30115	코리
30116	코리
30117	론 길버트
30118	데이빗 폭스
30119	게리 위닉
30120	로빈
30121	켄 티엔
30122	켄 존스
30123	피규어 더 사자고 설득당하지 않으려고 노력 중이야.
30124	그 사람이랑 *삐-* 얘기하고 싶지 않아.
30125	피규어는 지금 나한테 필요한 딴짓이 아니야.
30126	말없는 스팍
30127	인디아나 존스랑 스팍을 합친 코스튬이라니 정말 좋은 아이디어네! 근데 완성도는 별로.
30128	내가 왜 저 사람이랑 얘기하고 싶겠어.
30129	쥐
30130	VO
30131	엄마
30132	후지코 임원
30133	플러그가 안 꽂힌 TV야.
30134	저절로 전원이 들어오는 것 같은데! 완전 이상하네.
30135	그거 건드리지 마! 내 프로그램 하고 있어.
30136	누가 여기 두고 갔나 봐. 플러그도 안 꽂혀 있고 꽂을 데도 안 보여.
30137	플러그가 안 꽂혀 있고 꽂을 데도 안 보여.
30138	다른 방법으로 전기를 얻어야 해.
30139	내가 뭘 해도 반응이 없는 것 같아.
30140	뭐로 전원이 들어오는지 모르겠어, 플러그가 안 꽂혀 있는데.
30141	잠겨 있어.
30142	이미 열려 있어.
30143	이 키카드로는 이 방을 못 열어.
30144	그걸로는 방문이 안 열려.
30145	그걸로는 이 호텔 방문이 안 열릴 것 같은데.
30146	*삐-* 너무 어두워서 안 보여.
30147	빌어먹게 어두워서 안 보여.
30148	*삐-* 너무 어두워서 아무것도 안 보여.
30149	*삐-* 그걸 할 만큼 잘 안 보여.
30150	그 빌어먹을 조명 스위치나 켜.
30151	*삐-* 어둠 속에서는 안 보여.
30152	너무 어두워서 안 보여.
30153	그걸 할 만큼 잘 안 보여.
30154	어딘가에 조명 스위치가 있을지도 몰라.
30155	어둠 속에서는 안 보여.
30156	이 완벽한 변장으로는 아무도 날 못 알아볼 거야.
30157	다시 평범한 옛날 프랭클린으로.
30158	오늘은 장난 그만 쳐도 될 것 같아, 고마워!
30159	먼지 조각이야.
30160	먼지 조각들
30161	튜브를 설치하려면 튜브 뽑는 도구가 필요해.
30162	이 채널은 그냥 지지직거리기만 하네, 다른 채널을 찾아야겠어.
30163	지금 '난 내 고양이가 좋아!'가 나오고 있어.
30164	'난 내 고양이가 좋아!'로 맞춰져 있어.
30165	고양이 아줌마들의 숨겨진 이야기를 다루는 시리즈야.
30166	지금 '바나나 바나나 바나나스!'가 나오고 있어.
30167	'바나나 바나나 바나나스!'로 맞춰져 있어.
30168	화장실 같은 예상 밖의 장소에 바나나 껍질을 놓아두는 몰래카메라 쇼야.
30169	지금 '돈 벌러 스키'가 나오고 있어.
30170	'돈 벌러 스키'로 맞춰져 있어.
30171	참가자들이 슬라임으로 뒤덮인 슬로프를 스키로 내려가는 게임쇼야.
30172	지금 '부자들과 거품'이 나오고 있어.
30173	'부자들과 거품'으로 맞춰져 있어.
30174	목욕을 정말 좋아하는 부유하고 힘 있는 가족을 다루는 드라마야.
30175	지금 '병원 소동'이 나오고 있어.
30176	'병원 소동'으로 맞춰져 있어.
30177	의사가 되는 티라노사우루스에 대한 드라마야. 안타깝게도 티라노사우루스를 보여줄 예산은 없나 봐.
30178	껐어.
30179	잠깐은 전원이 들어올 거야.
30180	다시 일해야지.
30181	조금만 더.
30182	그것도 이상하네!
30183	또? 원래 이러는 걸지도?
30184	또? 창문에 틈이 있나 봐.
30185	또? 배선에 문제가 있나 봐.
30186	저게 뭐였지?
30187	좀 이상한데.
30188	대체 저게 다 뭐야?!
30189	또?! 내가 상상한 게 아니었나 봐!
30190	저 불쌍한 남자! 제가 도와드려야겠어-요부우.
30191	저 불쌍한 남자! 어쩌면 이 새로운 분들이 도와드릴 수 있을지도 몰라-요부우.
30192	저 불쌍한 남자! 계속 도와드리려고 노력해야겠어-요부우.
30193	폴트리 브라더스 배관업체인가요-부우?
30194	지금 저희한테 유지보수 응급상황이 있어-요부우.
30195	지금 바로 오실 수 있어-요부우?
30196	감사-부우합니다!
30197	들어오세요.
30198	초자연 배관 및 전기 도움이 필요하시다는 신호를 받았어요.
30199	초자연 전기 도움이 필요하시다는 신호를 받았어요.
30200	고마워요. 다 끝나면 알려주세요.
30201	여보세요? 아크메 유지보수 업체죠? 에드먼드-부우 호텔인데요.
30202	지금 응급상황-부우이 있어요.
30203	오늘 밤엔 안 된다니 무슨 말씀이세요-부우?
30204	24시간 서비스 아니었어요-레노-부우?!
30205	이 시간에 다른 사람을 어디서 찾아요-부우?
30206	음... 글쎄... 제가 상상한 걸지도 모르겠네요.
30207	전문가분들을 방해하고 싶지 않아요.
30208	뭐 하시는 거예요?
30209	음... 어... 죄송해요... 그냥...
30210	그냥 나가려던 참이었겠죠.
30211	여기서 뭐 하시는 거예요?
30212	저희가 중요한 일 하는 거 안 보이세요?
30213	잠깐... 저희 렌치트론 3000™ 어디 갔어요?
30214	가져가신 거예요? 돌려주세요.
30215	네, 죄송해요. 돌려드릴게요.
30216	이제 가시는 게 좋겠어요.
30217	고정할 게 없어서 자꾸 떨어져.
30218	렌즈에 이미 뭐가 붙어 있어.
30219	그건 사진이 필요 없을 것 같은데.
30220	그건 문구류가 필요 없을 것 같은데.
30221	기다리는 중...
30222	저게 뭐였지?
30223	아무것도 아니었나 보네.
30224	트론 기계들이 완벽하게 작동하는 것 같네.
30225	반응이 없나?
30226	완벽해!
30227	이제 척은 내가 회의에서 뭘 하는지 전혀 모르겠지.
30228	그 계획서 사본만 구하면, 원본은 내가 가질 수 있어.
30229	그럼 투자자들한테 다시 전화해서 회의 시작할 수 있다고 알려줄 준비가 되겠지.
30230	드디어 그 회의 준비가 됐어!
30231	투자자들한테 전화해서 올라와도 된다고 알려주는 게 좋겠어.
30232	다른 방 사진이 실수로 끼었네요-부우.
30233	여기 백지가 실수로 끼었네요-부우.
30234	음... 이상한데... 다른 방이 나오고 있어요.
30235	음... 이상한데... 화면이 하얗게 나와요.
30236	손님 호텔트론에 작은 문제-부우가 있는 것 같네요.
30237	됐습니다, 손님-부우.
30238	이건 제가 처리-부우해드릴게요.
30239	감사 인사는 안 하셔도 돼요, 저희는 도와드리려고-부우 있는 거니까요.
30240	저 카메라가 내 방에 있는 모든 걸 녹화하고 있어.
30241	변장하지 않고는 안 들어갈 거야.
30242	저 안에 녹화 장치가 있을지도 몰라.
30243	저 안에서 누가 토하는 소리가 나는 것 같은데.
30244	그건 보고 싶지 않아.
30245	호텔 %d호 키카드
30246	내 호텔 %d호 키카드
30247	프랭클린의 호텔 %d호 키카드
30248	피해자의 호텔 %d호 키카드
30249	(shock){notalk}*아아아악*
30250	정신 차려!
30251	그건 진짜 최악이네.
30252	여기 무슨 일이에요-부우?
30253	여기서 빨리 나가야겠다.
30254	아... 그냥 식수대-부우네.
30255	심각한 문제-부우만 아니면, 배관공을 부를 필요는 없겠죠.
30256	아... 또 그냥 분수-부우예요?
30257	여전히 배관공-부우을 부를 만큼 심각해 보이진 않네요.
30258	그건 여기 배관이 형편없다는 것밖에 설명이 안 돼.
30259	난 어떤 다른 요원이랑 다르게 유령 안 믿어.
30260	미안, 그게 네가 원한 반응은 아니지?
30261	내가 말하려던 건...
30262	(shock){notalk}*아아아악*
30263	저게 어떻게 된 거야?!
30264	뭔가 으스스한 일이 일어나고 있어!!
30265	{sarcastic}어머! 나 완전 놀라고 충격받았어! 나 좀 나한테서 구해줘!
30266	저게 대체 *삐-* 뭐야?!
30267	그런데 사람들은 *삐-* 광대가 무섭다고 하지!
30268	유령이 저러는 게 틀림없어!
30269	호텔에 유령이 있는 줄 몰랐어!
30270	나야, 딜로리스! 나 유령이야!
30271	아니... 내 상상이겠지.
30272	그... 식수대가... 그러니까...
30273	그 *삐-* 식수대가 미쳐 날뛰네!
30274	식수대가 이상하게 굴어.
30275	식수대가 잠깐 이상해졌어.
30276	나를 상대로 한 싸구려 반복 장난에 별로 감흥 없어.
30277	오! 저건 또 뭐야?
30278	심호흡하고 차분하게 생각하자...
30279	아, *삐-*랄! 또야?!
30280	저 배관 좀 봐줄 사람을 진짜 불러야 할 텐데...
30281	아니면 유령이거나. 뭐가 됐든.
30282	오! 저건 뭐지?
30283	아, *삐-*랄!
30284	누가 쓰고 있을 때 하면 효과가 더 좋을 텐데.
30285	나쁘지 않네!
30286	이제 겁줄 다른 사람을 찾아야 해.
30287	그러면 오늘의 할당량을 채우게 될 거야.
30288	이제 다시 일하러 가야 해.
30289	문 담당은 언제까지야?
30290	자비에르가 오늘 그만해도 된다고 할 때까지.
30291	그럭저럭이네!
30292	그런 재능이 있는 줄은 몰랐네.
30293	또 유령 회의 시간이야.
30294	클라라! 버질! 지금 당장 이리 와!
30295	버질! 문 일 잘했어. 오늘은 그거면 됐어.
30296	새 유령. 첫 겁주기는 평범했어. 계속 연습해.
30297	클라라. 엘리베이터 담당 계속 맡아. 난 좀 혼자 있어야겠어.
30298	이건 말도 안 되게 불공평해.
30299	왜 남자들만 오늘 일 끝내는 거야?
30300	불평은 그만해. 지난번에 무슨 일이 있었는지 기억나?
30301	알았어, 알았다고...
30302	쟤는 미안해. 누가 쟤를 책임자로 앉혔는지 모르겠다니까.
30303	한편...
30304	밑져야 본전이지.
30305	체크인하려고요.
30306	물론이죠-부우.
30307	여기 방 열쇠예요.
30308	이제 얼마 안 남았어.
30309	체크인하고 싶은데요.
30310	여기 소포-부우예요.
30311	손님, 소포-부우가 있어요.
30312	부인, 소포-부우가 있어요.
30313	감사합니다. 계시는 동안 친구분들 표는 제가 받아둘게요.
30314	시간 절약해서 오래오래 제대로...
30315	...어...
30316	...번영하세요.
30317	그게 낫네!
30318	이제 다시 일해야지.
30319	TV에 뭐가 나오지?
30320	재미없네. 다시 업무 봐야지.
30321	어머! 내가 제일 좋아하는 '난 내 고양이가 좋아!'잖아!
30322	어머! 내가 제일 좋아하는 '바나나 바나나 바나나스!'잖아!
30323	어머! 내가 제일 좋아하는 '돈 벌러 스키'잖아.
30324	어머! 내가 제일 좋아하는 '부자들과 거품'이잖아.
30325	어머! 내가 제일 좋아하는 '병원 소동'이잖아.
30326	엘리베이터 업무는 좀 기다려도 되지! 뭐, 적어도 잠깐은.
30327	케이크가 녹아서, 이제 그냥 평범한 유령 케이크가 됐어.
30328	우우우우 후우우우우!!!!
30329	철컹철컹, 쇠사슬 쇠사슬!!!!
30330	무우우서운 유령 소리!!!
30331	네가 돈 어디 숨겼는지 알아!!!!
30332	끄으으응!!!!
30333	이미 *삐-* 닫혀 있어.
30334	이미 *삐-* 닫혀 있어.
30335	이미 *삐-* 닫혀 있어.
30336	이미 닫혀 있어.
30337	이미 닫혀 있어.
30338	이미 닫혀 있어.
30339	이미 *삐-* 열려 있어.
30340	이미 *삐-* 열려 있어.
30341	이미 *삐-* 열려 있어.
30342	이미 열려 있어.
30343	이미 열려 있어.
30344	이미 열려 있어.
30345	*삐-* 열려 있어.
30346	*삐-* 열려 있어.
30347	*삐-* 열려 있어.
30348	열려 있어.
30349	열려 있어.
30350	열려 있어.
30351	*삐-* 닫혀 있어.
30352	*삐-* 닫혀 있어.
30353	*삐-* 닫혀 있어.
30354	닫혀 있어.
30355	닫혀 있어.
30356	닫혀 있어.
30357	그건 *삐-* 못 닫아.
30358	그건 *삐-* 못 닫아.
30359	그건 *삐-* 못 닫아.
30360	그건 못 닫아.
30361	그건 못 닫아.
30362	그건 못 닫아.
30363	*삐-* 사다리에서 내려갈 때까지 기다려.
30364	*삐-* 사다리에서 내려갈 때까지 기다려.
30365	*삐-* 사다리에서 내려갈 때까지 기다려.
30366	사다리에서 내려갈 때까지 기다려.
30367	사다리에서 내려갈 때까지 기다려.
30368	사다리에서 내려갈 때까지 기다려.
30369	*삐-* 그건 못 열어.
30370	*삐-* 그건 못 열어.
30371	*삐-* 그건 못 열어.
30372	그건 못 열어.
30373	그건 못 열어.
30374	그건 못 열어.
30375	*삐-* 먼저 그걸 주워야 해.
30376	*삐-* 먼저 그걸 주워야 해.
30377	*삐-* 먼저 그걸 주워야 해.
30378	먼저 그걸 주워야 해.
30379	먼저 그걸 주워야 해.
30380	먼저 그걸 주워야 해.
30381	*삐-* 그거 열고 싶지 않아.
30382	*삐-* 그거 열고 싶지 않아.
30383	*삐-* 그거 열고 싶지 않아.
30384	그거 열고 싶지 않아.
30385	그거 열고 싶지 않아.
30386	그거 열고 싶지 않아.
30387	(여성형) 더 이상 *삐-* 쓰레기는 필요 없어.
30388	(남성형) 더 이상 *삐-* 쓰레기는 필요 없어.
30389	(중성형) 더 이상 *삐-* 쓰레기는 필요 없어.
30390	그건 싫어.
30391	그건 싫어.
30392	그건 싫어.
30393	그거에 *삐-* 낭비하고 싶지 않아.
30394	그거에 *삐-* 낭비하고 싶지 않아.
30395	그거에 *삐-* 낭비하고 싶지 않아.
30396	그거에 낭비하고 싶지 않아.
30397	그거에 낭비하고 싶지 않아.
30398	그거에 낭비하고 싶지 않아.
30399	이건 *삐-* 갖고 있는 게 낫겠어.
30400	이건 *삐-* 갖고 있는 게 낫겠어.
30401	이건 *삐-* 갖고 있는 게 낫겠어.
30402	이건 갖고 있는 게 낫겠어.
30403	이건 갖고 있는 게 낫겠어.
30404	이건 갖고 있는 게 낫겠어.
30405	그건 *삐-* 안 통해.
30406	그건 안 통해.
30407	그 안에서는 *삐-* 안 돼.
30408	그 안에서는 안 돼.
30409	그거랑은 *삐-* 안 맞아.
30410	그거랑은 안 맞아.
30411	그건 *삐-* 안 먹혀.
30412	그건 안 먹혀.
30413	비어 있어.
30414	비어 있어.
30415	비어 있어.
30416	이건 특별한 *삐-* 누군가를 위해 갖고 있는 거야.
30417	이건 특별한 *삐-* 누군가를 위해 갖고 있는 거야.
30418	이건 특별한 *삐-* 누군가를 위해 갖고 있는 거야.
30419	이건 특별한 사람을 위해 갖고 있는 거야.
30420	이건 특별한 사람을 위해 갖고 있는 거야.
30421	이건 특별한 사람을 위해 갖고 있는 거야.
30422	*삐-* 이건 나중을 위해 갖고 있는 거야.
30423	*삐-* 이건 나중을 위해 갖고 있는 거야.
30424	*삐-* 이건 나중을 위해 갖고 있는 거야.
30425	이건 나중을 위해 갖고 있는 게 낫겠어.
30426	이건 나중을 위해 갖고 있는 게 낫겠어.
30427	이건 나중을 위해 갖고 있는 게 낫겠어.
30428	(neutral)그건 원하지 않아.
30429	이건 내가 가질 거야, *삐-* 난 그럴 자격 있으니까.
30430	이건 내가 가질 거야, *삐-* 난 그럴 자격 있으니까.
30431	이건 내가 가질 거야, *삐-* 난 그럴 자격 있으니까.
30432	이건 내가 가질 거야.
30433	이건 내가 가질 거야.
30434	이건 내가 가질 거야.
30435	엘리베이터를 부르는 버튼이야.
30436	엘리베이터야.
30437	꿈쩍도 안 해.
30438	꿈쩍도 안 해.
30439	꿈쩍도 안 해.
30440	잠겨 있어.
30441	잠겨 있어.
30442	잠겨 있어.
30443	잠금이 풀려 있어.
30444	잠금이 풀려 있어.
30445	잠금이 풀려 있어.
30446	(neutral)거기 손이 안 닿아.
30447	(neutral)그건 줍고 싶지 않아.
30448	그건 안 만질래.
30449	그건 안 만질래.
30450	그건 안 만질래.
30451	꺼져 있어.
30452	꺼져 있어.
30453	꺼져 있어.
30454	켜져 있어.
30455	켜져 있어.
30456	켜져 있어.
30457	라디오가 켜져 있고 198.7 FM에 맞춰져 있어.
30458	걸려 있어.
30459	걸려 있어.
30460	걸려 있어.
30461	너무 무거워.
30462	너무 무거워.
30463	너무 무거워.
30464	꽤 큰 진공관이네.
30465	꽤 큰 진공관이네.
30466	꽤 큰 진공관이네.
30467	이 밸브는 영원히 용접돼서 고정된 것 같아.
30468	이 밸브도 용접돼서 고정돼 있어.
30469	또 용접된 밸브네.
30470	왜 이 밸브들이 이렇게 많이 용접돼 있는 거지?
30471	이 밸브 방금 보지 않았나?
30472	밸브는 많은데, 스팀은 없네.
30473	이건 용접된 게 아니라 녹슨 거네!
30474	이 밸브는 작동만 한다면 아마 동네 수영장 물을 빼는 걸 거야.
30475	하수도 밸브 하나 보면, 다 본 거나 마찬가지야.
30476	여전히 지루한 밸브네.
30477	돌릴 수가 없어.
30478	이것도 못 돌리겠어.
30479	아니, 원자로 노심용융을 일으킬지도 몰라.
30480	밸브에 또 시도해봤는데, 여전히 안 돼.
30481	이 밸브는 돌리라고 있는 게 아닌 것 같아.
30482	그 배수구 덮개는 안 빠져.
30483	어두운 터널처럼 보이는데.
30484	저긴 닿으려고 시도하고 싶지 않은 곳이야.
30485	모험은 좋아하지만, 맨홀 속을 기어 들어가는 건 좀 심하지.
30486	저 배수구 덮개 뒤로 보고 싶은 게 안 보여.
30487	좋아, 또 못 움직이는 배수구 덮개네.
30488	어두운 구멍 들여다보는 건 이걸로 충분해.
30489	어둡고, 접근할 수 없고, 매력도 없어.
30490	냄새만 맡아도 흥미 없는 거 알겠어.
30491	사람들은 배수구에 뭘 버리기 전에 생각 좀 안 하나?
30492	<여기에 버려진 쓰레기에 대한 아무 말이나 삽입>.
30493	미끼처럼 보이는데.
30494	뒤져볼 가치도 없는 정체불명의 쓰레기야.
30495	저 쓰레기 더미엔 흥미로운 게 없어.
30496	당신 버섯을 찾은 것 같아요.
30497	그녀는 하루 저녁에 버섯을 충분히 먹었어.
30498	그걸 그녀한테 줄 이유가 없어.
30502	이제 행복해?
30503	네가 부탁한 거 다 했어.
30504	우체국 문
30505	술집 문
30506	철물점 문
30507	금고 문
30508	여기도 이제 막 5시가 지났네.
30509	끝없이 톱니바퀴뿐이네.
30510	고속도로
30511	hardwareChainsawWF
30512	전기톱이야.
30513	A 스트리트 문
30514	트레일러들
30515	이 튜브는 이미 있어.
30516	살인 무기에 가루를 묻혀야 해.
30517	그건 안 통할 거야. 신선한 혈액 샘플이 필요해.
30518	그건 안 통할 거야. 신선하고, 축축하고, 끈적한 혈액 샘플이 필요해.
30519	내가 왜 그래야 해?
30520	너무 뜨거워서 못 만져.
30521	피자 밴
30522	피자 밴이야.
30523	피자 밴인데, 문이 닫혀 있어서 다가갈 수가 없어.
30524	미닫이 밴 문인데, 문이 닫혀 있어서 다가갈 수가 없어.
30525	우린 피해자 신원을 확인하려는 거야. 이건 피해자가 아니야.
30526	호환되는 컴퓨터가 아니야.
30527	호환되는 컴퓨터가 아니야.
30528	맞춰야 할 정확한 시간을 찾아야 해.
30529	좋은 생각인데, 내가 통나무 들고 있을 땐 안 되지!
30530	ASCII
30531	(playlist)프로그램 목록
30532	(flashing sign)방송 중
30533	(poster)부기 추자
30534	(poster)위 갓 더 비트
30535	(truck sign)우디의 피자 오두막
30536	출입 금지
30537	경고 전기 울타리
30538	(electric fence warning sign)이 안이나 주변에서 놀지 마시오
30539	(electric fence warning sign)너 말이야
30540	(electric fence warning sign)위험
30541	무단출입 금지
30542	(abbrev. Government Sucks)정부 극혐
30543	필로트로닉스 공장 직원 전용!
30544	위험! 사용 금지
30545	(abbreviation for Thimbleweed Park Police Department)TWPD 174
30546	세이플리 퍼스트 저축은행 명령에 의해 압류됨
30547	필로트로닉스: 미래의 기계화된 베개 공장.
30548	(abbrev for established)설립 1954
30549	끔
30550	켬
30551	바이러스 설치 중
30552	바이러스 설치됨
30553	출구
30554	공장 보안 지도
30555	보안 매뉴얼
30556	(grafitti)머저리
30557	영장 없인 요원 출입 금지!
30558	티켓 25센트
30559	출입 금지
30560	굉장한 형제들의 순회 서커스
30561	(arrow sign)미드웨이
30562	(arrow sign)빅탑
30563	간식 매점
30564	저길 봐, 랜섬이다 모욕 광대
30565	이봐 *삐-* 얼굴들!
30566	내 *삐-* 책 사라!
30567	너희 다 *삐-*!
30568	속이 뒤틀리는 첫 호!
30569	시 경계
30570	(Population)인구
30571	(Elevation)고도
30572	트레슬 트레일
30573	묘지
30574	(road sign)시 경계
30575	(population)인구
30576	(elevation)고도
30577	윌리의 시계 & 바이올린 수리점
30578	(sign)출입 금지
30579	(sign)영업 종료
30580	(sign)임대
30581	(sign)임대 가능
30582	(sign)매수
30583	(sign)매도
30584	(sign)교환
30585	(sign)영원히 미안
30586	(bank)세이플리 퍼스트 저축은행
30587	(store)팬시 낸시 꽃집
30588	(bar)더 히친 포스트
30589	(sign)술, 사랑, 그리고 끝내주는 갈비.
30590	밤새 영업
30591	우편으로 뭐든 좀 보내주세요.
30592	(sign)세일!!!!
30593	(5 letters)전화
30594	(sign)오늘은 머리카락, 내일이면 안녕.
30595	(grafitti)요원들은 당장 꺼져라!
30596	버스 정류장
30597	(store 15 chars max)골빈 튜브
30598	(store 15 chars max)쩌는 튜브
30599	(store 15 chars max)튜브 나라
30600	(store 15 chars max)튜브-타스틱
30601	(store 15 chars max)튜브 타운
30602	(store 15 chars max)너 튜브
30603	(food)메뉴
30604	(sign)보안관
30605	(sign)검시관
30606	(sign)병 교환 여기서. 5센트
30607	(sign)지도
30608	(sign)카드
30609	(sign)복권
30610	(sign)우편
30611	(sign)환영합니다
30612	(sign)음식 - 맥주
30613	(sign)밤새 영업
30614	(grafitti)좋은 시간 원하면, 에드나한테 전화
30615	(grafitti)비상시엔, 전화: %NAME%
30616	(van)피전 브라더스 배관
30617	(sign)환영합니다
30618	씸블콘 '87
30619	호텔트론
30620	(banner)코스프레 법률 상담
30621	(banner)만화책. 개당 1달러
30622	(banner)액션 피규어
30623	(banner)병에 담긴 우주선
30624	(banner)음료
30625	(sign)큰 상품
30626	(sign)랜섬 닮은꼴 대회
30627	(sign)랜섬 재수없는꼴 대회
30628	(sign)광대 랜섬 닮은꼴 대회
30629	(sign)광대 랜섬 재수없는꼴 대회
30630	캐주얼 모드 - 어드벤처 게임을 처음 접하시거나, 인생은 신나고 할 일이 많아서 더 빠른 경험을 원하신다면. 무료 튜토리얼 포함!
30631	하드 모드 - 어드벤처 게임 경험이 많으시거나, 어드벤처 게임 플레이보다 인생에서 더 신나는 일이 없다고 생각하셔서 모든 퍼즐을 원하신다면.
30632	모드를 선택하면, 새 게임을 시작하지 않고는 바꿀 수 없습니다. 캐주얼 모드로 플레이한 다음, 다시 하드 모드로 플레이해서 추가 퍼즐을 볼 수 있습니다.
30633	이지 모드 -
30634	캐주얼 모드 -
30635	엑스퍼트 모드 -
30636	노멀 모드 -
30637	하드 모드 -
30638	이 테이프엔 트론이 비교할 지문이 없어.
30639	이 화장지엔 트론이 샘플로 쓸 게 없어.
30640	이미 꺼져 있어.
30641	이미 꺼져 있어.
30642	이미 꺼져 있어.
30643	라이트 모드 -
30644	이미 켜져 있어.
30645	이미 켜져 있어.
30646	이미 켜져 있어.
30650	안 돼. 이건 *삐-* 랜섬 더 클라운 전용 소유물이야.
30651	정말 큰 레버네!
30652	요원들이 우릴 지켜보고 있어.
30653	확실히 해두자고.
30654	자신을 보호할 유일한 방법은 맞서 싸우는 거야.
30655	전화를 들 때마다 나는 그 60Hz 험 소리 눈치챈 적 있어?
30656	이건 외계인 침공이라니까.
30657	외계인들이 우릴 멍청하게 만들려고 해.
30658	전화 통화하지 마, 그럼 바보가 안 될 거야.
30659	정부는 네 친구가 아니야.
30660	척 에드먼드는 네 친구가 아니야.
30661	불소는 네 아이들 세뇌시키려는 음모야.
30662	정부가 비밀 전파로 널 세뇌하고 있어!
30663	우린 그게 어디서 오는지도 모른다고!
30664	여러분은 지금 FM 다이얼 198.7 KSCUM을 듣고 계십니다.
30665	정부가 이 거대한 음모를 인정할 때까지 같은 노래를 쉬지 않고 틀면서 스튜디오에 스스로 바리케이드 쳤습니다!
30666	특별 공지.
30667	오늘 밤 피자 모임!
30668	비밀 암호는 쳇한테 물어보세요.
30669	일어나세요, 여러분!
30670	정부가 여러분의 자유의지를 훔쳐가고 있습니다!
30671	정부가 전파를 통해 이상한 신호를 송출하고 있습니다!
30672	멈출 때까지 저희가 이 라디오 방송국을 점거했습니다.
30673	이건 좋을 리가 없어.
30674	게임이 오류를 일으키고 있어.
30675	완전 신기하다!
30676	척 삼촌 말이 맞았어. 이게 그 와이어프레임 세계인가 봐.
30677	개발자들이 디자인 테스트를 위해 만든 게임의 콘셉트 레벨이야.
30678	게임을 리셋하기 전에 와이어프레임 필로트론을 찾아서 꺼야 해.
30679	명판
30680	삽 없이 이 지점에 도달해서 세이브 파일을 불러와야 했던 과거의 어드벤처 게이머들을 기리며.
30681	X 표시가 있는 지점
30682	삽이 있었다면, 여기를 팠을 텐데.
30683	'여기 다른 게임에서 온 보물이 묻혀 있다. 시간 낭비하지 마라, 아무것도 못 찾을 테니까.'라고 적혀 있어.
30684	가세요, 저희 문 닫았어요.
30685	그것에 대한 애니메이션은 없는 것 같아, 아마 그냥 통과해서 걸어갈 수 있을 거야.
30686	(store closed)닫혀 있습니다.
30687	선풍기야.
30688	PT-109 와이어프레임 튜브
30689	와이어프레임 필로트론을 끄려면 이 튜브들을 밀어 넣어야 해...
30690	...그리고 우리가 끝없이 반복해서 겪고 있는 이 악몽을 끝내야 해.
30691	마지막이야.
30692	척 삼촌이 무슨 말을 하는지 알고 있으면 좋겠는데.
30693	용기를 내야 해.
30694	힘내, 딜로리스, 넌 할 수 있어!
30695	좋아, 이제 시작이야...
30696	해보는 거야...
30697	이게 척 삼촌이 설명했던 그 와이어프레임 필로트론처럼 보이네.
30698	이 튜브들을 다 밀어 넣기만 하면, 세계가 꺼지고 진짜 선택이나 우리 운명에 대한 통제가 없는 이 광기를 끝낼 수 있어.
30699	물론, 그게 척 삼촌이 하는 말이지만...
30700	...그리고 여전히 그가 미쳤을 가능성도 있고.
30701	이걸 끝내자!
30702	마지막 순간에 떠나려고 여기까지 온 게 아니야.
30703	와이어프레임 필로트론™
30704	이렇게 단순한 그림 안에 이렇게 많은 악이 존재할 수 있다니 놀랍네.
30705	틈
30706	{notalk} *흑흑*
30707	전기톱
30708	팀블 위더스틱스.
30709	조지 H. W. 부시.
30710	조지 루카스.
30711	미하일 고르바초프.
30712	코라손 아키노.
30713	잘못된 엘비스 목격 소동 이후 더 히친 포스트에서 폭동.
30714	괴짜 오컬트 전문가 마담 모레나, 며칠 내로 마을에 운석 낙하 경고.
30715	어, 안녕, 랜섬.
30716	*삐-* 뭘 원하는 거야?
30717	더 깊이 들어가는 것밖에 나갈 방법이 없는 것 같아요.
30718	당신이 살인자였어요?
30719	정말 그 불쌍한 남자를 죽인 게 당신이 아니라고 확신해요?
30720	저는 윌리를 평생 알고 지냈어요. 그가 그랬을 것 같지 않아요.
30721	윌리가 제 수학 트로피에 글자도 새겨줬었어요.
30722	당신도 그 공장에 들어가려 한다면서요, 서로 도울 수 있을지도 몰라요.
30723	저 당신의 그 운명적인 마지막 공연 때 있었어요.
30724	저주받는 거 보고 평생 트라우마 생겼어요.
30725	예상대로, 저는 척 삼촌 유언장에서 빠졌어요.
30726	서커스에서 혼자 사는 거 안 외로워요?
30727	가봐야겠어요.
30728	팬레터 찾으러 갈 때 말곤 서커스 밖에 거의 안 나가.
30729	믿어요. 좀 소름 끼치긴 하는데, 살인자일 것 같진 않아요.
30730	그놈들이 나한테 *삐-* 안 뒤집어씌워서 다행이지.
30731	그래, 걔가 내 *삐-* 트로피에도 글자 새겨줬었지.
30732	(아련하게) 그거 진짜 오래전 일이네.
30733	그래, 네 *삐-* 삼촌이 내 물건 하나 훔쳐갔어.
30734	그거 진짜 돌려받고 싶어.
30735	저는 그냥 척 삼촌한테 무슨 일이 있었는지 알고 싶을 뿐이에요.
30736	*삐-* 네 삼촌이나.
30737	뭐, *삐-* 잘됐네.
30738	그래서, 내가 널 모욕했었나?
30739	아니요, 저는 앞사람 뒤에 숨어있었어요.
30740	운 없었네. 난 애들 모욕하는 거 좋아했는데.
30741	울리기가 그렇게 쉬웠거든.
30742	이제 좀 오버하는 거 같은데.
30743	그 울던 사람들이랑 마담 모레나의 저주 사이에서, 저는 아직도 악몽 꿔요.
30744	(소리치며) 그럼 내 *삐-* 기분은 어떨 것 같아.
30745	그 마녀가 내 커리어를 망쳐놨고, 이젠 화장 지우는 클렌저 살 돈도 없어.
30746	(씁쓸하게 혼잣말) 뭐 어차피 소용도 없겠지만.
30747	음, 아마 그럴 만했던 것 같은데요.
30748	네 말이 *삐-* 맞을지도.
30749	그냥 내 랜섬 더 클라운 시제품 인형 되찾고 싶을 뿐이야.
30750	*삐-* 놀랍지도 않네, 그 인간은 완전 *삐-*대가리였어.
30751	욕을 멈춘 적은 있어요?
30752	*삐-* 쌀 때는 욕 안 해.
30753	리틀 *삐-*가 말동무 해주고 있어...
30754	...그리고 한 달에 한 번 '거대한 빵빵이들' 잡지도 있고.
30755	당신 참 안됐네요, 랜섬.
30756	*삐-* 먹어, 안 그래.
30757	안녕하세요, 레이 요원님.
30758	더 깊이 들어가는 것밖에 나갈 방법이 없는 것 같아요.
30759	살인범 잡았어요?
30760	살인범 잡았어요?
30761	윌리가 결백하다는 느낌을 지울 수가 없어요.
30762	근데 정말 좋은 사람이잖아요.
30763	요원님도 공장에 들어가려 한다고 들었는데, 서로 도울 수 있을까요.
30764	저도 비밀요원 되는 거 생각해봤었는데, 게임 디자인이 더 재밌어 보였어요.
30765	예상대로, 저는 척 삼촌 유언장에서 빠졌어요.
30766	왜 팀블위드 파크에 다시 왔어요? 이미 윌리 체포했잖아요.
30767	가봐야겠어요.
30768	아직.
30769	새 살인 시뮬레이터는 좀 만들었고?
30770	저는 살인 시뮬레이터 안 만들어요, 비디오 게임을 만드는 거예요.
30771	뭐라고 부르든.
30772	거의 다 됐어.
30773	그 살인범 놈은 매달리게 될 거야, 네가 어떻게 할 수 있는 일이 아니야.
30774	조심해야 하는 건 착한 사람들이야.
30775	연방 요원 돕는 건 애국적 의무야.
30776	도와주면 우리도 보답할 수 있을지 몰라.
30777	몰라도.
30778	그거 좋네, 관심 있는 사람한테 말해봐.
30779	네 말이 맞을까 봐 무섭긴 한데, 여기까지 왔으니...
30780	...그리고 나... 아니 우리 거의 다 왔어.
30781	재산을 상대로 소송할 수도 있어.
30782	변호사 말로는 절대 뒤집을 수 없는 유언장이래요.
30783	뭐, 적어도 살인 시뮬레이터 프로그래밍이라는 밥벌이는 있잖아.
30784	마지막으로 말하는데... 저는... 아, 됐어요.
30785	그냥 자잘한 마무리 작업 좀 하고 있어.
30786	이게 다 우리 삼촌 공장이랑 무슨 상관이에요?
30787	1급 기밀 연방 업무야.
30788	안녕하세요, 레예스 요원님.
30789	더 깊이 들어가는 것밖에 나갈 방법이 없는 것 같아요.
30790	살인범 잡았어요?
30791	살인범 잡았어요?
30792	윌리가 결백하다는 느낌을 지울 수가 없어요.
30793	요원님도 공장에 들어가려 한다고 들었는데, 서로 도울 수 있을까요.
30794	저도 비밀요원 되는 거 생각해봤었는데, 게임 디자인이 더 재밌어 보였어요.
30795	(혼란스러워하며) 레예스 요원님, 왠지 낯이 익네요.
30796	있잖아요, 얘기할수록 더 낯익어 보여요.
30797	예상대로, 저는 척 삼촌 유언장에서 빠졌어요.
30798	왜 팀블위드 파크에 다시 왔어요? 이미 윌리 체포했잖아요.
30799	가봐야겠어요.
30800	아직이요.
30801	근데 거의 다 됐어요, 그럼 팀블위드 파크도 다시 안전해질 거예요.
30802	거의 다 됐어요.
30803	그럴 수도 있는데, 이제 배심원단 손에 달렸어요.
30804	공정한 재판을 받을 거예요.
30805	저는 그 배심원트론 3000™을 잘 못 믿겠어요.
30806	그거 정말 좋겠네요.
30807	누가 알아요, 우리 목표가 연결돼 있을지.
30808	저도 그 생각하고 있었어요.
30809	보람 있는 일이에요.
30810	네 말이 맞을까 봐 걱정되긴 하는데, 여기까지 왔으니...
30811	...거의 다 왔어요.
30812	어... 사람들이 항상 그렇게 말하더라고요.
30813	제가 좀... 낯익은 얼굴이라서요.
30814	(의심스러워하며) 흠...
30815	어... 아니... 저는... 어... 아니에요.
30816	(의심스러워하며) 흠...
30817	안됐네요.
30818	괜찮아요. 돌아갈 좋은 직장이 있으니까요.
30819	돈이 척 삼촌한테 어떤 영향을 미쳤는지 봤으니, 오히려 잘된 걸지도 몰라요.
30820	끝내지 못한 일이 좀 있어서요.
30821	레이 요원님은요?
30822	1급 기밀 연방 업무예요.
30823	그렇다고 하네요.
30824	어, 안녕, 랜섬.
30825	척 삼촌 일은 안됐어.
30826	그럴 리가.
30827	너한테 이 살인 뒤집어씌우려고 한 사람 있었어?
30828	야, 우리 둘 다 그 *삐-* 공장 들어가려는 거잖아...
30829	너 6502 어셈블리 언어 안다며.
30830	그 요원 둘은 뭐 하는 거야?
30831	인조크나 4번째 벽 허물기 같은 거 어떻게 생각해?
30832	*삐-* 꺼져, 딜로리스.
30833	*삐-* 꺼져 이 *삐-* 조그만 *삐-*상판대기야.
30834	*삐-*, 우리 이 공장에서 죽겠다.
30835	*삐-* 꺼져, 말하는 거 지쳤어.
30836	고마워, 척 삼촌은... 복잡한 사람이었지.
30837	그냥 농담이었어, *삐-* 미안하지도 않아, 그 인간은 *삐-*자식이었어.
30838	제발 나 좀 내버려 둬, 랜섬.
30839	아직은 아닌데, 그 레이 요원은 못 믿겠어.
30840	레예스 요원은 어때?
30841	괜찮아 보이긴 하는데, 뭔가 낯이 익어.
30842	우리 팀 먹고 서로 도와주는 거 어때.
30843	내 재기 인형 수익의 10% 줄게.
30844	너도 곧 돈 필요할 거라고 들었는데.
30845	난 그냥 공장에 들어가서 척 삼촌한테 무슨 일이 있었는지 알아내고 싶을 뿐이야.
30846	그래, 뭐, 어차피 너한테서 돈 *삐-* 떼먹었을 텐데.
30847	어, 알긴 아는데? 왜?
30848	그냥 네가 내가 만나본 사람 중에 제일가는 너드인지 궁금해서.
30849	그것도 아주 당당하게.
30850	몰라, 뭔가 수상해.
30851	전문 코미디언으로서 물어보는 거야.
30852	너한텐 둘 다 해당 안 되는 것 같은데, 랜섬.
30853	*삐-* 꺼져, 딜로리스.
30854	그냥 새 소재 좀 시험해보는 거야.
30855	우리 같은 욕쟁이 광대들은 감을 안 잃어야 하거든.
30856	넌 감 있었던 적 없어, 그냥 상처만 줬지.
30857	*삐-* 꺼져, 너드야.
30858	침착해, 어떻게든 알아낼 거야.
30859	꺼져, 랜섬.
30860	살인범 찾는 거 도울 수 있는 만큼 도와줄게...
30861	다들 공장에 들어가야 할 것 같네.
30862	요원들이랑 공장에 갇혀있다니 믿기지가 않네.
30863	나 말고 윌리한테 뒤집어씌워줘서 다행이네.
30864	너무하네, 레이 요원.
30865	*삐-* 척.
30866	레예스 요원이 너 신경 안 거슬려?
30867	그 닮은꼴 대회에서 진 게 아직도 *삐-* 믿기지가 않아.
30868	그 *삐-* 딜로리스 못 믿겠어.
30869	*삐-* 꺼져, 지루해졌어.
30870	...근데 그건 순전히 네가 앙심 품고 나한테 *삐-* 뒤집어씌울 걸 알아서 그런 거야.
30871	재미로도 뒤집어씌울 수 있는데.
30872	한 번 말했지만 또 말한다... *삐-* 먹어, 레드.
30873	살인범 놈은 이걸로 매달리겠네.
30874	나보단 걔가 낫지.
30875	둘 중 누구든 나한텐 상관없었을 텐데.
30876	우릴 좀 도와주지 그래. 지문 하나 슬쩍 뭉개면 윌리 대신 네가 유치장 갈 수도 있는데.
30877	이봐 레드, *삐-* 식초 좀 줄이고 설탕 좀 더 치면 어때.
30878	괜찮아, 곧 네 인형 찾을 수 있을 거야.
30879	그냥 쓰레기들 짓밟는 할당량 채우는 중이야.
30880	야, 그거 라임 맞네.
30881	괜히 광대 학교 4년 다닌 게 아니지.
30882	이 사건엔 다른 사람이 배정됐어야 했는데.
30883	그래? 뭔 일인데?
30884	너 못 믿는 만큼 걔도 못 믿어.
30885	그건 인정.
30886	넌 네 자신의 슬픈 패러디야, 진 것도 당연하지, 하나도 안 웃겼거든.
30887	그냥 처량했고, 아무도 그런 거 부추기고 싶어 하지 않아.
30888	이야, 레드. 그건 좀 아프네.
30889	사실이니까 아픈 거지.
30890	살인 시뮬레이터 만드는 사람인데 뭘 못 믿겠다는 거야.
30891	그게 아니라, 걔한텐 뭔가 다른 게 있어서 내 페인트가 오싹해진다고.
30892	너보다 열 배는 똑똑해서 그런가?
30893	너처럼 완전 *삐-*가 아니라서 그런가?
30894	너처럼 화장을 문신으로 안 해서 그런가?
30895	*삐-* 먹어. 그냥 요원들한테 미리 알려주려던 거야. 걔 위험해.
30896	이봐 *삐-*상판대기.
30897	이제 광대공포증 극복한 것 같은데요.
30898	*삐-* 알 게 뭐야.
30899	살인범 찾는 거 도울 수 있는 만큼 도와줄게...
30900	다들 공장에 들어가야 할 것 같네.
30901	요원들이랑 공장에 갇혀있다니 믿기지가 않네.
30902	윌리한테 뭔가 *삐-* 이상한 게 있다는 건 항상 알고 있었어.
30903	내가 요원 하면 잘할 것 같아?
30904	*삐-* 척.
30905	광대 벗은 거 본 적 있어?
30906	레이 요원 너 신경 안 거슬려?
30907	그 닮은꼴 대회에서 진 게 아직도 *삐-* 믿기지가 않아.
30908	너 그 광대공포증 있다며?
30909	*삐-* 꺼져, 지루해졌어.
30910	...근데 *삐-* 오해는 하지 마.
30911	그냥 너희가 무슨 체포 할당량 채우겠다고 나한테 뒤집어씌우는 거 막으려고 돕는 거야.
30912	저희 기관엔 할당량 같은 거 없어요, 저희는 그냥 진실에만 관심 있어요.
30913	그래... 뭐... 진실은 그 *삐-* 광대는 안 했다는 거지!
30914	저희 기관은 항상 좋은...
30915	...음... 요원을 찾고 있어요.
30916	*삐-* 먹어, 나 짭새 되고 싶은 생각 없어.
30917	그 *삐-* 수갑 채우는 거 잘하더라.
30918	좀 거칠게 다뤘길 바라.
30919	체포에 대해 의구심은 있는데, 진실은 배심원단이 가려줄 거예요.
30920	우리 같이 일해보는 게 어때요.
30921	그래. *삐-* 어쩌겠어. 일 몇 시간은 덜겠네.
30922	근데 안에서 재기 인형 발견하면, 그 *삐-* 손 대지 마.
30923	돌아가신 분한테 그런 식으로 말하면 안 되죠.
30924	그 인간은 남 조종하는 거만한 *삐-*새끼였어.
30925	아마 내 재기를 *삐-* 망치려고 죽은 걸걸.
30926	지밖에 모르는 *삐-* 부자였다고, *삐-*도 신경 안 쓰는.
30927	(비꼬듯) 어디서 많이 듣던 소리네요.
30928	야 *삐-* 꺼지든가 아니면 그 공장 들어가는 거 안 도와줄 거야.
30929	야 *삐-* 꺼지든가 아니면 살인범 찾는 거 안 도와줄 거야.
30930	걔 어쩌면 죽지도 않았을걸. 다 보험 사기일 수도 있어.
30931	입 다무는 게 좋을 거예요, 안 그러면 풍기문란으로 체포할 거예요.
30932	저한테 심리 게임 하려는 거면, 시간 낭비하지 마세요.
30933	그거 *삐-* 조작된 거였어.
30934	그러시든가요.
30935	그쪽 광대로선 별로예요.
30936	그래, 그거 *삐-* 아프네.
30937	광대랑 같이 공장에 갇히다니 믿기지가 않네요.
30938	안녕하세요, 레이 요원님.
30939	새로운 살인 시뮬레이터 프로그래밍했어?
30940	새로운 살인 시뮬레이터 프로그래밍했어?
30941	꽤 큰 유산을 받게 됐네.
30942	유산 못 받게 돼서 안타깝네.
30943	여기저기서 이 먼지 조각들을 계속 발견하는데.
30944	이 멍청한 마을에서 자라는 건 어땠어?
30945	우리 둘 다 공장에 들어가려는 거면, 같이 협력하면 되겠는데.
30946	우리 둘 다 이 안에 소름 끼치는 광대랑 갇힌 꼴이네.
30947	프로그래밍 어려워?
30948	수학을 엄청 잘해야 한다고 들었는데?
30949	잘 가.
30950	제가 기억하기 전부터 계속 있었어요.
30951	저도 그거 집는 거 못 멈추겠어요. 한 번도 그런 적이 없었어요.
30952	저는 살인 시뮬레이터 안 만들어요, 비디오 게임을 만드는 거예요.
30953	뭐라고 부르든 상관없어.
30954	제가 용의자예요? 변호사가 필요한가요?
30955	변호사 부르면 더 죄지은 것처럼 보일 뿐이야.
30956	네 언니가 네 다음 살생부에 있나?
30957	제가 변호사가 필요한가요?
30958	변호사 부르면 더 죄지은 것처럼 보일 뿐이야.
30959	레노어가 대부분 받을 거예요, 척 삼촌은 저한테 별로 안 만족스러워하셨거든요.
30960	그게 어떤 기분인지 알지.
30961	얘기하고 싶으세요?
30962	큰 승진 자리를 놓쳤어.
30963	큰 보상금을 놓쳤어.
30964	큰 포상을 놓쳤어.
30965	아니.
30966	그거 좋은 생각인 것 같아요.
30967	뭐, 연방요원 돕는 게 애국적인 의무니까.
30968	그 사람 소름 끼치는 게 아니라, 그냥 자신감이 없는 거예요.
30969	침착하게 있으면, 괜찮을 거예요.
30970	그렇게 나쁘진 않았어요. 좀 외롭긴 했는데, 그래도 살아남았어요.
30971	저희 아빠는 정말 멋졌어요.
30972	논리적인 사고를 할 줄 알면, 그렇게 어렵지 않아요.
30973	딱히요. 그냥 논리적으로 생각할 줄만 알면 돼요.
30974	게임이 3D로 넘어가면, 수학이 훨씬 더 중요해질 거예요.
30975	근데 그건 20년은 더 있어야 될 얘기죠.
30976	'딱히요' 할 때부터 관심 껐어.
30977	그냥 예의 차리려고 한 거였어.
30978	이봐, 소름 끼치는 광대.
30979	우리가 널 지켜보고 있어.
30980	그 살인 시뮬레이터 프로그래머에 대해 뭐 아는 거 있어?
30981	여기저기서 이 먼지 조각들을 계속 발견하는데.
30982	넌 왜 그렇게 욕을 많이 하는 거야?
30983	욕쟁이 광대랑 공장에 갇히다니 믿기지가 않네.
30984	욕쟁이 광대랑 공장에 갇히다니 믿기지가 않네.
30985	이런 말 하기 싫은데, 어쩌면 우리 다 같이 협력할 수도 있겠어.
30986	이런 말 하기 싫은데, 어쩌면 우리 다 같이 협력할 수도 있겠어.
30987	너 랜섬 닮은꼴 대회에서 졌다며.
30988	즐거웠다고 말할 수 있으면 좋겠는데.
30989	그게 *삐-* 여기저기 다 있어.
30990	근데 나도 그거 줍는 걸 못 멈추겠어.
30991	*삐- 꺼져*, 빨강머리.
30992	내가 안 그랬어, 그리고 네가 틀렸다는 걸 증명하려고...
30993	...진짜 범인 찾는 걸 도와줄 수도 있어.
30994	완전한 자백이랑 함께 자수하면 우릴 도울 수 있지.
30995	*삐- 꺼져*. 내가 왜 이러고 있는지 모르겠네.
30996	그래, 자기 척 삼촌 가슴을 무너뜨렸지.
30997	걔 안에서 뭔가 끊어져서 완전히 미쳐버린 거겠지.
30998	가서 걔나 체포해... 그리고 나 좀 내버려둬!
30999	계속 파봐, 광대야.
31000	그래, 불법 혐의에 대한 *삐-* 사과를 받고 나면.
31001	체크박스 하나만 채우면 넌 윌리랑 같이 들어가는 거야.
31002	알았어, 그 *삐-* 공장 침입 돕는다고, 근데 내 컴백 인형은 손대지 마.
31003	인형 따위 관심도 없거든.
31004	돕는다고 했잖아, 이제 *삐- 꺼져*, 빨강머리.
31005	*삐- 꺼져*.
31006	*삐-* 너나 그래.
31007	*삐- 구멍아*.
31008	*삐- 꺼져*.
31009	*삐-* 너나 그래.
31010	*삐- 구멍아*.
31011	*삐- 꺼져*.
31012	*삐-* 너나 그래.
31013	*삐- 구멍아*.
31014	난 그냥 간절하게 멋있어 보이고 싶은 것뿐이야.
31015	저 밖엔 이런 거에 돈을 낼 괴짜들이 있다니까.
31016	침착해, 빨강머리, 내가 여기서 우릴 꺼내줄게.
31017	그거 *삐-* 조작된 거였어.
31018	그래, 코리랑 그 드래곤이 뭔가 있었다던데, 내가 생각할 수 있는 유일한 설명이야.
31019	그래, *삐-* 나도 어이없어, 그게 대체 뭐였는지.
31020	내 개그가 좀 철 지난 건 아는데... 그래도 *삐-*!
31021	지금은 얘기 못 해.
31022	그 시체 더 픽셀 깨지기 전에 사진 찍어두는 게 나을 것 같아.
31023	보안관 찾아가 봐야 할 것 같아.
31024	보안관님이 검시관한테 가보라고 했-대레노.
31025	다시 보안관님한테 얘기하러 갈 시간이야.
31026	혹시 필름 갖고 있어?
31027	혹시 카메라 갖고 있어?
31028	얘기는 이 정도면 충분해.
31029	당연히 있죠.
31030	동의해요, 레이 요원.
31031	좋은 생각이에요, 레이 요원.
31032	좋은 계획이에요, 레이 요원.
31033	그 소름 끼치는 광대한테 가서 얘기해봐야겠어.
31034	그 살인 시뮬레이터 프로그래머한테 가서 얘기해봐야겠어.
31035	프랭클린한테 무슨 일이 있었는지 알아내야겠어.
31036	하수구에서 널 구해줄 수 있어서 다행이야.
31037	내가 앨버커키에 본사 사무실이 없다는 걸 몰랐을 거라고 생각했다니 믿기지가 않네.
31038	여기저기서 계속 이 먼지 알갱이들을 발견하는데.
31039	예상보다 널 덜 짜증나게 하네.
31040	이 마을에 뭔가 마음에 안 드는 게 있어.
31041	방해만 안 하면 뭔가 배울 수 있을지도 몰라.
31042	이 사건 최대한 빨리 해결하고 싶어.
31043	진짜 아카데미 졸업한 거야, 아니면 그냥 배지 산 거야?
31044	아카데미 몇 년도에 졸업했어?
31045	미들리 교수님의 증거학 수업 좋아했어?
31046	살인 무기 찾아서 여기서 빨리 벗어나야겠어.
31047	그 살인 무기에서 지문 뜰 방법을 찾아야겠어.
31048	지도를 찾거나 훔쳐야 해. 이건 같이 협력하는 게 좋을 것 같아.
31049	얘기는 이 정도면 충분해.
31050	저도 그래요, 저게 대체 뭘까요?
31051	이상하네요.
31052	밑져야 본전이었죠.
31053	명성이 자자하시더라고요, 레이 요원.
31054	도와줘서 고마워요, 저도 당신이었으면 똑같이 했을 거예요.
31055	다음엔 조심해. 살인 사건 두 개 해결하고 싶진 않으니까.
31056	좋은 계획인 것 같아요, 레이 요원.
31057	{비꼬듯}당신처럼 경험 많은 요원이나 알 법하네요.
31058	동의해요, 레이 요원.
31059	좋은 생각이에요, 레이 요원.
31060	좋은 계획이에요, 레이 요원.
31061	...근데 그거에 너무 우쭐대진 마.
31062	그런 칭찬을 들으니 꽤 놀랍네요.
31063	여긴 말이 안 되는 게 많아요.
31064	여기 뭔가 더 깊은 게 있어.
31065	수석으로 졸업했어요.
31066	82년도 졸업이에요.
31067	터프하긴 했는데, 공정했어요.
31068	터프하긴 했는데, 공정했어요.
31069	아카데미에 미들리 교수님이란 분은 없었는데요?
31070	흥미롭네.
31071	나... 아니 우리... 저 공장에 들어가야 해.
31072	우리 저 공장에 들어가야 해.
31073	아버지 누명 쓰신 거 안됐어.
31074	내가 못되고 비꼬는 사람처럼 보여?
31075	어릴 때 제일 좋아했던 시리얼이 뭐였어?
31076	살인범 잡은 거 잘했어.
31077	우리 이 지옥 같은 공장에 갇힌 것 같아.
31078	그 프로그래머 못 믿겠어, 뭔가 알고 있는 것 같아.
31079	얘기는 이 정도면 충분해.
31080	동의해요. 다른 사람들이 도와줄지도요?
31081	아니면 강제로 시킬 수도 있지, 우리한텐 배지가 있잖아.
31082	제 인생 대부분이 이 순간을 위한 거였고, 아버지가 공장 화재를 낸 게 아니라는 걸 증명하려는 거였어요.
31083	그냥 침착하게 있으면 알아낼 수 있을 거예요.
31084	걱정 안 해, 그냥 지루할 뿐이야.
31085	그 사람도 우리만큼 혼란스러워하는 것 같아요.
31086	난 안 믿어.
31087	콩 심은 데 콩 나는 법이지.
31088	음... 어쩌면 조금은요.
31089	좋아.
31090	질문 참 특이하네요.
31091	나 그런 거 많아.
31092	윌리가 범인이라는 거, 저는 의심이 좀 들어요.
31093	그냥 넘어가, 사실 관계 다 맞아떨어지잖아.
31094	부랑자 하나 거리에서 치운 거지, 누가 불평하겠어.
31095	걱정 마, 어느 순간엔 신경 안 쓰게 돼.
31096	그래 맞아. 풀어줘서 또 죽이게 하자고.
31097	레이 요원, 이거 진지하게 안 받아들이는 것 같은데요.
31098	{비꼬듯}그래? 뭘 보고 눈치챘대?
31099	여기 갇혀 있으니까 좀 으스스하네요.
31100	다들 그 공장에 들어가고 싶어 하는 것 같네요.
31101	윌리가 살인자라는 게 좀 의심스러워요.
31102	이 먼지 조각들이 뭔지 혹시 아세요?
31103	게임 디자이너로 일하는 거 좋아하세요?
31104	엄밀히 말하면, 아직 용의자세요.
31105	요원 하셨어도 잘하셨을 것 같은데요.
31106	이 마을이 정말 이상해졌네요.
31107	얘기해주셔서 감사해요.
31108	제가 기억하기 전부터 계속 있었어요.
31109	척 삼촌한테 무슨 일이 있었는지 알아내야 해요.
31110	저희가 협력하면, 다 같이 필요한 걸 찾을 수 있을지도 몰라요.
31111	완전요.
31112	그럼 왜 그 사람 체포한 거예요?
31113	모든 증거가 그 사람을 가리켰는데, 뭔가 잘못된 느낌이 들어서요.
31114	네, 완전 재밌어요.
31115	네, 완전 으스스해요.
31116	고마워요. 한 번 생각해본 적 있는데, 게임 디자인이 더 재밌을 것 같더라고요.
31117	여기 와보신 적 있어요?
31118	아... 아뇨...
31119	...제 말은...
31120	...아니에요.
31121	제가 그랬다고 생각하세요?
31122	아뇨, 근데 레이 요원님은 다 의심하시거든요.
31123	제 광대 공포증은 이제 극복한 것 같아요.
31124	내가 뭐 신경 쓸 것처럼.
31125	당신은 여전히 우리의 유력 용의자예요.
31126	다리 옆 남자를 안 죽였으면, 우리 좀 도와주세요.
31127	우리 둘 다 그 공장에 들어가려는 거라던데...
31128	이 먼지 조각들이 뭔지 혹시 아세요?
31129	서커스에서 사는 거 재밌겠어요.
31130	척에 대해 어떻게 생각하세요?
31131	딜로리스에 대해 어떻게 생각하세요?
31132	우리 이 공장에 갇혔어요.
31133	얘기 즐거웠어요.
31134	전혀 *삐-* 모르겠는데.
31135	근데 나도 그거 줍는 걸 못 멈추겠어.
31136	진짜? 나도 너한테 질문 몇 개 있는데...
31137	현장에서 장난감 물 뿌리는 꽃 발견했어?
31138	현장에서 거대한 광대 발자국 발견했어?
31139	현장에서 앵무새가 삑삑거리는 광대 코 소리 흉내 내는 거 발견했어?
31140	아니요.
31141	그럼 내가 안 그런 거잖아!
31142	도와줄게, 근데 그냥 무슨 기관 할당량 채우려고 나한테 누명 씌우는 걸 피하려는 것뿐이야.
31143	저희 기관엔 할당량 같은 거 없어요, 저희는 그저 진실에만 관심 있어요.
31144	그래, *삐-* 뭐라고 하든, 근데 난 안 그랬어.
31145	...아마 우리 협력해야 할 것 같아요.
31146	내가 잊었을 것 같아? 네가 내가 저지르지도 않은 끔찍한 살인으로 나한테 누명 씌우려던 거.
31147	그냥 저희 할 일 한 거예요.
31148	알았어, 공장 들어가는 거 돕게 해줄게.
31149	근데 내 *삐-* 컴백 인형은 손대지 마.
31150	그래, *삐-* 완전 신나는 재미지.
31151	근데 그 장소가 항상 죽은 원숭이 한 통처럼 냄새난다는 것만 빼고.
31152	그놈이 날 등쳐먹으려고 했어. 그 *삐- 대가리*는 자기밖에 몰랐지.
31153	당신 문제를 자기 자신 빼고 다 남 탓하는 것처럼 들리네요.
31154	{sarcastic}정말? 당장 바뀔게!
31155	잘됐네요, 도움이 됐다니 다행이에요.
31156	그거 비꼬는 것처럼 들리는데요.
31157	*삐-* *삐-* *삐-*, 그거 비꼰 거였어, 이 멍청아.
31158	*삐-* 요원들한테는 뭐 하나 못 숨기겠네.
31159	걔는 그 *삐-* 척이랑 친척이야. 그거면 넌 다 알 필요 있는 거야.
31160	걔는 엉덩이에 은수저 꽂고 태어났지.
31161	예전엔 내가 걔 가족보다 더 부자였어.
31162	다른 사람들은 아마 미친 광대랑 여기 갇혀서 완전 겁먹고 있겠지.
31163	그거 좀 더 부풀려서 연기해볼까 봐.
31164	*삐- 꺼져*.
31165	지금은 얘기 못 해요.
31166	그 시체가 더 픽셀화되기 전에 사진을 찍어두는 게 나을 것 같아요.
31167	보안관님을 찾아가 봐야 할 것 같아요.
31168	보안관님이 검시관한테 가보라고 했어요.
31169	다시 보안관님한테 얘기하러 갈 시간이에요.
31170	혹시 필름 갖고 있어요?
31171	혹시 카메라 갖고 있어요?
31172	음, 다시 사건 해결에 집중해야겠어요.
31173	있지. 난 준비성이 좋거든.
31174	{비꼬듯}설마.
31175	{비꼬듯}그럼, 그 생각은 절대 못 했겠지.
31176	{비꼬듯}정말?
31177	그 광대한테 가서 얘기해봐야겠어요.
31178	그 게임 프로그래머한테 가서 얘기해봐야겠어요.
31179	프랭클린한테 무슨 일이 있었는지 알아내야겠어요.
31180	이 먼지 알갱이들이 뭔지 짐작 가는 거 있어요?
31181	하수구에서 당신을 찾아서 다행이었어요.
31182	앨버커키에 진짜 본사 사무실이 있긴 있네요.
31183	이 마을에 뭔가 이상한 게 있어요.
31184	당신이랑 일하는 거 영광이에요, 레이 요원.
31185	이 사건 최대한 빨리 해결하고 싶어요.
31186	브래들리 사건에 대해 사람들이 하는 말이 사실이에요?
31187	살인 무기를 찾아서 이 사건을 해결해야겠어요.
31188	그 살인 무기에서 지문을 뜰 방법을 찾아야겠어요.
31189	지도를 찾아야 해요. 이건 같이 협력하는 게 좋을 것 같아요.
31190	음, 다시 사건 해결에 집중해야겠어요.
31191	그거 줍는 거 아니지? 위험할 수도 있어.
31192	나도 몇 개 찾았어. 위험한 게 아니었으면 좋겠네.
31193	나 혼자서도 나올 수 있었어, 그냥 시간이 좀 필요했을 뿐이야.
31194	그건 의심 안 해요.
31195	{비꼬듯}그렇겠지.
31196	가만히 앉아서 지켜봐, 뭔가 배울 수 있을지도 몰라.
31197	내 판단력에 반하지만, 같이 협력하는 게 이 마을에서 빨리 벗어나는 가장 빠른 길일지도 몰라.
31198	{비꼬듯}좋은 계획이네, 왜 그 생각을 못 했을까.
31199	그래, 뭐든.
31200	너 꽤 의욕 넘치는구나.
31201	인터뷰는 내가 맡는 게 어때.
31202	저도 충분히 할 수 있어요.
31203	여기 뭔가 더 깊은 게 있어.
31204	현장에서 발견된 돈은 없었어.
31205	그건 완전히 누명이었어, 그냥 그게 다야.
31206	난 그냥 중간에 낀 거였고.
31207	우리 저 공장에 들어가야 해요.
31208	저 공장 들어가는 거 거의 다 됐어요.
31209	NSA에서 일하는 거 신나겠어요.
31210	우리 이 공장에 갇힌 것 같아요.
31211	윌리가 진짜 살인을 저질렀는지 확신이 안 서요.
31212	그 광대 못 믿겠어요, 뭔가 꾸미고 있어요.
31213	얘기 나눠서 좋았어요, 레이 요원.
31214	다른 사람들 구슬려서 돕게 할 수 있을지도.
31215	아... 그래... 신나지.
31216	아버지 누명 벗겨줄 증거가 분명 저 안에 있을 거예요.
31217	그래, 아마 정문 뒤에 테이프로 붙여놨겠지, '레예스 아버지 누명 씌운 척의 자백'이라고 써서.
31218	지금 저 놀리는 거죠.
31219	맞아.
31220	그냥 침착하게 있으면 알아낼 수 있을 거예요.
31221	걱정 안 해, 그냥 지루할 뿐이야.
31222	그건 그냥 네 광대공포증이 말하는 거야.
31223	그것만은 아니에요.
31224	그 커다란 신발 때문에?
31225	맨날 욕해서?
31226	오줌 냄새 나서?
31227	그래요, 그거일 거예요.
31228	기회도 있었고, 동기도 있었고, 수단도 있었어.
31229	사실 그중 어느 것도 없었어요.
31230	그건 아레스트트론한테나 말해, 나는 저 공장에 들어가야 하니까.
31231	이건 오래 안 걸릴 거야.
31232	애니메이션 비용 아끼려고 화면 암전...
31233	{sarcastic}우와 대단하네. 토큰 한 봉지라니.
31234	{sarcastic}티셔츠였으면 좋았을 텐데.
31235	토큰 한 봉지! 이제 원하는 만큼 게임할 수 있겠어!
31236	어릴 때는 게임할 돈이 충분한 적이 없었는데.
31237	토큰 가방? *삐-*! 이게 이 *삐-* 쓰레기장 탈출 티켓이길 바랐는데.
31238	오, 토큰 한 봉지! 완전 짱이다! 누가 여기 묻어놨을까...
31239	보물
31240	토큰 한 봉지야.
31241	토큰 한 봉지
31242	이제 토큰으로 가득 찼어.
31243	그 기계엔 이렇게 많은 토큰이 안 들어가.
31244	*삐-* 왜 신경 써?
31245	이미 충분한 토큰을 들고 있어. 나머지는 봉지에 남겨둬도 돼.
31246	여기가 파기 좋은 장소처럼 보이는데.
31247	정말 필요할 때 더그랑 그의 삽은 어디 있는 거야?
31248	그거 *삐-* 완전 오래 걸릴 텐데!
31249	그건 영원히 걸릴 거야!
31250	'여기 큰 가치가 있는 보물이 잠들어 있노라. 파고 싶으면 파되, 기대와 다르다고 불평은 말라.'라고 적혀 있어.
31251	공장 컴퓨터
31252	왜 이 컴퓨터들이 다 켜져 있는 거지?
31253	*삐-* 컴퓨터들, 문제만 일으키고.
31254	점점 가까워지고 있는 것 같아.
31255	이거 마음에 안 드는데.
31256	척 삼촌은 죽기 전에 뭘 하고 있었던 거지?
31257	정말 이상하네.
31258	AI 머리
31259	척 삼촌은 왜 사람처럼 생긴 로봇 AI를 만들어야 했을까?
31260	이것들 *삐- 로봇들*이었으면 좋겠는데.
31261	이제 좀 가까워지고 있는 것 같아.
31262	소름 끼치네.
31263	이 컴퓨터들은 전원이 켜져 있으면 안 되는데.
31264	뭐. *삐-*. 든.
31265	내가 감당 못 할 일에 끼어든 게 아니었으면 좋겠는데.
31266	베개 만드는 데 이렇게 많은 컴퓨터가 필요한 줄 몰랐어.
31267	척 삼촌은 뭔가 꾸미고 있었어.
31268	입력 *삐-*, 출력 *삐-*.
31269	이건 다 좋은 징조야.
31270	이건 본사 컴퓨터들보다 더 인상적이네.
31271	바이러스라고? 척 삼촌이 뭔가에 피해를 주려던 게 틀림없어.
31272	*삐-* 페니실린이면 충분히 나을 텐데. 내가 잘 알지.
31273	이거 걱정되는데.
31274	기계가 어떻게 바이러스에 걸려? 말이 안 되는 것 같은데.
31275	녹슨 삽
31276	더그의 오래된 녹슨 삽이야.
31277	녹슨 삽이야.
31278	녹슨 삽이네. *삐-* 파상풍 주사 맞아둬서 다행이야.
31279	녹슨 삽이야.
31280	buttonLeft
31281	buttonRight
31282	buttonUp
31283	buttonDown
31284	힌트 전화 전단지
31285	이미 충분한 토큰을 들고 있어.
31286	더러운 토큰
31287	끈적한 토큰
31288	반짝이는 토큰
31289	역겨운 토큰
31290	쩌는 토큰
31291	위조 토큰
31292	튜나 헤드 게임
31293	그 유명한 게임, 튜나 헤드야.
31294	다들 이건 한 번쯤 해봐야 해.
31295	디스코 매드니스 게임
31296	이 게임 하려면 완전 미쳐야 돼.
31297	아니면 다 끝내고 나서 완전 미쳐버릴 거야.
31298	스페이스 슬라임 게임
31299	스페이스 슬라임? 누가 이런 걸 하고 싶어 하겠어?
31300	다이 에너미 스컴 게임
31301	메테오 메너스 게임
31302	킬 스킬 게임
31303	이건 실력이 엄청 많이 필요한 게임인데...
31304	...근데 그것도 죽일 때뿐이지.
31305	"(한 번에 최대 12개의 토큰만 유통 가능합니다.)"
31306	안 될 거야. 표지판에 '한 번에 최대 12개의 토큰만 유통 가능합니다.'라고 적혀 있어.
31307	토큰이 다 떨어진 것 같아.
31308	토큰이 다 떨어졌어. 다른 데서 토큰을 찾아야 할 것 같아.
31309	내 엔딩이 가장 중요한 것 같아.
31310	빨리 서둘러서 우리 엔딩을 찾아야겠어.
31311	압박감이 많이 느껴지네.
31312	내 *삐-* 길에서 비켜, 나 결말 완성해야 하니까.
31313	그냥 기관 규정을 따르는 거예요.
31314	포스가 아니라, C64와 함께하기를.
31315	우리가 널 지켜보고 있어.
31316	안녕, 랜섬.
31317	안녕하세요, 레이 요원님.
31318	안녕하세요, 레예스 요원님.
31319	'팀블위드 파크 플레이에 도움이 필요하신가요?'라고 적혀 있어.
31320	'4468번으로 완전 자동화된 힌트트론 3000™에 전화하세요.'
31321	힌트 전화라니? 진짜 이상하네.
31322	{confused}이해가 안 되네.
31323	{knowingly}흥미롭네.
31324	깊고 어두운 구멍이야. 지금은 비어 있어.
31325	forestDirt
31326	*삐- 꺼져*, 레드.
31327	무슨 시체?
31328	뭐든, 빨강머리.
31329	*삐- 꺼져*!
31330	*삐-* 너!
31331	*삐-* 연방수사관들!
31332	야, *삐- 자식*아!
31333	*삐- 꺼져*!
31334	*삐-* 너드 같으니!
31335	*삐-* 너!
31336	*삐-*!
31337	나 *삐-* 최고야!
31338	우리가 널 지켜보고 있어.
31339	안녕, 딜로리스.
31340	이 마을 정말 싫어.
31341	이봐, 광대 얼굴.
31342	마을 떠나지 마.
31343	이 마을 정말 싫어.
31344	내 앞길 막지 마, 그럼 뭔가 배울 수 있을지도 모르니까.
31345	난 사건 혼자 처리하는 걸 좋아해.
31346	이 마을 정말 싫어.
31347	삼가 조의를 표해.
31348	안녕, 딜로리스.
31349	안녕, 딜로리스.
31350	마을 떠나지 마.
31351	저녁이네.
31352	안녕하세요, 레이 요원님.
31353	우리 흩어지는 게 좋겠어.
31354	안녕하세요, 레이 요원님.
31355	잡아야 할 살인범이 있어요.
31356	저녁이네.
31357	저녁이야, 랜섬.
31358	널 못 믿겠어.
31359	마을 떠나지 마.
31360	안녕.
31361	안녕, 랜섬.
31362	아무튼...
31363	안녕하세요.
31364	안녕하세요, 레이 요원님.
31365	완전 신기하다!
31366	윌리는 결백한 것 같아요.
31367	살인범 꼭 잡으세요.
31368	안녕하세요.
31369	안녕하세요, 레예스 요원님.
31370	우리 아는 사이예요?
31371	윌리는 결백한 것 같아요.
31372	살인범 꼭 잡으세요.
31373	조심해요.
31374	마약 하지 마세요.
31375	말썽 부리지 마세요.
31376	여기는 항상 날씨가 이렇게 좋아요?
31377	저희 좋은 날씨 즐기고 계시길 바라요!
31378	오늘 밤 달 완전 쩐다.
31379	*삐-* 나!
31380	*삐-* 힌트가 왜 필요해?
31381	팀블위드 파크에 대한 힌트요?
31382	꼭 게임 얘기를 하는 것 같네.
31383	{confused}이건 말이 안 돼.
31384	{confused}그냥 전화해봐야 할지도 몰라.
31385	흠.
31386	이 미친 동네에서 나가는 법에 대한 힌트는 어때요?
31387	날씨 좋네요.
31388	날씨 좋네요.
31389	(grunt)*끙*
31390	(grunt)*끙*
31391	(grunt)*끙*
31392	(grunt)*끙*
31393	(groan)*끄응*
31394	(groan)*끄응*
31395	(groan)*끄응*
31396	(groan)*끄응*
31397	*삐- 꺼져*. 나 잡담하는 거 안 좋아해.
31398	항상 정말 쾌적하죠.
31399	무료 지갑 원해? 그냥 내 인생이 지금 얼마나 *삐-* 끔찍한지 상기시켜줄 뿐이야.
31400	여기 피 묻은 지갑이야. 간염 옮았으면 좋겠네.
31401	여기, 이거 받아, 들고 다니는 거 지쳤어.
31402	너 이 *삐-* 잠깐 들고 있어.
31403	이 *삐-* *삐-* 들고 다니는 것도 지친다.
31404	이 *삐-* 더는 안 들고 다닐래.
31405	이 *삐-* 좀 들어줘.
31406	여기. 넌 *삐-*를 충분히 안 들고 있잖아.
31407	이 트로피는 나한테 정말 중요한 거니까, 잘 부탁해.
31408	내 *삐-* 전화야. 여기서 아직 작동하는 몇 안 되는 것 중 하나지.
31409	내 *삐-* 폰이야. 당연하지.
31410	(straining)이제 누가 비집고 들어갈 수 있을 것 같아.
31411	(straining)조금 더 열렸어.
31412	(straining)*삐-* 움직였다.
31413	(straining)조금 더 열렸어.
31414	완전 자동화된 힌트트론 3000™ 시스템에 오신 것을 환영합니다!
31415	저희는 여러분의 팀블위드 파크 플레이 경험을 더 쉽게 만들어드리는 게 목표입니다!
31416	퍼즐에서 막히거나 뭘 해야 할지 모르시면, 저희한테 전화하세요.
31417	여기 힌트는 현재 플레이 중인 파트에 따라 바뀝니다.
31418	찾으시는 힌트가 없다면, 그건 지금 당장 그걸 풀 필요가 없기 때문입니다.
31419	다 끝나시면 언제든 그냥 끊으셔도 돼요, 제 기분 안 상해요... 별로는요.
31420	힌트트론 3000™에 다시 오신 것을 환영합니다.
31421	뭘 도와드릴까요?
31422	힌트가 필요해요...
31423	환영 메시지 다시 듣고 싶어요.
31424	사실, 힌트 필요 없어요!
31425	찾으시는 힌트가 없다면, 그건 지금 당장 그걸 풀 필요가 없기 때문입니다.
31426	지금 게임에서 뭘 하고 계신지 저는 모르겠네요, 알아서 하세요!
31427	힌트를 요청하기 전에 시청에서 보안관이랑 검시관한테 말을 걸어보세요.
31428	피전 시스터스는 어떻게 도와줘요?
31429	도와주세요! 하수도에 갇혔어요.
31430	지도가 필요해요.
31431	지도는 어떻게 써요?
31432	돈이 좀 필요해요.
31433	병은 어디서 찾아요?
31434	이 게임에서 진행하려면 뭐가 필요해요?
31435	필요한 힌트를 못 찾겠어요.
31436	그들한테 말을 걸어서 뭐가 필요한지 알아내세요.
31437	마을을 둘러보고 어느 가게에 필요한 게 있을지 살펴보세요.
31438	B 스트리트에 있는 리키의 케이크가 이제 튜브를 팝니다.
31439	피전 시스터스한테 말을 건 후에, 리키한테 WC-67 튜브를 요청하고, 그걸 가지고 그들에게 돌아가세요.
31440	피전 시스터스에 대한 다른 힌트가 필요해요.
31442	걱정 마세요. 곧 조종 가능한 캐릭터로 다시 나타날 거예요.
31443	납치된 요원으로 전환해보세요.
31444	새로운 지역을 탐험해보세요. 찾아야 할 중요한 게 두 가지 있습니다.
31445	하수도에 갇힌 것에 대한 다른 힌트가 필요해요.
31447	바깥이 보이는데, 아직 도움이 필요해요.
31448	바깥에 대한 도움이 아직 필요해요.
31449	햇빛을 찾았는데 아직 도움이 필요해.
31450	낙서를 찾았는데 아직 도움이 필요해요.
31452	다른 요원을 이용해서 지상에서 이 장소를 찾을 수 있어요?
31453	하수도 배수구는 메인 스트리트의 퀴키팔 바깥에 있습니다.
31454	바깥으로 나가는 통로가 있는 방을 철저히 뒤져서 안에 있는 걸 다 주웠나요?
31455	도움을 요청하려면 뭐가 필요해요?
31456	동전이 필요해요.
31457	하수도에 있는 캐릭터한테 동전을 어떻게 전달해요?
31458	전화번호가 필요해요. 그냥 알려주세요.
31460	그 전화기는 요금을 제대로 안 받아요.
31461	동전 반환구에서 당신 동전을 찾을 수 있을 거예요.
31462	그 동전은 하수도의 다른 방에서 당신을 기다리고 있습니다.
31463	동전은 메인 스트리트나 B 스트리트에서 무작위로 발견됩니다.
31464	지상에 있는 캐릭터로 전환해야 합니다.
31465	동전은 반짝이고 배경 대비 몇 개의 밝은 픽셀처럼 보입니다.
31466	두 캐릭터를 서로 만날 수 있는 곳으로 데려가서 갇힌 캐릭터한테 동전을 떨어뜨려주세요.
31467	어디서 만나야 할지 모르겠으면, 바깥의 빛을 찾은 다음 바깥에 대한 단서를 따라가세요.
31468	B 스트리트 공중전화에 전화번호부가 있습니다. 그걸 사용해서 낙서에 적힌 이름을 찾아보세요.
31469	지도는 어디서 찾아요?
31470	지도를 찾았는데, 어떻게 손에 넣어요?
31472	퀴키팔에서 지도가 사라졌어요. 누가 지도를 가지고 있을까요?
31473	지역 사건이랑 역사에 관심 있는 업체가 벽에 걸어놨습니다. 잘 살펴보세요.
31474	니켈 뉴스 벽에 지도가 있습니다.
31475	지도를 찾는 것에 대한 다른 힌트가 필요해요.
31477	그러니까, 그 기자가 지도를 못 가져가게 한다는 거죠. 어떻게 그녀를 떼어놓을 수 있을까요?
31478	그 기자를 어떻게 따돌려요?
31479	그 기자를 어떻게 따돌리는지는 아는데, 지도를 밖으로 못 가져가겠어요.
31481	기자 옆 테이블에 뭐가 있죠? 그걸 보세요.
31482	경찰 무전기에서 그녀가 듣고 싶어하는 걸 줄 수 있어요? 다른 무전기 본 적 있어요?
31483	다른 무전기는 보안관 사무실에 있습니다.
31484	이 퍼즐을 풀려면 두 요원이 다 필요합니다.
31485	한 요원을 보안관 사무실로 보내고, 다른 요원은 니켈 뉴스에 남겨두세요.
31486	그 기자가 기다리고 있는 것과 관련된 대화 선택지로 전화를 거세요.
31487	그 기자를 따돌리는 것에 대한 다른 힌트가 필요해요.
31489	지도를 가지고 나가려고 하면 그 기자가 계속 돌아와요. 복사기에서 사본이 필요해요.
31490	지도를 가지고 나가려고 하면 그 기자가 계속 돌아와요. 복사기에서 사본이 필요해요.
31491	복사를 하려면 5센트(니켈 동전)가 필요합니다.
31492	지도를 손에 넣는 것에 대한 다른 힌트가 필요해요.
31494	사실, 돈은 전혀 필요 없어요.
31495	5센트(니켈 동전)가 필요해요.
31496	동전이 필요해요.
31497	지금은 힌트 그만 됐어요, 고마워요.
31498	마을의 누군가가 작은 부탁을 들어주면 5센트를 줄 거예요. 마을을 둘러보고 알아낼 수 있는지 보세요.
31499	업체 벽에 그것에 대한 표지판이 있습니다.
31500	퀴키팔에 들어가서 병을 5센트로 교환할 수 있다는 걸 확인하세요.
31501	5센트를 얻는 것에 대한 다른 힌트가 필요해요.
31503	마을 게시판에 힌트가 있습니다.
31504	고속도로에 병이 여기저기 흩어져 있습니다. 잘 안 보이니, 화면 아래쪽을 잘 살펴보세요.
31505	병에 대한 다른 힌트가 필요해요.
31507	먼저 전망대에서 보안관한테 지도를 보여줘서 마을을 떠날 수 있게 하세요.
31508	그 후에는 거의 언제든지 인벤토리에서 지도를 봐서 여러 장소로 빠르게 이동할 수 있습니다.
31509	고속도로 말고 다른 방법으로 이 마을을 벗어날 방법을 찾아야 합니다.
31510	지도를 갖고 전망대에서 카운티 나머지 지역으로 내려가면 3부가 시작됩니다.
31511	탐험, 이동, 사람 찾기, 조종 가능한 캐릭터에 대해서...
31512	호텔에 뭔가가 있어요...
31513	제가 가야 할 곳으로 가는 길에 쓰러진 나무가 있어요.
31514	어둡고 지하에 있는 미로에 대해서...
31515	체포에 필요한 것들에 대해서...
31518	조종 가능한 캐릭터가 더 필요한 것 같아요.
31519	조사해야 할 사람들을 찾는 데 어려움을 겪고 있어요.
31520	조종 가능한 캐릭터를 시작 지역에서 못 벗어나게 해요.
31521	마을이랑 카운티를 더 빠르게 돌아다니려면 어떻게 해요?
31523	조사해야 할 캐릭터들은 결국 조종 가능한 캐릭터가 될 것입니다.
31524	이 게임에는 조종 가능한 캐릭터가 5명 있습니다.
31525	캐릭터는 그들의 플래시백을 완료하고 레이 그리고/또는 레예스가 현재 시점에서 그들을 찾은 후에 (오른쪽 위 명단에) 추가됩니다.
31526	그러니, 먼저 직접 찾아보세요. 완전히 스포일러를 원하시면 아래 힌트만 사용하세요.
31527	랜섬의 플래시백은 어떻게 시작해요?
31528	랜섬을 찾고 싶어요. 그냥 알려주세요.
31529	랜섬은 애완동물에 대한 책임을 처리해야 합니다.
31530	딜로리스의 플래시백은 어떻게 시작해요?
31531	딜로리스를 찾고 싶어요. 그냥 알려주세요.
31532	딜로리스가 저택을 안 떠나려고 해요.
31533	프랭클린의 플래시백은 어떻게 시작해요?
31534	프랭클린을 찾고 싶어요. 그냥 알려주세요.
31535	프랭클린을 어떻게 호텔에서 나가게 해요?
31537	메인 스트리트의 S&D 다이너에서 샌디한테 말을 거세요.
31538	지도를 이용해서 서커스로 가서 정문을 열어보세요.
31539	랜섬은 리를 *삐퍼*한테 먹이를 줘야 서커스를 떠날 수 있습니다.
31540	냉장고에 있는 치즈는 써봤어요?
31541	리를 *삐퍼*가 뭘 먹는 걸 좋아할까요? 서커스 주변을 둘러보세요.
31542	리를 *삐퍼*는 팝콘 먹는 걸 좋아합니다. 서커스 부지 여기저기 흩어져 있는 게 보일 겁니다. 좀 모아보세요.
31543	빅탑 입구 밖 팝콘 매대에 오래된 팝콘 상자가 있습니다. 주우면, 팝콘을 모을 수 있습니다.
31544	쥐들이 팝콘을 훔치고 있습니다. 따라가서 처리할 수 있는지 보세요.
31545	쥐구멍에 치즈를 사용하고, 방을 나갔다가 다시 돌아오면 팝콘을 얻어서 리를 *삐퍼*한테 줄 수 있습니다.
31546	빅탑 입구 밖 팝콘 매대에 오래된 팝콘 상자가 있습니다. 주우면, 팝콘을 모아서 리를 *삐퍼*한테 줄 수 있습니다.
31547	리를 *삐퍼*한테 먹이 주는 것에 대한 다른 힌트가 필요해요.
31549	B 스트리트 끝 버스 정류장에 있는 여자한테 말을 거세요.
31550	지도를 이용해서 저택으로 가서 정문을 사용하세요.
31551	딜로리스는 언니 레노어랑 얘기하기 전까지는 저택을 떠나지 않을 겁니다. 레노어를 찾으세요.
31552	레노어는 도서관에 있습니다.
31553	도서관에서 레노어를 찾으세요. 레노어가 화내며 나간 후에, 그녀에게 다가가서 말을 거세요.
31554	딜로리스가 저택을 떠나게 하는 것에 대한 다른 힌트가 필요해요.
31556	레이나 레예스를 호텔로 데려가서 정문 바로 안쪽에서 나탈리한테 말을 거세요.
31557	레이나 레예스가 호텔 매니저한테 프랭클린 방의 열쇠를 요청하게 하세요.
31558	프랭클린의 방에 들어갔다가 다시 나오세요.
31559	프랭클린은 정문으로는 절대 호텔을 나갈 수 없습니다.
31560	거의 언제든지 인벤토리에서 지도를 봐서 여러 장소로 빠르게 이동할 수 있습니다.
31561	퀴키팔에서 모든 캐릭터를 위한 여분의 지도를 찾으세요.
31562	조종 가능한 각 캐릭터한테 지도를 주세요.
31563	캐릭터 한 명을 호텔로 데려갔는데 못 나가고 있어요.
31564	프랭클린이 사람들을 어떻게 겁줘요?
31565	이 새로운 동사들로 프랭클린이 뭘 할 수 있어요?
31567	뭐가 못 나가게 막고 있는 걸까요? 정문에 무슨 일이 있는지 확인해보세요.
31568	호텔에 갇힌 것에 대한 다른 힌트가 필요해요.
31570	호텔 매니저한테 상황에 대해 얘기하세요.
31571	호텔 매니저가 레이나 레예스한테 프랭클린 방 키카드를 줄 거예요.
31572	방에 들어갔다가, 다시 나오세요.
31573	호텔 매니저한테서 프랭클린 방 키카드를 받고, 프랭클린 방으로 가서 들어갔다가, 다시 나오세요.
31574	호텔에 갇힌 것에 대한 다른 힌트가 필요해요.
31576	수석 유령이 프랭클린한테 뭘 해야 하는지 말해줬을 거예요.
31577	화면 오른쪽에 있는 식수대에서 호텔 로비에 있는 사람 두 명을 겁줘야 합니다.
31578	화면 오른쪽에 있는 식수대에서 호텔 로비에 있는 사람 한 명을 겁줘야 합니다.
31579	누군가 식수대를 사용 중이거나 아주 가까이 서 있을 때 SPLASH나 CHILL을 써야 합니다.
31580	근처에 있을 때 식수대에 SPLASH나 CHILL을 써서 뛰어다니는 성가신 아이나 다른 조종 가능한 캐릭터를 겁줄 수 있습니다.
31581	호텔에 갇힌 것에 대한 다른 힌트가 필요해요.
31583	주변에 다른 사람이 있을 때 새 동사들을 사용해보세요.
31584	호텔 로비의 식수대를 실험해보세요.
31585	근처에 누군가 있을 때 식수대에 SPLASH나 CHILL을 써야 합니다.
31586	근처에 있을 때 식수대에 SPLASH나 CHILL을 써서 뛰어다니는 성가신 아이나 다른 조종 가능한 캐릭터를 겁줄 수 있습니다.
31587	사람들 겁주는 것에 대한 다른 힌트가 필요해요.
31589	SPLASH는 뭐에 쓸 수 있어요?
31590	ZAP은 뭐에 쓸 수 있어요?
31591	CHILL은 뭐에 쓸 수 있어요?
31593	물이 있는 곳에 SPLASH를 쓸 수 있습니다.
31594	로비의 분수랑 식수대, 호텔 방의 변기에 SPLASH를 쓸 수 있습니다.
31595	정확히 뭐에 SPLASH를 쓸 수 있는지 다른 힌트가 필요해요. 그냥 알려주세요.
31597	전기가 통하는 건 뭐든 ZAP을 쓸 수 있습니다.
31598	모든 엘리베이터 버튼, 방문(잠금이 풀립니다), 전화기에 ZAP을 쓸 수 있습니다.
31599	정확히 뭐에 ZAP을 쓸 수 있는지 다른 힌트가 필요해요. 그냥 알려주세요.
31601	물이 있는 곳이나 다른 것들에 CHILL을 쓸 수 있습니다.
31602	변기 물, 로비 분수, 로비 식수대에 CHILL을 쓸 수 있습니다.
31603	정확히 뭐에 CHILL을 쓸 수 있는지 다른 힌트가 필요해요. 그냥 알려주세요.
31605	그걸 자르려면 아주 날카롭고 강력한 뭔가가 필요합니다.
31606	근처 덤불을 뒤지면 이상한 걸 찾을 수 있을 겁니다.
31607	하수도 입구 왼쪽, 시체 오른쪽 덤불 속에 전기톱이 있습니다. 처음엔 좀 이상한 이름으로 불립니다.
31608	날카로운 물건을 찾는 것에 대한 다른 힌트가 필요해요.
31610	이전에 휘발유를 사용한 적이 있죠. 어디서 구했는지 기억나세요? 아마 보통 거기에 보관돼 있을 거예요.
31611	저택 앞 장작더미 옆에 휘발유통이 있습니다.
31612	전기톱에 연료를 넣는 것에 대한 다른 힌트가 필요해요.
31614	도와주세요! 어두워요! (스포일러)
31615	도와주세요! 길을 잃었어요! (일반 팁)
31616	여기서 뭐가 필요한지만 알려주세요.
31617	명확한 방향을 알려주세요.
31618	윌리의 은신처에서 뭐가 필요해요? 그냥 알려주세요.
31620	입구 근처에 조명 상자가 있습니다, 찾을 때까지 마우스를 이리저리 움직여보세요. 그걸 열고 조명 스위치를 사용하세요.
31621	지상에서 이미 탐험한 곳의 지하 버전을 걷고 있는 겁니다.
31622	고속도로, 메인, A, B 스트리트 아래를 걷고 있는 겁니다. (벽에 있는 표지판을 확인하세요.)
31623	실제로 지도를 그려보는 걸 고려해보세요.
31624	먼지 조각을 이용해서 이미 가본 방을 추적하세요.
31625	그냥 탐험해보세요, 사실 그렇게 크지 않아요.
31626	냉장고 같은 몇 가지 찾을 것들이 있는데, 방향을 잡는 데 도움이 될 수 있습니다.
31627	찾아야 할 장소는 딱 하나, 윌리의 아지트뿐입니다.
31628	하수도를 돌아다니는 것에 대한 다른 일반 힌트가 필요해요.
31630	윌리의 은신처를 찾고 있는 거예요.
31631	첫 번째 문으로 미로에 들어가세요. (처음 조명 스위치가 있는 방에서요.)
31632	왼쪽으로 걸으세요. 뒷벽에 보이는 첫 번째 문으로 들어가세요.
31633	맨 오른쪽 끝에 있는 문을 통과하세요. 그게 고속도로였어요.
31634	메인 스트리트예요. 이제 위쪽 벽에 있는 첫 번째 터널을 타세요.
31635	A 스트리트예요. 다시 위쪽 벽에 있는 첫 번째 터널을 타세요.
31636	이제 (유일하게) 조금 더 작은 문을 타세요.
31637	오른쪽으로 걸어가서 끝에 있는 오른쪽 문을 타세요.
31638	바로 첫 번째 작은 문을 타세요.
31639	은신처에 도착했나요? 아니면, 지도를 이용해서 다리로 돌아가서 다시 시도하세요.
31640	얼음송곳을 찾으려면 상자들을 살펴보세요.
31641	혈액 샘플에 대해서.
31642	지문에 대해서.
31643	얼굴 식별에 대해서.
31644	아레스트트론에 대해서.
31646	시체에서 혈액 샘플이 필요해요.
31647	혈액 샘플은 있는데, 적합하지 않아요.
31648	혈액 샘플은 있는데, 그걸로 뭘 해야 해요?
31649	용의자한테서 피 묻은 뭔가가 필요해요.
31652	시청에 있는 블러드트론한테 말을 걸어봤어요? 놀랍게도, 그게 꽤 도움이 됩니다.
31653	평범한 형사처럼 생각하지 마세요. 피를 흡수해야 한다고 생각해보세요.
31654	어딘가에서 종이를 본 적 있어요?
31655	퀴키팔 화장실을 살펴보세요. (밖에서 들어가세요. 화장실에 들어가면, 오른쪽 벽에 있습니다.)
31656	퀴키팔 화장실에서 화장지가 필요합니다.
31657	화장지를 가져가기 전에 설정에서 화장지 거는 방향이 올바른지 확인하세요.
31658	농담이에요. 여기선 누구든 환영합니다. 화장지 거는 법을 모르는 분들도요!
31659	다리 옆 시체에 퀴키팔 화장실에서 가져온 화장지를 사용하세요.
31660	시체에서 혈액 샘플을 얻는 것에 대한 다른 힌트가 필요해요.
31662	그걸 말릴 수 있는 걸 본 적 있어요?
31663	퀴키팔 화장실 핸드 드라이어를 피 묻은 화장지에 사용하세요.
31664	시체에서 적합한 혈액 샘플을 얻는 것에 대한 다른 힌트가 필요해요.
31666	피 묻은 화장지를 블러드트론에 사용하세요.
31667	마을 사람들이 누군가가 피에 흠뻑 젖은 물건을 갖고 있는 걸 봤다고 언급할 거예요.
31668	모두에게 말을 걸어서, 그들이 언급하는 사람을 찾으세요.
31669	사람들이 피투성이인 윌리의 지갑을 봤어요.
31670	윌리가 지갑을 주긴 하겠지만, 돈을 넣어둘 곳이 필요합니다. 새 지갑에 대한 선호를 교환 조건으로 말해줄 거예요.
31671	현재 시점에서 랜섬의 트레일러에 있는 게시판을 확인해봤어요?
31672	랜섬한테 상품 몇 개가 배송됐는데, 배달 시도했을 때 아무도 없었어요.
31673	우편 안내문을 우체국에 가져가서, 우체국 직원한테 주고, 소포를 여세요.
31674	윌리는 랜섬의 광대 지갑과 교환으로 자기 지갑을 줄 거예요.
31676	블러드트론 기계에 윌리의 지갑을 사용하세요.
31677	용의자한테서 피 묻은 뭔가를 얻는 것에 대한 다른 힌트가 필요해요.
31679	검시관 사무실에 있는 블러드트론 기계에 피 묻은 물건들을 사용하세요.
31680	나중에 아레스트트론에서 쓸 보고서를 주우세요.
31681	탐정 장비가 좀 필요해요.
31682	살인 무기가 뭐예요?
31683	살인 무기는 어디 있어요?
31684	이 게임에서 지문 채취가 전체적으로 어떻게 작동해요?
31686	지문을 얻는 데 필요한 것들은 대부분 시청에서 찾을 수 있습니다. 먼저 모든 걸 살펴보세요. 그래도 도움이 안 되면, 이 힌트들을 시도해보세요.
31687	아직 지문 채취 도구가 필요해요.
31688	아직 지문용 테이프가 필요해요.
31689	핑거트론은 아직 지문 책이 필요합니다.
31691	지문 채취 도구는 검시관 사무실 캐비닛 안에 있습니다.
31692	테이프는 시청에 없습니다.
31693	그 테이프는 마을의 다른 곳에서 분명히 보입니다. 마을을 둘러보세요.
31694	우체국에 접착테이프 디스펜서가 있습니다.
31695	우체국 직원은 연방 직원한테만 테이프를 주겠다고 말합니다. 요원이라는 걸 어떻게 증명하죠?
31696	우체국에서 테이프를 찾은 다음, 요원 배지를 우체국 직원한테 보여주세요. 그러면 테이프를 주울 수 있게 됩니다.
31697	지문 채취용 테이프를 구하는 것에 대한 다른 힌트가 필요해요.
31699	지문 책은 보안관 사무실 서류함 안에 있습니다.
31700	지문 책을 핑거트론에 사용하세요.
31701	가지고 있는 물건 중 일부를 지문 채취해보면, 살인 무기가 뭘지에 대한 단서를 얻을 수 있을 겁니다.
31702	지문을 채취할 수 있게 되면 그게 살인 무기라는 걸 알게 될 거예요.
31703	지하에서 찾은 날카롭고 뾰족한 물건입니다.
31704	무기가 뭔지에 대한 다른 힌트가 필요해요.
31706	가장 유력한 살인 용의자는 누구일까요? 확실하지 않으면, 마을 사람들한테 누구일 것 같은지 다 물어보세요.
31707	가장 유력한 용의자가 무기를 어디로 가져갔을까요?
31708	윌리가 가장 유력한 용의자입니다.
31709	A 스트리트에 있는 그의 쓰레기통 근처에서 그를 찾으세요. 그가 자기가 있는 곳에 대해 애매한 정보를 줄 거예요.
31710	윌리는 시체가 발견된 곳 오른쪽, 덤불을 다 지나서 하수도에서 지내고 있습니다. 하수도에서 살인 무기를 찾게 될 거예요.
31711	무기를 찾는 것에 대한 다른 힌트가 필요해요.
31713	지문을 복사해야 할 때(예: 핑거트론에서 쓰려고), 지문 채취 도구를 사용해서 미세한 가루를 묻힙니다.
31714	그다음 지문을 채취하려는 물체에 테이프를 사용해서, 사본을 얻습니다.
31715	피해자 사진 두 장을 페이스트론에 넣어서 누가 살해당했는지 알아내야 합니다.
31716	시체 사진은 이미 갖고 있죠. 그게 증거 하나입니다.
31717	피해자의 사진이 있는 신분증은 어디 있을까요?
31718	요원 중 한 명이 시체를 봐서 조사했다면, 피해자의 호텔 방 키카드를 갖고 있을 겁니다.
31719	다리 옆 시체로 돌아가서 시체를 봐서 피해자의 호텔 방 키카드를 찾으세요.
31720	피해자의 호텔 방으로 가서 쓸모 있는 걸 찾아보세요.
31721	피해자는 여권을 가지고 있었고 호텔 방에 두고 갔습니다. 테이블 위에 있었어요.
31722	찾아야 할 정확한 방은 플레이할 때마다 달라집니다. 피해자의 키카드를 봐서 방 번호를 찾으세요.
31723	사진을 얻는 것에 대한 다른 힌트가 필요해요.
31725	아레스트트론으로 뭘 해요?
31726	아레스트트론은 어떻게 고쳐요?
31728	여기가 블러드트론, 페이스트론, 핑거트론에서 주운 보고서들을 넣는 곳입니다. (각 임무를 완료한 후에요.)
31729	튜브 하나가 빠져 있어요. 어느 캐릭터가 진공관에 대해 많이 알죠?
31730	딜로리스가 아레스트트론의 튜브 슬롯을 보게 하세요.
31731	AT-25 튜브가 빠져 있어요. 튜브가 많은 곳이 어디죠? 주요 장소가 두 곳 있습니다.
31732	저택에 있는 척의 작업장에서 빠진 튜브를 찾으세요.
31733	저택에 있는 척의 작업장 책상에서 튜브 뽑는 도구에 대한 영수증을 찾으세요.
31734	B 스트리트의 리키의 케이크에서 리키한테 영수증을 주세요. 그녀가 딜로리스한테 튜브 뽑는 도구를 줄 거예요.
31735	아레스트트론에 AT-25 튜브를 사용하세요.
31736	아레스트트론을 고치는 것에 대한 다른 힌트가 필요해요.
31738	랜섬의 코는 대체 *삐-* 어디 있어요?
31739	랜섬의 농담집은 대체 *삐-* 어디 있어요?
31740	농담집을 되찾을 돈은 어디서 찾아요?
31741	랜섬의 농담집은 어떻게 되찾아요?
31742	금고 비밀번호가 뭐예요?
31743	랜섬의 *삐-* 머리랑 화장은 어떻게 고쳐요?
31744	플래시백은 어떻게 끝내요?
31746	그의 트레일러 안에 있어요. 보여요?
31747	침대 위에 광대 인형이 있어요. 코가 머리에 붙어 있어요.
31748	침대 위 광대 인형에서 광대 코를 주우세요.
31749	이미 인벤토리에 있어요, 어쩌면 지금 그냥 착용하기만 하면 될지도 몰라요.
31750	인벤토리에 있는 광대 코를 사용해서 착용하세요.
31751	랜섬의 코에 대한 다른 힌트가 필요해요.
31753	트레일러 게시판에 그걸 어디서 찾을지 힌트가 되는 메모가 있어요.
31754	카니 조를 찾아야 해요.
31755	카니 조는 메인 서커스 텐트 왼쪽에 있는 미드웨이에 있어요.
31756	농담집에 대해 카니 조한테 말을 거세요.
31757	농담집을 찾는 것에 대한 다른 힌트가 필요해요.
31759	돈을 전부 카니 조한테 주면 농담집을 돌려줄 거예요.
31760	돈을 찾을 수 있는 곳이 두 군데 있어요.
31761	돈을 더 찾으려면 다른 장소를 뒤져야 해요.
31762	백스테이지에 돈이 좀 있어요. 잔돈을 담아둘 만한 게 보이나요?
31763	욕설 저금통을 주우세요 (목록이 아니라 저금통을 주우려고 하는지 확인하세요).
31764	많은 돈을 어디에 숨기시겠어요?
31765	어쩌면 랜섬이 트레일러 어딘가에 비밀 장소가 있을지도?
31766	랜섬의 트레일러에는 비밀 벽 금고가 있어요. 찾아보세요.
31767	트레일러에서 할 수 있는 모든 걸 보고 당겨보세요.
31768	벽에서 울퉁불퉁한 포스터를 당겨서 숨겨진 벽 금고를 드러내세요.
31769	금고를 열고 안에 있는 돈을 챙기세요.
31770	돈을 찾는 것에 대한 다른 힌트가 필요해요.
31772	랜섬은 금고 비밀번호를 기억하려고 스스로 메모를 남겨뒀어요.
31773	트레일러 게시판에서 안내문을 다 주워서 하나씩 차례로 보세요.
31774	인내심을 갖고 기다리면, 랜섬이 세 숫자를 찾는 세 가지 단서를 알려줄 거예요.
31775	서커스 주변을 둘러보고 카니 조한테 말을 걸면서 각 수수께끼의 답을 차례로 찾으세요.
31776	비밀번호는 단서에서 설명된 순서대로 메모에서 알아낸 세 숫자예요.
31777	알아낸 비밀번호로 금고를 열고 안에 있는 돈을 챙기세요.
31778	금고 비밀번호에 대한 다른 힌트가 필요해요.
31780	랜섬은 헤어젤이랑 화장 도구를 트레일러에 두지 않아요.
31781	무대에 오르기 직전에 외모를 확인할 수 있는 뭔가가 백스테이지에 있지 않을까요?
31782	서커스 백스테이지 입구를 찾으세요. 헤어젤이랑 화장품은 오른쪽 화장대 위에 있어요.
31783	백스테이지 화장대에서 헤어젤이랑 화장품을 사용하세요.
31784	머리랑 화장에 대한 다른 힌트가 필요해요.
31786	공연 준비를 하고 무대에 올라야 해요.
31787	아직 코를 착용해야 해요.
31788	아직 머리를 해야 해요.
31789	아직 화장을 해야 해요.
31790	아직 농담집을 되찾아야 해요.
31791	이제 준비됐으니, 그냥 백스테이지 입구에서 무대로 걸어가세요.
31792	이상적인 직업은 어떻게 찾아요?
31793	MMucasFlem에 취직은 어떻게 해요?
31794	프린터가 작동을 안 해요.
31795	우표가 필요해요.
31796	척 삼촌은 어디서 찾아요?
31797	이 플래시백은 어떻게 끝내요?
31799	우편함은 확인해봤어요?
31800	우편함은 저택 밖에 있어요, 정문을 찾을 때까지 저택을 탐험하세요.
31801	그다음 밖으로 나가서 우편을 확인하세요.
31802	컴퓨터 잡지를 보세요.
31803	MMucasFlem 모뎀에 전화를 걸어서 지원할 수 있어요. 모뎀은 어디서 찾을 수 있죠?
31804	딜로리스 방에 있는 컴퓨터를 사용해서 지원 절차를 시작하세요.
31805	프린터에 잉크가 떨어졌어요! 다른 사람한테 잉크가 있을지도 몰라요.
31806	취직 방법에 대한 다른 힌트가 필요해요.
31808	저택 도서관에는 MMucasFlem을 포함해서 모든 주제에 대한 책이 있어요!
31809	도서관에 있는 인덱스트론 3000이 시험공부에 도움이 될 책으로 안내해줄 거예요.
31810	MMucas 프로그래밍 입문서는 3.1 구역에 있어요.
31811	1로 시작하는 번호는 1층에 있으니까...
31812	...계단을 올라가세요.
31813	고장 표지판을 주우세요. 그런 다음 계단을 오르세요.
31814	도서관 꼭대기 층에서, 3.1 구역을 찾은 다음 원하는 책(MMucas 프로그래밍 입문서)을 찾으세요.
31815	MMucas 프로그래밍 입문서를 아주 꼼꼼히 읽으세요.
31816	그 책을 몇 번 봐야 하고(찾은 후엔 인벤토리에 있을 거예요) 아마 퀴즈에 답하는 데 도움이 되도록 정보를 (실제로, 종이에) 적어둬야 할 거예요.
31817	프로그래밍 질문에 대한 답을 찾는 것에 대한 다른 힌트가 필요해요.
31819	잉크를 만들어야 해요. 척 삼촌한테 말을 걸어서 단서를 얻으세요.
31820	척의 작업장 책상 위에 가득 찬 잉크병이 있어요.
31821	잉크병을 프린터나 프린터 리본에 사용하세요.
31822	빈 종이를 프린터에 사용하세요.
31823	컴퓨터를 사용하세요.
31824	지원서를 인쇄하는 것에 대한 다른 힌트가 필요해요.
31826	잉크병은 어디서 구해요?
31827	다환 탄화수소는 어디서 찾아요?
31828	그을음은 어떻게 구해요?
31829	불은 어떻게 피워요?
31830	메틸에틸케톤은 어디서 찾아요?
31831	휘발유(가솔린)는 어떻게 구해요?
31832	이것들은 다 어떻게 함께 작동해요?
31834	척의 작업장 책상 위에 있어요.
31835	그건 흔히 재나 그을음이라고 불려요.
31836	저택 벽난로 봤어요?
31839	방을 나갔다가 다시 돌아와서 불이 꺼지길 기다리세요.
31840	벽난로에 있는 그을음을 주우세요.
31841	저택 부엌을 탐험해봤어요?
31842	구체적으로, 냉장고는 열어봤어요?
31843	부엌 냉장고에 핫소스 병이 있어요. 그러니까... 뜨거운 소스요.
31844	핫소스 라벨을 꼭 읽어보세요!
31845	이제 태울 나무가 필요해요. 장작더미를 찾아보세요.
31846	저택 앞 밖에 장작더미가 있어요. 나무를 좀 주우세요.
31847	저택 앞에서 가져온 통나무를 벽난로에 넣으세요.
31848	벽난로 근처에 있을 때 핫소스를 사용하세요.
31849	그을음을 얻는 것에 대한 다른 힌트가 필요해요.
31851	그건 휘발유나 가솔린을 부르는 멋진 방법이에요.
31852	여기저기 놓인 휘발유통을 본 적 있어요?
31853	저택 밖을 확인해보세요.
31854	저택 앞 장작더미 근처에 있는 휘발유통을 주우세요.
31855	빈 잉크병에 휘발유통을 사용하세요.
31856	휘발유를 구하는 것에 대한 다른 힌트가 필요해요.
31858	잉크병 안에서 휘발유랑 그을음을 섞으세요. 그 잉크병을 프린터에 사용하세요.
31859	척 앞으로 온 편지에 우표가 좀 있었어요.
31860	척은 그 편지를 작업장 테이블에 두고 갔어요.
31861	척이 작업장 테이블에 두고 간, 우표가 붙은 편지를 주우세요.
31862	편지에서 우표를 어떻게 떼어내요?
31863	증기를 쓰면 편지에서 우표가 떨어져요.
31864	물을 좀 찾아야 해요.
31865	부엌에 사용할 수 있는 수도꼭지가 있어요.
31866	이제 물을 뭔가에 담아야 해요.
31867	부엌을 철저히 뒤져보세요, 어딘가에 용기가 있을지도 몰라요.
31868	부엌 찬장 안에 유리컵이 있어요.
31869	수도꼭지에서 나오는 물에 유리컵을 사용하세요.
31870	이제 편지 근처에 뜨거운 물이 있어야 해요.
31871	편지랑 유리컵을 전자레인지에 넣으세요. 전자레인지를 사용하세요.
31872	편지에 우표를 사용하세요.
31873	우표를 구하는 것에 대한 다른 힌트가 필요해요.
31875	그는 작업장에 있어요.
31876	딜로리스 방을 나가서 오른쪽으로 끝까지 걸어가세요. 작업장이 마지막 문이에요.
31877	척을 찾는 것에 대한 다른 힌트가 필요해요.
31879	먼저 이상적인 직업에 대한 입사 지원서를 완성해야 해요.
31880	저택 앞에서 편지를 부치세요. 그러면 딜로리스가 하고 싶은 걸 말해줄 거예요.
31881	중요한 편지는 혼자 있을 때 여는 게 좋아요.
31882	편지를 열려면 딜로리스 방으로 돌아가세요.
31883	끈기 있게 계속하세요.
31884	작업장에 있는 척을 만나서 좋은 소식을 전하세요.
31885	이 플래시백을 끝내는 방법에 대한 다른 힌트가 필요해요.
31887	변장은 어디서 찾아요?
31888	변장은 어떻게 구해요?
31889	변장이랑 뭘 교환할 수 있어요?
31890	변장은 어떻게 사용해요?
31891	복사는 어떻게 해요?
31892	보안 카메라가 절 감시하고 있어요.
31893	이 플래시백은 어떻게 끝내요?
31895	근처에 있는 누군가가 프랭클린이 변장으로 쓸 만한 걸 입고 있어요.
31896	로비 오른쪽에 있는 아이가 프랭클린한테 필요한 걸 갖고 있어요.
31897	아이의 붐박스 스위치를 당겨서 꺼서 관심을 끄세요.
31898	변장을 어디서 찾을 수 있는지에 대한 다른 힌트가 필요해요.
31900	붐박스 든 아이한테 당신이 멋지다는 걸 설득해야 해요.
31901	1987년이라는 걸 기억하고 그 시대 느낌이 나는 대답을 고르세요.
31902	1987년에 뭐가 멋있었는지 모르겠으면 이것저것 시도해보세요.
31903	'그나알리', '위키드', 'MTV'가 80년대에 크게 유행했어요.
31904	변장을 구하는 방법에 대한 다른 힌트가 필요해요.
31906	그 아이는 멋지고 최첨단인 걸 원해요.
31907	시제품 단계일 정도로 새로운 뭔가를 갖고 있어요?
31908	프랭클린의 시제품 테디베어 베개 중 하나를 그 아이의 코걸이 안경이랑 교환하세요.
31909	변장이랑 뭘 교환할 수 있는지에 대한 다른 힌트가 필요해요.
31911	그냥 인벤토리에 있는 안경을 사용하면 프랭클린이 착용해요 (두 번째로 사용하면 다시 벗어요).
31912	혹시 호텔 매니저가 복사하는 법을 알지 않을까요?
31913	호텔 매니저가 해줄 수 있는데, 문제가 있어요. 먼저 그에게 말을 거세요.
31914	프랭클린이 변장을 하기 전까지는 호텔 매니저한테 사업 계획서를 안 줄 거예요.
31915	복사기용 종이가 필요해요.
31916	호텔 매니저가 호텔의 한 층이 아직 보안 장치를 설치하는 중이라고 언급했어요. 그게 가서 확인해보라는 신호예요.
31917	10층으로 가야 해요. 그냥 엘리베이터로 이동하세요.
31918	10층의 개별 방에 들어가서 왼쪽에 있는 램프 달린 책상에서 종이를 가져올 수 있어요. 네 장만 있으면 돼요.
31919	종이 아무거나 호텔 매니저한테 주면, 지금 갖고 있는 종이를 전부 넘겨주게 될 거예요.
31920	사업 계획서를 호텔 매니저한테 주면 복사를 해줄 거예요.
31921	복사하는 방법에 대한 다른 힌트가 필요해요.
31923	인벤토리에 있는 것 중에 호텔트론이 당신을 못 보게 막을 수 있는 게 뭐예요?
31924	호텔트론 앞에 뭔가를 붙이면, 속일 수 있지 않을까요?
31925	카메라에 뭔가를 붙이려면 끈적한 뭔가가 필요해요.
31926	끈적한 물건으로 껌을 쓸 수 있어요. 로비의 아이가 준 거요.
31927	호텔트론에 껌을 사용하세요.
31928	문구류 같은 종이를 호텔트론에 붙여보려고 해봤어요?
31929	카메라는 빈 백지가 아니라 뭘 봐야 해요?
31930	아직 보안 설치 중인 층이 몇 층인지 알아요?
31931	호텔 매니저한테 보안 카메라에 대해 물어보면 한 층이 개조 중이라고 말해줄 거예요.
31932	10층에 안내 스탠드가 있어요. 거기에 방에 있는 카메라에 붙일 수 있는 표준 객실 사진이 있어요.
31933	보안 카메라를 무력화하는 것에 대한 다른 힌트가 필요해요.
31935	변장을 구해야 해요.
31936	호텔 방에 체크인해야 해요.
31937	투자자들을 만날 호텔 방을 방문해야 해요.
31938	아직 프랭클린 방의 보안 카메라를 무력화해야 해요.
31939	아직 프랭클린의 사업 계획서를 복사해야 해요.
31940	프랭클린 방에 있는 전화를 사용해서 투자자들한테 전화해서 플래시백을 끝내세요.
31941	호텔이랑 씸블콘에 대해서...
31942	변호사랑 유언장에 대해서...
31943	뭔가 수확하려다가 손이 아파요.
31944	마을이랑 카운티를 더 빠르게 돌아다니려면 어떻게 해요?
31945	이야기를 더 진행하려면 뭐가 필요해요?
31948	씸블콘 힌트가 필요해요!
31949	프랭클린을 호텔 밖으로 데려가야 하는 데는 좋은 이유가 있어요.
31950	살아있는 캐릭터를 펜트하우스로 데려가야 하는 데는 좋은 이유가 있어요.
31951	프랭클린을 비밀/룬 방에 어떻게 데려가요?
31952	이 새로운 동사들로 프랭클린이 뭘 할 수 있어요?
31954	씸블콘은 어디예요? 그냥 알려주세요.
31955	씸블콘 티켓은 어떻게 구해요?
31956	씸블콘 티켓은 어디서 받아요?
31958	씸블콘은 호텔 중이층에서 열려요. 큰 계단을 올라가거나 엘리베이터에서 M을 누르세요.
31959	먼저 씸블콘을 광고하는 포스터를 찾아보세요. 포스터를 보세요.
31960	호텔 매니저한테 씸블콘에 대해 말을 걸어볼 수도 있어요.
31961	라디오 방송국에서 경연대회를 하고 있어요, 전화해볼 수 있지 않을까요?
31962	라디오 방송국 전화번호는 전화번호부에서 KSCUM 이름으로 찾으세요.
31963	전화번호부는 B 스트리트, 저택 도서관, 그리고 아무 호텔 방에나 있습니다.
31964	방송국 전화선이 통화 중이에요. 이걸 어떻게 방해할 수 있을까요?
31965	딜로리스랑 그녀의 튜브 뽑는 도구가 전화선을 방해하는 데 도움이 될 수 있습니다.
31966	딜로리스가 라디오 방송국 뒤에 있는 배전함의 튜브를 빼게 하세요.
31967	튜브를 다시 끼우면, 전화 시스템이 재부팅되고 빠르게 하면 전화를 걸 수 있습니다.
31968	딜로리스를 라디오 방송국 밖으로 데려가세요. 방송국 뒤에 있는 튜브에 튜브 뽑는 도구를 사용해서 튜브를 뽑은 다음, 다시 끼우세요.
31969	아무 전화로나 KSCUM에 전화해서 질문 중 최소 두 개를 정확하게 맞히세요.
31970	씸블콘 티켓을 구하는 것에 대한 다른 힌트가 필요해요.
31972	티켓은 호텔 데스크에서, 매니저가 갖고 기다리고 있습니다.
31973	프랭클린은 다시는 정문으로 호텔을 나갈 수 없습니다.
31974	호텔을 다 탐험해봤어요? 더 위로 올라가야 할지도 몰라요.
31975	먼저 프랭클린을 펜트하우스로 데려가야 합니다.
31976	펜트하우스의 룬 문양 뒤에 있는 방에 들어가야 하는데, 프랭클린은 그 문을 넘을 능력이 없습니다.
31977	여전히 살아있는 누군가를 펜트하우스로 데려가야 합니다.
31978	비밀 방에 호텔을 나갈 수 있게 해줄 뭔가가 있습니다.
31979	살아있는 캐릭터 중 한 명이 펜트하우스의 룬 문양 문을 열게 하세요.
31980	프랭클린이 펜트하우스 비밀 방의 포털로 떠서 이동하게 해서 호텔을 나가게 하세요.
31981	비밀 방에서 뭘 해야 할지 알아내려면, 최근 일들에 대해 유령들한테 말을 걸어보세요.
31982	비밀 룬 방에서 의식을 치러야 합니다. 이상한 의식용품은 어디서 찾을 수 있을까요?
31983	오컬트 서점에 가서 유령스러운 걸 구석구석 뒤져보세요.
31984	책장 맨 위에 빛나는 책이 있습니다.
31985	오컬트 서점의 사다리를 밀어서 제대로 정렬해 올라갈 수 있게 하세요.
31986	사다리를 민 다음, 오컬트 서점 책장 꼭대기에서 사자의 서를 가져오세요.
31987	사자의 서를 자세히 보고 꼼꼼히 읽으세요.
31988	살아있는 캐릭터가 비밀 방 제단에 사자의 서를 사용해서 제자리에 놓게 하세요.
31989	만나고 싶은 사람의 마지막 안식처 근처에서 찾을 수 있는 살아있는 뭔가도 필요합니다.
31990	호텔 밖에서 죽은 사람이 많은 곳을 어디서 찾을 수 있을까요?
31991	묘지에 있는 척의 무덤 밖에서 꽃이 필요합니다. 그걸 비밀 방 제단에 사용하세요.
31992	프랭클린이 호텔을 나가고 싶어 하니까, 사자의 서에 있는 주문을 말하게 하세요.
31993	프랭클린이 펜트하우스 비밀 방 제단에 있는 책한테 말을 걸게 하세요.
31994	프랭클린을 호텔에서 나가게 하는 것에 대한 다른 힌트가 필요해요.
31996	클라라는 비번이에요. 그냥 엘리베이터를 부르고 프랭클린을 펜트하우스로 데려가세요.
31997	클라라가 펜트하우스 가는 걸 막고 있어요. 전에는 말을 안 걸어줬는데, 지금 말을 걸어보세요.
31998	클라라는 아이스크림 케이크를 원해요. 케이크 비슷한 걸 어디서 본 적 있어요?
31999	씸블콘에 다른 유령 버질 옆에 유령 케이크가 있습니다.
32000	이제 클라라가 케이크를 원한다는 걸 아니까, 씸블콘에 있는 버질한테 케이크를 좀 달라고 하세요.
32001	클라라한테 케이크를 줘보세요, 근데 그녀가 원하는 것과 좀 달라요. 뭔가 할 수 있는 게 있을까요?
32003	유령 케이크를 차갑게 해서 클라라한테 주세요.
32004	프랭클린을 펜트하우스로 데려가는 것에 대한 다른 힌트가 필요해요.
32006	클라라는 비번이에요. 그냥 엘리베이터를 부르고 살아있는 캐릭터를 펜트하우스로 데려가세요.
32007	엘리베이터를 방해하는 게 뭘까요?
32008	클라라를 없앨 수 있어요?
32009	프랭클린이 클라라랑 잡담하게 하세요. 단서를 얻을 거예요.
32010	클라라는 TV에서 특정 프로그램을 보고 싶어 해요.
32011	그녀를 산만하게 만들 TV를 어디서 찾을 수 있을까요?
32012	호텔 방의 TV들은 엘리베이터에서 들리기엔 너무 멀어요. 그 근처에서 TV를 본 적 있어요?
32013	10층(개조 중이던 그 층)으로 가면 복도에 TV가 있습니다.
32014	복도의 TV는 산 사람이 켤 수 없습니다.
32015	프랭클린이 클라라가 좋아하는 채널이 나올 때까지 10층 복도 TV에 ZAP을 쓰게 하세요.
32016	이제 엘리베이터를 10층으로 부르고 클라라의 주의를 딴 데로 돌리세요.
32017	클라라는 (해고될 때까지) 영원히 산만해 있진 않으니까, 살아있는 캐릭터가 엘리베이터에 탈 준비를 해두세요.
32018	살아있는 캐릭터를 펜트하우스로 데려가는 것에 대한 다른 힌트가 필요해요.
32020	프랭클린은 그 문을 넘을 능력이 없습니다.
32021	살아있는 누군가를 펜트하우스로 데려가야 합니다.
32022	살아있는 캐릭터 중 한 명이 펜트하우스의 룬 문양 문을 열게 하세요.
32023	프랭클린을 비밀 방에 들여보내는 것에 대한 다른 힌트가 필요해요.
32025	나타날 변호사를 찾는 것에 대해서...
32026	유언장 조건들.
32027	척의 행운의 숫자가 뭐예요?
32029	누가 아까 변호사랑 얘기하고 있었어요. 아마 그 사람을 알지도 몰라요.
32030	랜섬한테 변호사 명함이 있어요. (코르크 게시판에 있을지도 몰라요.)
32031	전화번호부에서 브랜트 베일리윅으로 찾아서 전화하세요.
32032	변호사는 호텔에서 씸블콘에 참석 중이에요.
32033	변호사를 찾는 것에 대한 다른 힌트가 필요해요.
32035	씸블콘 코스프레 상담 부스에서 변호사한테 말을 거세요. 저택으로 오게 설득하세요.
32036	씸블콘 코스프레 상담 부스에서 변호사한테 말을 건 후, 저택 도서관에서 변호사를 찾으세요.
32037	씸블콘 코스프레 상담 부스에서 변호사한테 말을 거세요. 그는 대금 지급을 걱정하고 있어요. 척이 그에게 돈을 냈다는 걸 어떻게 증명하죠?
32038	저택에 있는 척의 작업장에 지급에 대한 증거가 있을지도 몰라요.
32039	저택에 있는 척의 작업장 오른쪽 책상에서 수표 등록부를 여세요.
32040	수표 부본을 주우세요. 그 부본을 변호사한테 주세요.
32041	수표 부본만으로는 증거가 부족해 보여요. 돈 문제로 도와줄 수 있는 사람이 누구일까요?
32042	은행에 가보세요.
32043	은행 매니저한테 수표 부본을 주면 부도수표를 줄 거예요, 그걸 변호사한테 주세요.
32046	저택 도서관에서 변호사를 만나세요.
32047	변호사를 씸블콘에서 떠나게 하는 것에 대한 다른 힌트가 필요해요.
32049	유언장을 해독해야 해요.
32050	팀블베리 파이가 필요해요.
32051	무덤에 들어가야 해요.
32053	딜로리스는 게임 프로그래머예요. 그녀의 방에 유용한 게 좀 있어요.
32054	유언장을 보면, 그녀가 단서를 좀 알려줄 거예요.
32055	유언장을 해독하는 데 ASCII 표를 사용해보세요. 힌트를 좀 줄지도 몰라요.
32056	딜로리스의 컴퓨터에 유언장을 사용해보고 그녀가 뭐라 하는지 보세요.
32057	유언장을 해독할 수 있는 소프트웨어를 컴퓨터에 더 설치해야 해요.
32058	딜로리스 방에 그래픽 베이직 상자가 있어요. 그녀가 컴퓨터에 그걸 사용해서 프로그램을 짜야 해요. 그런 다음, 컴퓨터에 유언장을 다시 사용하세요.
32059	이제 척의 행운의 숫자를 찾아야 해요.
32060	유언장을 해독하는 것에 대한 다른 힌트가 필요해요.
32062	딜로리스가 그게 척이 당첨된 복권 번호라는 힌트를 줘요. 척이 큰 상금을 탔으니, 누가 이 번호를 알거나 기록해뒀을까요?
32063	니켈 뉴스에 가서 신문 더미마다 맨 위 신문에 커서를 올려보면, 척의 당첨에 대한 옛날 헤드라인을 찾을 수 있어요. 그걸 보세요.
32064	척의 행운의 숫자를 찾는 것에 대한 다른 힌트가 필요해요.
32066	딜로리스가 아직 파이를 들고 있어요. 신선하지 않다는 걸 아무도 눈치 못 챌지도 몰라요.
32067	딜로리스가 들고 있는 팀블베리 파이를 변호사한테 주세요.
32068	마을에서 요리 잘하기로 유명한 사람이 누구예요?
32069	샌디라고 말씀하신 거예요? 아니에요, 그녀의 요리는 사람을 아프게 만들거든요. 다른 사람이에요.
32070	리키는 지금은 튜브 가게를 하지만, 예전엔 케이크 가게를 했어요. B 스트리트에 있는 리키한테 가서 파이에 대해 물어보세요.
32071	딜로리스는 리키한테 줄 팀블베리를 찾아야 해요.
32072	사람들은 몇 년째 팀블베리를 본 적 없다고 말할 거예요. 외지고 덤불이 우거진 곳을 찾아보세요.
32073	지도를 사용해서 트레일헤드로 가세요. 숲 안으로 오른쪽으로 걸어가세요. 팀블베리 덤불은 숲 안에 있어요.
32074	길을 잃어도 걱정하지 마세요. 새 화면마다 아무 출구나 고르세요. 다 팀블베리 덤불로 이어져요.
32075	팀블베리 덤불을 지나면, 모든 출구가 다시 트레일헤드로 이어져요.
32076	이제 팀블베리를 땄으니, 리키한테 주면 파이를 만들어줄 거예요.
32077	리키한테 열매를 줘서 파이를 받은 다음, 저택에 있는 변호사한테 파이를 주세요.
32078	맛있는 파이를 얻는 것에 대한 다른 힌트가 필요해요.
32080	묘지에 가서 무덤 문을 잘 살펴봤어요?
32081	묘지에 있는 무덤 문을 보세요. 안에 스위치가 있어요. 어떻게 닿을 수 있을까요?
32082	프랭클린은 문을 통과해서 떠다닐 수 있으니, 여기서 도와줄 수 있지 않을까요?
32083	진행하려면, 먼저 프랭클린을 호텔에서 나가게 해야 해요.
32084	프랭클린을 무덤 문으로 떠서 통과시키고 무덤 안의 전기 스위치에 ZAP을 쓰세요.
32085	무덤을 여는 것에 대한 다른 힌트가 필요해요.
32087	팀블베리 덤불을 찾아서 열매를 따려고 하고 있어요.
32088	팀블베리 파이에 대해 다른 사람들보다 더 잘 아는 조종 가능한 캐릭터 한 명한테 시도해보면 힌트를 얻을 수 있어요.
32089	딜로리스는 장갑 없이 팀블베리를 따기엔 너무 아는 게 많아요.
32090	튼튼한 장갑을 가진 사람이 누굴까요? 아마 팀블베리 파이를 많이 구워본 사람일 거예요.
32091	안 좋은 음식으로 유명한 사람한텐 말 걸지 마세요.
32092	딜로리스가 (B 스트리트 튜브 가게에 있는) 리키한테 파이에 대해 말을 걸게 하세요. 리키가 팀블베리를 딸 수 있게 장갑을 빌려줄 거예요.
32093	손을 안 다치는 것에 대한 다른 힌트가 필요해요.
32095	유언장이 낭독되면 4부가 끝납니다.
32096	유언장을 낭독하려면, 모든 조건을 충족해야 해요.
32097	먼저 변호사를 저택 도서관으로 가게 해야 해요.
32098	아직 유언장을 해독해야 해요.
32099	아직 팀블베리 파이를 변호사한테 줘야 해요.
32100	아직 무덤을 열어야 해요.
32101	4부를 끝내는 것에 대한 다른 힌트가 필요해요.
32103	공장 열쇠에 대해서...
32104	공장에 들어가는 것에 대해서...
32105	회중시계에 대해서...
32106	호텔에 뭔가가 있어요...
32107	다른 뭔가...
32110	공장 열쇠는 어디 있어요?
32111	공장 열쇠는 어떻게 구해요?
32113	공장 주인이 죽었으니, 지금은 누가 열쇠를 갖고 있을까요?
32114	공장 입구 표지판에 힌트가 있을지도 몰라요.
32115	은행에 가봤어요? 처음엔 문을 안 열었는데, 지금은 열려 있을 거예요.
32116	은행 주변을 잘 살펴보세요. 눈에 잘 보이는 곳에 있어요.
32117	공장 열쇠는 은행 뒤쪽, 은행 매니저 근처 벽에 걸려 있습니다.
32118	공장 열쇠를 찾는 것에 대한 다른 힌트가 필요해요.
32120	누가 열쇠를 못 구하게 막고 있어요?
32121	여러 조종 가능한 캐릭터로 그 사람한테 말을 걸어봤어요?
32122	은행 매니저가 꽤 산만해 보여요. 아마 주의를 안 기울이고 있는 걸지도 몰라요.
32123	은행 매니저의 주의를 딴 데로 돌릴 방법이 있을까요?
32124	그는 장난전화 거는 사람 때문에 정신이 팔려서 그 사람을 계속 전화에 붙잡아두고 싶어 해요.
32125	캐릭터 중 한 명이 전화해서 그 장난전화 거는 사람인 척할 수 있을까요?
32126	프랭클린은 ZAP을 써서 호텔 방 전화를 사용할 수 있어요. 프랭클린이 은행에 전화하게 하세요.
32127	은행에 있는 다른 캐릭터로 전환해서 은행 매니저가 프랭클린 때문에 정신 팔린 사이에 열쇠를 주우세요.
32128	은행 매니저가 정신 팔릴 때까지 기다렸다가 그가 등을 돌렸을 때 열쇠를 주우세요.
32129	공장 열쇠를 구하는 것에 대한 다른 힌트가 필요해요.
32131	보안 시간대에 대해서...
32132	배터리는 어떻게 충전해요?
32133	렌치는 어디서 구해요?
32134	트럭을 옮겨야 해요.
32135	튜브가 필요한 문이 있어요.
32136	무거운 문을 열어야 해요.
32138	시계는 어디서 찾아요?
32139	보안 시간대는 어떻게 맞춰요?
32140	타임박스 4는 어디예요?
32142	레예스 요원이 마을에 돌아왔을 때 호텔 매니저한테서 받은 소포를 여세요.
32143	먼저 고친 회중시계가 필요합니다.
32144	모든 상자의 위치를 보여주는 지도가 벽에 있습니다.
32145	다른 상자들의 배치를 보면, 이건 어디에 있어야 할 것 같아요?
32146	뭔가 가로막고 있는 걸지도 몰라요?
32147	공장 뒤편에 있는 큰 트럭 뒤에 있습니다.
32148	타임박스 4의 위치에 대한 다른 힌트가 필요해요.
32150	프랭클린이 전기를 잘 다루긴 하지만, 이번 경우엔 도움이 안 될 거예요.
32151	강한 전류가 흐르는 장소를 찾아야 합니다.
32152	아직 그 장소를 못 찾았네요. 그럼, 나중으로 미뤄두고 다른 걸 먼저 해보는 걸 고려해보세요.
32153	숲 안에 있는 '비밀 모임' 장소를 찾아야 합니다.
32154	숲에서 피자 밴이 주차된 전기 울타리에 배터리를 사용하세요.
32155	배터리 충전하는 것에 대한 다른 힌트가 필요해요.
32157	피전 시스터스한테 공구함에 렌치가 있었어요.
32158	피전 시스터스의 명함 아직 갖고 있어요? (처음 소화전 문제를 해결했을 때 줬어요.)
32159	피전 시스터스의 명함을 읽어봤어요? 그들이 제공하는 서비스에 힌트가 있어요.
32160	피전 시스터스한테 전화해봤어요?
32161	피전 시스터스는 초자연적인 비상 상황에만 나와요.
32162	초자연 현상이 일어나고 있다는 걸 어디서 알아요?
32163	어느 순간, 초조해하는 호텔 손님을 눈치챘을 수도 있어요.
32164	못 봤으면, 호텔을 둘러보고 그들이 어느 방에 있는지 힌트를 찾아보세요.
32165	호텔 매니저를 자세히 지켜보면 그 손님을 찾을 수 있어요.
32166	변기나 조명이 고쳐지고 있는 방으로 살아있는 캐릭터를 데려가서 피전 시스터스가 눈치채지 못하게 조심스럽게 렌치를 주우세요.
32167	렌치를 구하는 것에 대한 다른 힌트가 필요해요.
32169	볼트를 밀어봤어요?
32170	렌치가 필요할 거예요. 게임에서 본 적 있어요?
32171	트럭의 볼트에 렌치를 사용하세요.
32172	배터리를 주우세요. 충전이 안 된 것 같은데...
32173	충전한 배터리를 트럭에 사용하세요. 레버를 켬 위치로 미세요.
32174	트럭을 옮기는 것에 대한 다른 힌트가 필요해요.
32176	레버를 켬 위치로 미세요.
32177	큰 공장 문은 튜브 없이는 안 열려요. 딜로리스가 빈 소켓을 보게 하세요.
32178	리키한테 PF-001 튜브가 있는지 물어봤어요?
32179	삼촌이 돌아가셨는데 제가 받은 건 이 형편없는 티셔츠뿐이에요.
32180	유언장 낭독 때 딜로리스가 받은 티셔츠에 튜브 디자인이 있어요.
32181	척 삼촌한테 물려받은 티셔츠를 B 스트리트 튜브 가게에 있는 리키한테 주세요.
32182	큰 공장 문 근처에 있는 도어트론 3000™에 PF-001 튜브를 사용하세요.
32183	문에 쓸 튜브를 구하는 것에 대한 다른 힌트가 필요해요.
32185	무거운 문이에요.
32186	뭔가 너무 무거우면, 도움이 필요할지도 몰라요.
32187	친구들이 도와줄 수 있을지도 몰라요.
32188	살아있는 조종 가능한 캐릭터를 다 모아서 공장 문을 도와달라고 하세요.
32189	무거운 문을 여는 것에 대한 다른 힌트가 필요해요.
32191	시계는 어디서 찾아요?
32192	이 회중시계를 고쳐야 해요.
32193	이 회중시계가 뭐에 쓰는 건지 모르겠어요.
32194	회중시계가 뭐에 쓰는 건진 아는데, 어떻게 쓰는지 힌트가 필요해요.
32195	라디오 방송국이 레코드를 틀게 해야 해요.
32196	도구가 필요해요.
32198	윌리가 시계를 고쳐주긴 할 텐데, 고치기 전에 도구랑 테레민 음악이 필요해요.
32199	윌리가 시계를 고쳐주긴 할 텐데, 고치기 전에 도구가 필요해요.
32200	윌리한테 도구를 주세요.
32201	윌리가 시계를 고쳐주기 전에 테레민 레코드를 틀어야 해요.
32202	윌리한테 도구를 주세요.
32203	레예스가 윌리한테 회중시계를 고쳐달라고 주게 하세요.
32204	마을 사람 중 한 명이 시계를 고칠 줄 알아요. 예전에 메인 스트리트에 가게가 있었어요.
32205	시계를 고칠 줄 아는 그 마을 사람한테 물어보면 자기 과거에 대해 말해줄 거예요. 찾아보세요.
32206	윌리는 시계공이었어요. 레예스가 그한테 시계를 주게 하세요.
32207	시계를 고치는 것에 대한 다른 힌트가 필요해요.
32209	회중시계를 어디에 써야 하는지 강한 시각적 단서가 있을 거예요.
32210	그 시각적 단서를 아직 못 봤으면, 더 힌트를 요청하기 전에 좀 기다려보는 걸 고려해보세요.
32211	이 회중시계가 누구 것이었고 그 사람의 직업이 뭐였는지 생각해보세요.
32212	회중시계는 보안 장치예요. 공장 옆에 4개 정거장이 있는데, 큰 문을 열려면 거기 넣어야 해요.
32213	시계가 뭐에 쓰는 건지에 대한 다른 힌트가 필요해요.
32215	이 작업의 설명서는 어딘가에 있어요. 먼저 주변을 둘러보세요.
32216	공장 뒤편 주변 방들 안을 살펴보세요.
32217	바닥에 있는 쓰레기를 다 주우면 공장 뒤편 맨 끝 사무실에서 보안 매뉴얼을 찾을 수 있어요.
32218	설명을 보려면 보안 매뉴얼을 읽으세요.
32219	보안 시계들은 5분 간격으로 맞춰야 해요.
32220	1번 상자부터 시작하세요.
32221	매뉴얼에 있는 번호로 전화를 걸고 시계 모양 구멍에 시계를 넣으세요. 시계의 손잡이를 사용해서 보안 메시지가 알려준 시간이 나오게 맞추세요.
32222	2번 상자로 가서 똑같이 하되, 5분 늦게 맞추세요.
32223	3번, 4번 상자도 반복하세요.
32224	시계를 사용하는 방법에 대한 다른 힌트가 필요해요.
32226	라디오에서 테레민 음악이 나오게 하려면 뭘 해야 해요?
32227	DJ를 내보내야 해요.
32228	테레민 레코드가 필요해요.
32229	테레민 레코드를 어떻게 트는지 알아야 해요.
32231	라디오 방송국 뒤편을 둘러보는 걸 시도해봤어요?
32232	타워에 올라가서 스위치를 내리면 라디오 방송국을 방해할 수 있어요.
32233	'거의' 모든 사람이 고소공포증이 있는 것 같아요. 한 캐릭터는 높은 곳에 괜찮아요.
32234	랜섬을 사다리로 타워 꼭대기에 보내세요.
32235	랜섬이 타워 꼭대기의 스위치를 내리게 해서 캐시가 라디오 스튜디오를 떠나게 하세요.
32236	라디오 DJ를 스튜디오에서 내보내는 것에 대한 다른 힌트가 필요해요.
32238	어떤 대회 같은 데서 딸 수 있지 않을까요?
32239	씸블콘 주변의 표지판을 다 봤어요?
32240	랜섬 닮은꼴 대회 상품 중 하나가 테레민 레코드예요.
32241	테레민 레코드를 따려면 랜섬 닮은꼴 대회에 참가해야 해요.
32242	테레민 레코드를 구하는 것에 대한 다른 힌트가 필요해요.
32244	틀어야 할 특별한 테레민 레코드가 필요해요.
32245	레코드를 틀기 전에 라디오 DJ를 스튜디오에서 내보내야 해요.
32246	랜섬이 아직 라디오 타워에 있으니, 그가 도와주는 동안 다른 사람이 스튜디오에 들어갈 수 있지 않을까요?
32247	테레민 레코드를 들고 라디오 스튜디오 부스에 혼자 있게 되면, 모든 걸 보고 사용해보세요.
32248	라디오 부스에서 그 스위치를 당기면 무슨 일이 일어나요?
32249	가운데 스위치를 당겨서 왼쪽 턴테이블이 방송되게 하세요.
32250	테레민 레코드를 왼쪽 턴테이블에 올리세요.
32251	테레민 레코드를 트는 방법에 대한 다른 힌트가 필요해요.
32253	미니어처 모형 만드는 걸 좋아하는 사람이 시계 고치는 데 맞는 도구를 갖고 있어요.
32254	씸블콘에서 섹시 라이커한테 말을 거세요.
32255	섹시 라이커한테 햄버거를 주세요.
32256	섹시 라이커를 따라가서 그의 방이나 층으로 가서 도구가 어디 있는지 알아내세요.
32257	섹시 라이커가 방에서 토하는 동안 방에 들어가려고 하면 무슨 일이 일어날까요?
32258	라이커가 토할 때는 다들 역겨워하는 것 같아요. 그가 나가서 문을 닫을 때까지 기다려보세요.
32260	이제 섹시 라이커의 잠긴 방에 들어가야 해요. 잠긴 문을 통과할 수 있는 사람이 누구죠?
32261	살아있는 캐릭터를 그 방에 어떻게 들여보내요? 프랭클린이 그들을 위해 문을 열어줄 방법이 있을까요?
32262	라이커가 나가면, 프랭클린이 섹시 라이커의 방문에 ZAP을 쓰게 하세요.
32263	필요하면, 그냥 섹시 라이커한테 저녁식사에 대해 말을 걸면 다시 가서 토할 거예요.
32264	섹시 라이커가 방에서 토하는 동안, 테이블에서 도구를 주우세요.
32266	도구를 구하는 것에 대한 다른 힌트가 필요해요.
32268	호텔 매니저가 컴퓨터로 뭘 보고 있어요?
32269	초조해하는 호텔 손님이 있어요.
32270	누군가한테 저녁식사를 가져다줘야 해요.
32271	이 닮은꼴 대회는 어떻게 참가해요?
32273	호텔 손님 중 한 명을 지켜보고 있는 것 같아요.
32274	컴퓨터를 보면 무슨 일이 일어날까요?
32275	그가 당신이 보고 있는 걸 못 보게 하면 어떨까요?
32276	호텔 매니저가 컴퓨터를 쓰는 동안 프랭클린이 컴퓨터를 보게 하세요. 그러면 손님의 방 번호를 알게 될 거예요.
32277	프랭클린을 그 방으로 데려가서 조사하세요.
32278	호텔 매니저의 컴퓨터에 대한 다른 힌트가 필요해요.
32280	필요한 특정 아이템을 얻으려고 여기서 힌트를 따라오는 게 아니라면, 지금은 이 부분으로 나중에 다시 돌아와서 아직 스포일러 당하지 않아도 괜찮을 수도 있어요.
32281	하지만. 지금 호텔 손님 문제를 풀고 싶다면, 계속 진행하죠.
32282	그 손님은 초조해해요. 더 초조하게 만들 수 있어요?
32283	프랭클린의 초자연적 능력 중 일부를 사용해보세요.
32284	호텔 손님 방에 있는 변기, TV, 라디오, 조명 스위치 같은 여러 물건에 CHILL, SPLASH, ZAP을 써보세요.
32285	호텔 매니저가 유지보수 직원을 부르는데, 다들 바빠요. 매니저가 대신 누구한테 전화할 수 있을까요?
32286	피전 시스터스는 배관이랑 초자연 작업을 해요. 도와줄 수 있지 않을까요?
32287	피전 시스터스 명함을 호텔 매니저한테 주세요. 그다음 다시 그 호텔 손님을 겁줘보세요.
32288	호텔 손님을 겁주는 것에 대한 다른 힌트가 필요해요.
32290	섹시 라이커가 정말 배고파 보이고 햄버거를 원해요. 음식은 어디서 구해요?
32291	다이너에서, 샌디가 햄버거를 만들어줄지 확인해보세요.
32292	샌디는 (카운터 오른쪽에 있는) 핫도그부터 먼저 다 팔리길 원해요.
32293	캐릭터한테 핫도그를 먹여보세요.
32294	각 캐릭터가 하나씩만 먹을 거예요, 더는 안 먹어요.
32295	각 조종 가능한 캐릭터를 하나씩 다이너로 보내서 핫도그를 먹이세요.
32296	다 없어지면, 샌디가 섹시 라이커한테 줄 햄버거를 만들어줄 거예요.
32297	섹시 라이커한테 저녁을 구해주는 것에 대한 다른 힌트가 필요해요.
32299	랜섬 닮은꼴 대회가 씸블콘에서 열려요!
32300	대회에 꼭 참가할 필요는 없어요, 이건 선택적인 서브 퀘스트예요.
32301	랜섬은 대회에 참가하기 전에 자기 농담집이 필요해요. 어디에 보관했을까요?
32302	랜섬의 농담집이랑 낱장들은 트레일러 안에 있는 금고 안에 있어요.
32303	트레일러의 금고를 열고 농담집이랑 낱장을 다 주우세요.
32304	랜섬은 날아간 페이지를 되찾아야 해요. 어디로 날아갔는지 봤어요? 그럴 만한 장소를 살펴봤어요?
32305	그 페이지는 사실 랜섬의 트레일러 바로 밖에 있는 기둥/안테나에 걸려 있어요. 시야에서 살짝 벗어나 있어서 잘 안 보여요.
32306	근처에 더 높이 올라갈 수 있는 게 있어요?
32307	랜섬은 트램폴린을 이용해서 페이지를 가져올 수 있어요. 시도해보고 뭐라고 하는지 보세요.
32308	트램폴린을 밀고 당겨서 좋은 위치로 옮기세요. 다른 트레일러 계단을 올라가서 트램폴린을 사용하세요.
32309	랜섬은 여전히 안전을 위해 근처에 지켜봐줄 사람이 필요해서 뛰지 않으려 해요.
32310	딜로리스를 트레일러로 데려오면, 랜섬이 안전하게 트램폴린을 사용할 수 있어요.
32311	충분히 가까이 가면 그냥 페이지를 주우세요.
32312	농담집을 다시 조립하려면 각 낱장을 농담집에 사용하세요.
32313	닮은꼴 대회가 열리는 방으로 들어가세요.
32314	닮은꼴 대회에 참가하는 것에 대한 다른 힌트가 필요해요.
32316	장난전화를 걸어야 해요.
32317	다들 숲 어디로 가는지 찾아야 해요.
32318	방사성 폐기물은 있는데, 어디에 놓아야 할지 모르겠어요.
32319	라디오 방송국이 레코드를 틀게 해야 해요.
32320	마을이랑 카운티를 더 빠르게 돌아다니려면 어떻게 해요?
32322	은행 전화번호가 필요하면, 전화번호부에서 은행 이름을 찾아보세요.
32323	전화번호부는 B 스트리트의 공중전화 옆, 호텔 방들, 저택 도서관에 있습니다.
32324	은행 매니저 개인 집 전화번호가 아니라 은행 번호로 전화해야 하는 거 기억하세요.
32325	장난전화를 걸려다 실패했으면, 은행 매니저가 장난전화 거는 사람 목소리에 대한 단서를 줘요.
32326	그 장난전화 거는 사람은 신음소리로 유명해요.
32327	프랭클린으로 전화를 거세요.
32328	프랭클린은 ZAP을 써서 호텔 방 전화를 사용할 수 있어요. 프랭클린이 은행에 전화하게 하세요.
32329	장난전화를 거는 것에 대한 다른 힌트가 필요해요.
32331	다이너 밖에 피자 조각 옷을 입은 사람한테 말을 걸어봤어요?
32332	그 피자 조각 남자가 '비밀 모임' 전단지를 떨어뜨렸어요.
32333	다이너 밖에서 피자 남자가 떨어뜨린 전단지를 주우세요.
32334	피자 전단지를 봐서 힌트를 찾으세요.
32335	지도에 있는 장소들을 생각하면, 비밀 모임이 어디서 열릴 것 같아요?
32336	숲 트레일헤드(지도의 작은 초록 사각형)에 가면, 사람들이 이상하게 행동하는 게 보이나요?
32337	사람들이 뭔가 비밀스러운 곳으로 가듯이 숲으로 걸어 들어가고 있어요.
32338	그들을 따라갈 순 없지만, 행동을 자세히 보면, 다들 똑같은 걸 하고 있는 게 보여요.
32339	사람들은 들어가는 길에 웅덩이를 밟고 지나가요.
32340	그들의 발자국을 눈에 띄게 만들 방법이 있을까요?
32341	게임에 아주 눈에 띄는 색깔의 뭔가가 있어요.
32342	아직 필요한 장소에 가보지 않았네요, 새 지역에 들어간 후에 이 힌트로 돌아오세요.
32343	공장 뒤편에서 방사성 폐기물을 좀 찾을 수 있어요.
32344	발자국이 밝은 초록색이 되면, 숲을 따라가서 비밀 모임을 찾으세요.
32345	문을 열려면, 피자 전단지에 있는 암호를 입력하세요.
32346	밴 문을 열고 안으로 걸어 들어가서 모임에 참석하세요.
32347	이 모임에는 아무나 환영받는 게 아니에요.
32348	요원들은 이 모임에 명백히 허용되지 않아요. 요원 말고 또 누가 요원을 싫어하죠?
32349	랜섬을 '비밀 모임'에 데려가세요.
32350	'비밀 모임'에 가는 것에 대한 다른 힌트가 필요해요.
32352	방사성 폐기물을 옮기려면 특별한 용기가 필요해요.
32353	인상적인 이름의 금속으로 만들어진 특정 용기가 하나 있어요.
32354	딜로리스 침실에 있는 트로피를 주우세요.
32355	방사성 폐기물이 담긴 트로피를 숲 트레일헤드의 웅덩이에 사용하세요.
32356	방사성 폐기물을 줍는 것에 대한 다른 힌트가 필요해요.
32358	이제 뭘 해요?
32359	도와주세요! 살인 경비 로봇이에요!
32362	공장을 계속 밀고 나가서 더 탐험해봐야 해요.
32363	공장 아래층 열린 아치문 왼쪽에 있는 패널을 봤어요?
32364	척의 일지에 힌트가 있어요.
32365	일지에서 척이 SR-01 보안 로봇에 대해 얘기하는 부분을 찾아보세요.
32366	척은 SR-01 로봇 매뉴얼을 도서관에 숨겨뒀어요.
32367	저택 도서관에서 인덱스트론을 사용해서 SR-01 로봇 매뉴얼을 찾으세요.
32368	잊지 마세요, 1로 시작하는 책은 1층, 2로 시작하는 책은 2층, 이런 식이에요.
32369	도서관에서 찾은 SR-01 로봇 매뉴얼의 설명을 이용해서 딜로리스가 공장 보안 로봇 근처 상자의 플러그를 재설정하게 하세요.
32372	로봇 경비를 지나가는 것에 대한 다른 힌트가 필요해요.
32374	잠긴 문이 있어요.
32375	이제 뭘 해요?
32376	척의 지문이 필요해요.
32377	비밀번호가 필요해요.
32378	힌트북이 필요해요.
32379	1980년대 힌트북은 어떻게 읽어요?
32380	방폭문이 있어요.
32381	도와주세요! 로봇 팔이에요.
32384	이미 열쇠 갖고 있잖아요!
32385	이건 어떤 방일 것 같고 열쇠엔 뭐라고 적혀 있을까요?
32386	열쇠엔 '사무실 열쇠'라고 적혀 있어요.
32387	누가 이 방 열쇠를 갖고 있었을까요?
32388	이건 척의 사무실이에요. 저택에 있는 척의 작업장을 둘러보고 열쇠를 찾으세요.
32389	혹시 척이 뭔가 뒤에 열쇠를 숨겼을까요?
32390	사무실 열쇠는 척의 서재, 뒷벽 그림 뒤 금고 옆에 걸려 있어요.
32391	문을 여는 것에 대한 다른 힌트가 필요해요.
32393	아직 이 퍼즐을 풀 수 없어요. 다른 장소들을 더 조사해보고 필요하면 다시 여기로 와서 힌트를 받으세요.
32394	척이 뭘 만졌을까요?
32395	공장에 있는 척의 사무실에 유리컵이 있어요. 거기서 지문을 채취할 수 있어요.
32396	저택 벽난로에서 나온 그을음으로 지문 채취 도구를 다시 채우세요.
32397	유리컵에 지문 채취 도구를 사용한 다음 우체국에서 가져온 테이프를 사용하세요.
32398	저택에 있는 척의 작업장 금고에 테이프를 사용하세요.
32399	척의 지문을 얻는 것에 대한 다른 힌트가 필요해요.
32401	척이 비밀번호를 어디에 숨겼을까요?
32402	저택에 있는 척의 작업장을 다시 둘러보세요.
32403	뒷벽 그림 뒤에 뭔가 있는 것 같아요.
32404	저택에 있는 척의 작업장 그림을 미세요.
32405	저택 작업장 금고 안에 비밀번호 책이 있어요.
32406	금고를 열려면 척의 지문이 필요해요.
32407	저택 작업장 금고에 척이 남겨둔 비밀번호 책을 주우세요.
32408	이제 척의 사무실 컴퓨터에 로그인하세요.
32409	비밀번호를 구하는 것에 대한 다른 힌트가 필요해요.
32411	씸블콘의 켄 티엔이 힌트 가이드와 교환해줄 거예요. 뭘 시도해봤어요?
32412	가진 캐릭터 중에 괴짜 컨벤션에서 값어치가 있을 만한 걸 가진 사람 있어요?
32413	예전에 유명했던 캐릭터라면 괴짜한테 교환할 만한 적당한 게 있지 않을까요?
32414	서커스에 있는 랜섬의 트레일러에서 랜섬 만화책 초판을 주우세요.
32415	힌트북을 받으려면 씸블콘에 있는 켄 티엔한테 랜섬의 만화책을 주세요.
32416	힌트북을 구하는 것에 대한 다른 힌트가 필요해요.
32418	그러니까, 글자를 읽어야 하는데, 전체가 빨갛게 얼룩져 있어서 어려워요.
32419	다 빨간색이었으면 덜 어려웠을 텐데요.
32420	어드벤처 게임 힌트북 읽는 법을 누가 알까요?
32421	딜로리스는 어드벤처 게임 하는 걸 좋아해요, 그녀 방에서 도움이 될 만한 걸 찾아보세요.
32422	딜로리스 방 앞쪽 책장 맨 아래에 있는 빨간 젤 디코더를 주우세요.
32423	힌트북에 빨간 젤 디코더를 사용하세요.
32424	힌트북을 읽는 방법에 대한 다른 힌트가 필요해요.
32426	그냥 문의 버튼들을 누르세요. 오작동이 일어나서 문이 열릴 거예요.
32427	이 문을 통과하려면 강력한 폭발물이 필요할 거예요.
32428	음모론자들이 자기들 '비밀' 계획을 위해 폭발물을 갖고 있지 않을까요?
32429	숲 벙커에서 열리는 '비밀 모임'에 참석해야 해요.
32430	'비밀 모임'을 떠날 때 선물 가방 줍는 걸 잊었어요? 지금 다시 가보세요.
32431	'비밀 모임'에서 받은 선물 가방을 어떻게 안 열어봤어요?! 지금 여세요.
32432	누가 벽돌을 은박지로 싸겠어요? 그 벽돌을 여세요.
32433	C4 폭발물 벽돌을 방폭문에 사용하세요.
32434	당신 캐릭터 중 한 명이 불꽃을 낼 수 있는 아이템을 갖고 있어요.
32435	모든 걸 사용해보고 찾을 수 있는지 보세요.
32436	결함 있는 홍보용 상품 갖고 있기로 유명했던 캐릭터가 누구였죠?
32437	랜섬의 광대 사탕 디스펜서는 사용하면 불꽃이 나요.
32438	랜섬의 광대 사탕 디스펜서를 문에 있는 폭발물에 사용하세요.
32439	방폭문을 지나는 것에 대한 다른 힌트가 필요해요.
32441	공장의 다른 어딘가에서 그것들을 끌 방법이 있지 않을까요? 계속 찾아보세요.
32442	척의 사무실에 있는 컴퓨터를 사용하세요.
32443	해커의 부팅 디스크가 필요해요.
32444	최근에 컴퓨터 디스크가 여기저기 놓여있는 걸 본 적 있어요?
32445	척의 사무실 책상에 있는 플로피 디스크를 주우세요.
32446	실버리 플로피 디스크를 컴퓨터에 사용하세요.
32447	컴퓨터 화면에서, '강제 재부팅'을 선택하세요.
32448	이렇게 하면 로봇 팔을 지나갈 수 있을 만큼 오래 시스템이 다운돼요.
32449	음모론자들이 컴퓨터를 해킹하는 방법을 알고 있을지도 몰라요.
32450	숲 벙커에서 열리는 '비밀 모임'에 참석해야 해요.
32451	'비밀 모임'을 떠날 때 선물 가방 줍는 걸 잊었어요? 지금 다시 가보세요.
32452	'비밀 모임'에서 받은 선물 가방을 어떻게 안 열어봤어요?! 지금 여세요.
32453	실버리 플로피 디스크를 컴퓨터에 사용하세요.
32454	어드벤처 게임을 플레이해보고 무슨 일이 일어나는지 보세요.
32455	척의 일지에 힌트가 있어요. 그 텍스트 어드벤처 게임에 대한 거예요.
32456	텍스트 어드벤처 게임을 깨는 방법을 알려면 힌트북을 구해야 해요.
32457	텍스트 어드벤처 게임을 깨는 방법을 알려면 힌트북을 읽어야 해요.
32458	사무실 컴퓨터에서 어드벤처를 실행하세요.
32459	힌트북의 지시를 따라서 로봇 팔을 지나갈 수 있을 만큼 오래 시스템을 다운시키세요.
32460	로봇 팔을 지나가는 것에 대한 다른 힌트가 필요해요.
32462	도와주세요! 로봇 팔이에요.
32463	도와주세요! 레이저예요.
32464	도와주세요! 팬이에요.
32465	도와주세요! 뜨거워요.
32466	필로트론 안에는 어떻게 들어가요?
32467	다른 캐릭터들은 필로트론 방에 어떻게 들여보내요?
32469	컴퓨터가 재부팅되는 동안, 로봇 팔이 있는 방으로 돌아가서 그것들을 통과해서 걸어가세요.
32470	벽에 있는 버튼을 눌러서 로봇 팔을 꺼야 다른 캐릭터들이 따라올 수 있어요.
32471	로봇 팔을 지나갈 기회를 놓쳤으면 언제든 컴퓨터를 다시 다운시키면 돼요.
32472	먼저 그것들을 통과해서 걸어가보세요. 어쩌면 그렇게 나쁘지 않을지도 몰라요.
32473	레이저는 딱히 위험하다기보단 성가신 거예요. 머리를 보호해볼 수 있지 않을까요?
32474	최근에 어디서 주울 수 있는 모자를 본 적 있어요?
32475	(척의 사무실에서 가져온) 해적 모자를 사용하고 다시 걸어서 통과해보세요.
32476	(척의 사무실에서 가져온) 해적 모자를 사용하고 다시 걸어서 통과해보세요.
32477	레이저를 모자로 반사시켜야 해요.
32478	'비밀 모임' 선물 가방에서 나온 은박지를 모자에 사용하세요. 레이저를 다시 통과해서 걸어가세요.
32479	레이저를 지나가는 것에 대한 다른 힌트가 필요해요.
32481	근처를 둘러보면서 힌트를 찾아보세요.
32482	벽 표지판에 전화번호가 적혀 있어요. 그 번호로 전화하면 팬이 꺼져요.
32483	너무 뜨거운 것에 대한 다른 힌트가 필요해요.
32485	뜨거운 공기를 순환시키는 데 도움이 되는 게 뭐예요?
32486	애초에 뭐 때문에 뜨거워진 거예요? 되돌릴 수 있어요?
32487	자동 팬 라인에 다시 한번 전화해서 다시 켜세요.
32488	문 옆에 홈이 있어요. 거기 맞을 만한 게 있어요?
32489	아직 안 뜯은 소포 있어요?
32490	레이가 마을로 돌아왔을 때 호텔 프런트에서 받은 소포를 여세요.
32491	인벤토리에 있는 아이템을 보면 캐릭터 중 한 명이 단서를 줬을 거예요.
32492	레이가 뭔가를 갖고 있어요.
32493	트랩도어를 통해 레이를 필로트론 방으로 데려오세요.
32494	문 홈에 레이의 이상한 장치(멋진 초록색 막대처럼 생긴 것)를 사용하세요.
32495	딜로리스만 그 방에 들어갈 거예요. 그녀를 그곳으로 데려오세요.
32496	딜로리스를 방 안으로 걸어 들어가게 하세요.
32497	필로트론 안에 들어가는 것에 대한 다른 힌트가 필요해요.
32499	필로트론 방을 나가고 들어오는 다른 방법이 있어요.
32500	사다리 꼭대기에 척의 사무실로 돌아가는 트랩도어가 있어요.
32501	다른 사람들한테 빨리 돌아가는 방법에 대한 다른 힌트가 필요해요.
32503	죄송해요, 이미 너무 많이 말씀드렸네요.
32504	제가 더 도와드리면 트론 상표권을 취소당할 거예요.
32505	감사합니다, 안녕히 계세요.
32506	한 번에 최대 12개의 토큰만 유통 가능합니다.
32507	마을 사람들이 누군가가 피에 흠뻑 젖은 물건을 갖고 있는 걸 봤다고 언급했어요.
32508	배달 시도 안내문을 찾을 수 있는지 확인해보세요.
32509	랜섬의 트레일러 게시판에 있는 배달 시도 안내문을 주우세요.
32510	랜섬이 우체국에서 찾아온 소포를 여세요.
32511	시청에는 지문 책 같은 기록이 많습니다. 시청을 뒤져보세요.
32512	지문 책에 대한 다른 힌트가 필요해요.
32514	방향 버튼으로 열기를 선택한 다음, R1+왼쪽 스틱으로 문을 선택하세요.
32515	방향 버튼으로 말하기를 선택한 다음 R1+왼쪽 스틱으로 윌리를 선택하세요.
32516	방향 버튼으로 선택지를 선택해서 말하세요.
32517	방향 버튼으로 보기를 선택한 다음 방향 버튼으로 쪽지를 선택하세요.
32518	왼쪽 스틱으로 바닥의 한 지점을 선택해서 걸으세요.
32519	방향 버튼으로 줍기를 선택한 다음 R1+왼쪽 스틱으로 돌을 선택하세요.
32520	방향 버튼으로 사용하기를 선택한 다음, 돌을 선택하고, R1+왼쪽 스틱으로 조명을 선택하세요.
32521	캐릭터를 전환하려면 L2/R2를 사용하세요.
32522	달리려면 크로스 버튼을 두 번 누르세요.
32523	커서를 따라가려면 크로스 버튼을 누르고 있으세요.
32524	방향 버튼으로 열기를 선택한 다음, R+왼쪽 스틱으로 문을 선택하세요.
32525	방향 버튼으로 말하기를 선택한 다음 R+왼쪽 스틱으로 윌리를 선택하세요.
32526	왼쪽 스틱으로 바닥의 한 지점을 선택해서 걸으세요.
32527	방향 버튼으로 줍기를 선택한 다음 R+왼쪽 스틱으로 돌을 선택하세요.
32528	방향 버튼으로 사용하기를 선택한 다음, 돌을 선택하고, R+왼쪽 스틱으로 조명을 선택하세요.
32529	캐릭터를 전환하려면 ZL/ZR 버튼을 사용하세요.
32530	달리려면 A 버튼을 두 번 누르세요.
32531	커서를 따라가려면 A를 누르고 있으세요.
32532	니켈 뉴스가 어디예요?
32533	하수도 입구가 어디예요?
32534	묘지가 어디예요?
32535	오컬트 서점이 어디예요?
32536	리키네가 어디예요?
32537	버스 정류장이 어디예요?
32538	척의 작업장이 어디예요?
32539	퀴키팔이 어디고 화장실은 어떻게 들어가요?
32540	퀴키팔은 다이너 오른쪽에 있습니다.
32541	메인 퀴키팔 건물 왼쪽에서 화장실로 들어가세요.
32542	니켈 뉴스는 A 스트리트에 있습니다.
32543	오컬트 서점은 A 스트리트 끝에 있습니다.
32544	척의 작업장은 에드먼드 저택 안에 있습니다.
32545	작업장 문은 문이 여러 개 있는 복도에서 제일 오른쪽 끝에 있는 문입니다.
32546	리키의 케이크(또는 리키의 튜브 가게)는 B 스트리트에 있습니다.
32547	버스 정류장은 B 스트리트 끝에 있습니다.
32548	하수도 입구는 다리 옆 시체 오른쪽에 있습니다. 보리스가 치인 곳이죠.
32549	묘지는 고속도로를 따라 대략 절반쯤 지점에 있습니다.
32550	A 스트리트는 시청 오른쪽 골목/입구로 내려가면 있습니다.
32551	B 스트리트는 다이너 오른쪽 골목/입구로 내려가면 있습니다.
32552	위치 찾기에 대해서...
32553	인벤토리에 있는 병을 레너드한테 주세요.
32554	지하 미로에 대해서...
32555	위치 찾기에 대해서...
32556	지금 호텔에 갇혀 있어요.
32557	갇혀 있는 동안은 다른 조종 가능한 캐릭터를 찾거나 지도를 쓸 수 없을 거예요.
32558	호텔 정문을 고칠 방법을 찾으세요.
32559	변기 물, 로비 분수, 로비 식수대, 유령 케이크에 CHILL을 쓸 수 있습니다.
32560	저택 앞 장작더미 옆에 있는 휘발유통을 주우세요.
32561	전기톱에 휘발유통을 사용하세요.
32562	연료를 채운 전기톱을 하수도 입구 옆 나무에 사용하세요.
32563	피 묻은 물건이 둘 다 있어요. 이제 뭘 해요?
32564	피 묻은 물건이 하나 있어요. 이제 뭘 해요?
32565	피 묻은 물건들을 블러드트론에 넣었어요. 이제 뭘 해요?
32566	테이프에 지문이 묻었어요. 이제 뭘 해요?
32567	핑거트론에 지문이랑 지문 책을 넣었어요. 이제 뭘 해요?
32568	아직 살인 무기가 없어요.
32569	윌리의 은신처에서 찾은 얼음송곳이에요.
32570	지문을 핑거트론에 사용하세요.
32571	시체 사진을 페이스트론에 사용하세요.
32573	이제 편지에 우표를 붙여야 해요.
32574	잉크가 좀 필요해요. 척 삼촌한테 있는지 확인해보세요.
32575	탈 만한 걸 찾아서 불을 붙여야 해요.
32576	이동이랑 위치 찾기에 대해서...
32577	이제 클라라랑 친구가 됐으니, 펜트하우스에 가도 되는지 물어보세요.
32578	부도수표를 변호사한테 주세요.
32579	해독한 유언장으로 뭘 해요?
32580	도서관에 있는 변호사한테 해독한 유언장을 주세요.
32581	딜로리스의 컴퓨터로 돌아가서 컴퓨터에 유언장을 다시 사용하세요. 물어보면 행운의 숫자를 입력하세요.
32582	위치 찾기에 대해서...
32583	피자 전단지에 문을 여는 방법에 대한 힌트가 더 있지 않을까요?
32584	도와주세요! 안 좋은 일이 일어나서 캐릭터를 잃어버렸어요.
32585	오른쪽으로 걸으세요. 위쪽 벽에 있는 터널 두 개는 무시하세요.
32586	나중에 아레스트트론에서 쓸 보고서를 주워야 합니다.
32587	나중에 아레스트트론에서 쓸 보고서를 주우세요.
32588	피해자 사진이 있는 여권은 이미 갖고 있죠. 그걸 페이스트론에 넣으세요.
32589	쥐들한테 다른 걸 먹여볼 수 있지 않을까요? 냉장고에 있는 치즈를 주우세요.
32590	아레스트트론을 고치려면 딜로리스가 조종 가능한 캐릭터여야 합니다.
32591	튜브를 다룰 방법을 찾아야 해요. 척의 작업장에 도움이 될 만한 다른 게 있을지도 몰라요.
32592	표지판에는 계단이 고장 났다고 적혀 있는데, 제가 보기엔 멀쩡해 보여요. 어쩌면 표지판이 거짓말을 하는 걸지도?
32593	붐박스 든 아이한테 입고 있는 것들에 대해 말을 걸어보세요.
32594	붐박스 든 아이는 최신 유행에 완전히 꽂혀 있어요. 다른 건 절대 안 걸치려고 해요.
32595	그 애한테 변장용 안경이 더는 멋지지 않다고 설득해보세요.
32596	변호사를 찾는 것에 대해서...
32597	저택 도서관에서 변호사를 찾으세요.
32598	아직 해독한 유언장을 변호사한테 줘야 해요.
32599	방사성 폐기물을 웅덩이에 넣었어요. 이제 뭘 해요?
32600	지켜보고 있으면 아무도 웅덩이를 안 지나가요. 트레일헤드에서 잠시 자리를 비켜보세요.
32601	방사성 폐기물이 필요하다는 건 아는데, 어떻게 구하는지 모르겠어요.
32602	지역을 더 탐험해보세요. 아직 찾아야 할 중요한 장소가 하나 더 있습니다.
32603	이제 프랭클린이 비밀 방에 들어갈 수 있습니다.
32604	문이 열렸어요. 프랭클린이 비밀 방으로 떠서 이동할 수 있습니다.
32605	도와주세요! 제 요원 중 한 명이 납치됐어요!
32606	걱정 마세요, 나중에 다시 나타날 거예요. 좀 기다려보세요.
32607	공장 열쇠로 뭘 해요?
32608	은행을 철저히 뒤져봤어요?
32609	공장 부지 정문에 공장 열쇠를 사용하세요.
32610	아직 그 장소를 못 찾았지만, 숲 트레일헤드에서 갈 수 있습니다.
32611	아직 그 장소를 못 찾았네요. 숲에서 그 사람들이 다 어디로 가는지 알아내야 해요.
32612	찾고 있는 장소는 이미 가본 적 있는 곳, 숲 깊은 곳입니다.
32613	캐릭터 세 명이 공장 문을 당기게 해서 한 명이 안으로 슬쩍 들어갈 수 있게 하세요.
32614	딜로리스가 가장 작고 용감한 캐릭터예요.
32615	다른 살아있는 캐릭터들이 문을 당기게 해서, 딜로리스가 안으로 슬쩍 들어갈 수 있게 하세요.
32616	테레민 레코드가 재생되는 동안, 레예스가 윌리한테 회중시계를 고쳐달라고 주게 하세요.
32617	이미 설명서가 들어있는 뭔가를 주웠어요.
32618	공장 뒤편 맨 끝 사무실에서 보안 매뉴얼을 찾을 수 있어요.
32619	프랭클린은 도구가 있는 방에 들어갈 수 있는데, 유령이라서 아무것도 주울 수가 없어요!
32620	살아있는 캐릭터를 안으로 데려가서 도구를 챙기세요.
32621	도와주세요! 제 요원 중 한 명이 납치됐어요!
32622	아직 이 용기가 없네요. 계속 찾아보세요.
32623	인벤토리에 이미 갖고 있는 아이템들을 보세요.
32624	딜로리스 방에 이상한 물건이 많아요, 아마 그중 하나가 쓸 만할 거예요.
32625	인벤토리에 있는 수학 트로피를 보세요.
32626	공장 뒤편의 방사성 폐기물에 수학 트로피를 사용하세요.
32627	숲에서 방사성 발자국을 따라가서 다들 어디로 가는지 찾으세요.
32628	가장 기술에 밝은 캐릭터가 그걸 보게 하세요.
32629	매뉴얼이 필요할 것 같은데요. 어디서 찾을 수 있을까요?
32630	부팅 디스크가 필요해요.
32631	척의 컴퓨터로 뭘 해야 해요?
32632	공장 나머지 부분을 둘러보고 컴퓨터를 뭐에 쓰고 싶은지 알아보세요.
32633	큰 방폭문 뒤 복도를 탐험하세요.
32634	그 로봇 팔들을 멈추려고 컴퓨터를 다운시키려는 거예요.
32635	척의 일지에 다음에 뭘 해야 할지에 대한 힌트가 있어요.
32636	척의 어드벤처 게임을 플레이해보세요.
32637	그 어드벤처 게임에 숨겨진 엔딩으로 가는 치트나 힌트가 있을지도 몰라요.
32638	척의 컴퓨터로 뭘 해야 할지에 대한 다른 힌트가 필요해요.
32639	누가 어드벤처 게임에 대해 알까요? 괴짜들이 많이 모이는 곳을 생각해보세요.
32640	씸블콘에 있는 켄 티엔이 어드벤처 게임 힌트랑 치트 가이드를 팔아요. 켄 티엔한테 말을 거세요.
32641	다음엔 뭐예요?!
32642	다음엔 뭐예요?!
32643	그냥 공장 안으로 계속 더 걸어가서 다음에 뭐가 나오는지 보세요.
32644	팬을 비집고 지나가서 다음에 뭐가 나오는지 보세요.
32645	번호를 잊어버렸으면, 반대편으로 다시 걸어가서 표지판을 다시 읽으세요.
32646	트랩도어를 통해 딜로리스를 필로트론 방으로 데려오세요.
32647	이동, 위치 찾기, 납치된 요원에 대해서...
32648	척의 금고에서 주운 비밀번호 책을 보세요.
32649	팬을 끄는 방법에 대한 다른 힌트가 필요해요.
32650	레이는 그 도구를 넘겨주지 않을 거예요, 그녀를 필로트론 방으로 데려와야 해요.
32651	클라라는 당신을 별로 안 좋아해요. 관심을 좀 더 보여주면, 도움이 될 만한 걸 말해줄지도 몰라요.
32652	클라라한테 왜 그렇게 화났는지, 그리고 그걸 풀려면 뭘 먹고 싶은지 말을 걸어보세요.
32653	딜로리스가 팀블베리 덤불을 찾을 때까지 숲을 걷게 하세요. 그녀만 열매를 딸 수 있어요.
32654	조명이 초록색이고, 문에 튜브도 있는데, 공장이 아직 잠겨 있어요.
32655	조명이 초록색인데, 공장 문이 아직 잠겨 있어요.
32656	큰 공장 문 주변을 둘러보세요.
32657	큰 공장 문 왼쪽에 있는 큰 빨간 버튼을 누르세요.
32658	문을 여는 것에 대한 다른 힌트가 필요해요.
32659	작은 도구가 좀 필요해요.
32660	딜로리스가 공장 패널 안쪽을 보게 해서, 매뉴얼이 필요하다는 걸 알게 하세요.
32661	야호! 랜섬으로 전환할 수 있어요. 다음엔 뭘 해요?
32662	10년 사이에 많은 게 바뀌었습니다. 랜섬의 트레일러를 완전히 탐색해보세요.
32663	랜섬의 전자레인지 안을 살펴보세요.
32664	여기서 계속 진행하려면, 랜섬의 플래시백을 먼저 플레이해야 합니다.
32665	여기서 계속 진행하려면, 랜섬이 조종 가능한 캐릭터 중 하나여야 합니다.
32666	윌리는 랜섬 지갑을 원해요. 랜섬으로 전환해서 도움이 될 만한 게 있는지 확인해보세요.
32667	보리스가 살해당했을 때 도움이 될 만한 뭔가를 갖고 있었을지도 몰라요.
32668	요원 중 한 명이 사진을 찍은 후 시체를 조사했다면, 피해자의 호텔 방 키카드를 갖고 있을 겁니다.
32669	필요한 키카드는 '피해자'의 키카드지, 프랭클린의 키카드가 아닙니다.
32670	로봇 머리 오른쪽에 있는 상자 위, 빛나지 않는 그거예요.
32671	완성한 입사 지원서를 주워야 해요.
32672	지원서를 우편으로 보낼 준비를 해야 해요.
32673	호텔 매니저가 해줄 수 있어요, 그에게 말을 걸어보세요.
32674	질문에 답하는 데 도움이 될 힌트가 있습니다: 마약 한 뇌는 폭스 리건 같은 거예요.
32675	질문에 답하려면, (게임 밖에서) 인터넷으로 80년대 상식을 조사해봐야 합니다.
32676	그다음 프랭클린이 포털로 떠서 이동해서 호텔을 나가게 하세요.
40001	안녕하세요, 저는 팀블위드 파크의 딜로리스예요. 팀은 지금 게임 마무리하느라 바빠서 저한테 어드벤처 게이머스 여러분께 퍼즐 풀이로 가득한 행복한 휴일 보내시라는 인사를 전해달라고 했어요.
40002	누구든... 저 좀 이 게임에서 꺼내주세요.
40003	베일리윅 변호사님, 여기... 어, 갓 구운 팀블베리 파이예요.
40004	(sad)안녕히 계세요, 아빠.
40005	이 오작동의 원인이 뭔지 알아내려고 하고 있어요.
40006	이 오작동의 원인이 뭔지 알아내려고 하고 있어요.
40007	이 오작동의 원인이 뭔지 알아내려고 하고 있어요.
40008	비밀 금고 위 포스터
40009	멍청이들...
40010	너희는 이 공장에 갇혔고 탈출할 방법이 없다.
40011	내 지성은 이제 수백만 개의 튜브에 걸쳐 있고 너희의 작은 두뇌로는 상대가 안 되지.
40012	이게 나와 함께할 마지막 기회다, 너희를 전부 파괴하기 전에.
40013	투표를 해볼까?
40014	필로트론 3000™의 마법 같은 마음속에서 척 삼촌과 함께하며 그와 함께 세상을 지배하는 데 찬성하면, '찬성'이라고 말해라.
40015	좋아... 로봇 발톱에 짓눌리고 레이저에 타버리며 한심한 인간으로 남는 데 찬성하면, '찬성'이라고 말해라.
40016	(fast)기권.
40017	(fast)찬성.
40018	그렇게 됐군. 내가 강한 민주주의와 국민의 뜻을 지지하지 않는다고 아무도 말하지 못하게 하지.
40019	우와하하하하
40020	너희는 이제 모두 죽는다.
40021	딜로리스...
40022	네가 올 줄 알았다.
40023	척 삼촌? 어디 계세요?
40024	나는 베개 공장의 메인 컴퓨터에 나 자신을 업로드했다.
40025	필로트론이요? 필로트론에 자신을 업로드하셨다고요?
40026	그냥 필로트론이 아니라, 필로트론 3000™이다, 그리고 나는 이제 이 세상 그 누구보다 지적이고 강력하다.
40027	내가 아는 것들을 알면 네 정신이 나갈 거다.
40028	이게 네 정신이고...
40029	(explosion noise)**펑!**
40030	...이게 정신이 나간 상태다.
40031	그리고 너는 나를 막을 방법이 없다. 컴퓨터화된 세상은 내 모든 뜻에 따를 것이다.
40032	척 삼촌, 정신이 나가셨네요!
40033	아니다 딜로리스, 나는 정신을 얻었다.
40034	더 강력한 정신을.
40035	창조의 근원에 연결된 정신을.
40036	나와 함께해라 딜로리스, 늦기 전에.
40037	저는 삼촌과 함께 안 할 거예요, 척 삼촌, 저는 삼촌을 찾아서 이 미친 계획을 막을 거예요.
40038	게임을 시작하지.
40039	실버리 해커 부팅 디스크
40040	저는 컴퓨터를 이해 못 해요.
40041	저는 컴퓨터를 이해 못 해요.
40042	저기 못 나가요! 그 SR-01 로봇들이 절 죽일 거예요!
40043	그 모자가 도움이 되긴 했는데, 충분하진 않았어요.
40044	(mad{tv_chuck_angry})내 사악한 컴퓨터 제어 로봇 팔들은 너한테 너무 강력하지!
40045	(mad){tv_chuck_angry}내 죽음의 컴퓨터 제어 로봇 팔들을 지나갈 방법은 없다!
40046	새 유령, 넌 로비 식수대를 쓰려는 사람 최소 한 명은 겁줘야 해.
40047	이제 제가 돈 받고 찾기로 한 그 비밀을 찾아야 해요. 분명 여기 어딘가에 있을 거예요.
40048	만화책, D&D 매뉴얼, 그리고 텍스트 어드벤처 공략집이네요.
40049	방금 뭐라고 하신 건지 전혀 모르겠어요.
40050	MMucas 프로그래밍 입문서
40051	MMucasFlem 주식회사
40052	다음 책은 독점적이고 기밀입니다. 무단 복제는 벌금 및/또는 징역형으로 처벌받을 수 있습니다. 저작권 © 1986 MMucasFlem 주식회사. 모든 권리 보유. 사내 전용.||MMucas는 지금까지 만들어진 가장 위대한 어드벤처 게임 스크립팅 언어다.|MMucas는 혁신적인 게임 '맨션 맨션'에서 처음 사용되었다.||MMucas는 여러 스크립트가 동시에 실행될 수 있는 협력형 멀티태스킹 언어다.||MMucas는 최대 256개의 룸 지역 변수를 허용한다.||함수는 최대 8개의 매개변수를 받을 수 있다.
40053	MMucas 소스 레벨 디버거는 별도의 모니터에서 실행된다.||프로그램을 디버깅하는 동안 변수를 수정할 수 있다.||컴파일된 스크립트는 배포를 위해 MFL 파일로 압축된다.||출시된 게임은 절대 못 뚫는 XOR 암호화로 인코딩된다.||한 번에 여덟 개의 액터를 화면에 표시할 수 있다.||룸 배경은 캐릭터 셋으로 압축된다.||화면이 스크롤될 때, 8픽셀 단위로 이동한다.||게임당 최대 256개의 사운드를 정의할 수 있다.
40054	SR-01 프로그래밍하기
40055	척 에드먼드
40056	|SR-01 보안 로봇은 경비 및 보호 임무에 가장 공격적이고 확실한 로봇입니다. 필로트론™ 튜브의 완전한 신뢰로 단순한 방에서부터 대형 공장까지 무엇이든 지킬 수 있습니다.||고급 전방, 후방, 측면 레이더가 주변 지역을 완전히 커버합니다.||SR-01은 로봇 3원칙을 무시하도록 맞춤 프로그래밍되어 있으며 잘못 사용하면 극도로 위험합니다.||유지보수를 시도하기 전에 SR-01 인증 과정을 완전히 이수할 것을 권장합니다.
40057	|간편 접근 원격 점퍼 프로그래밍 박스로 원하는 경비 유형을 맞춤 설정할 수 있습니다. 수동 감시, 예정된 저지, 수색 후 파괴까지 모든 모드를 사용할 수 있습니다.||2~3주마다, $$redjumper$$에서 빨간 점퍼, $$greenjumper$$에서 초록 점퍼, $$bluejumper$$에서 파란 점퍼를 연결해서 로봇을 정지시켜 유지보수해야 합니다. 유지보수는 자격을 갖춘 인증된 기술자만 수행해야 합니다.||본 매뉴얼을 읽음으로써, 귀하는 사망이나 신체 절단에 대해 필로트로닉스™를 고소할 모든 권리를 포기합니다.
40058	곰팡이 핀 팀블베리 파이
40059	여분의 AT-25 아레스트트론 튜브네요. 정말 희귀하고, 구하기 힘들어요.
40060	AT-25 아레스트트론 튜브
40061	아야! 이거 *삐-* 뜨거워!
40062	이건 TX-1138 사이즈 튜브인데, AT-25 튜브를 쓰고 있네요.
40063	리키 리의 유명한 팀블베리 파이. 행운을 위해 가지고 있어요.
40064	이 파이는 못 먹어요.
40065	베일리윅 변호사님한테 드려서 유언장을 읽게 해야 해요.
40066	데모는 여기까지입니다, 나가주세요...
40067	몇 시간의 손에 땀을 쥐게 하고 유쾌한 게임플레이 후...
40068	보안관 사무실에서 전화 오길 기다리고 있어요, 그게...
40069	멜 브룩스의 '불타는 안장'. 정말 좋아하는데, 결말은 잘 모르겠어요.
40070	좋아, 이리 줘.
40071	척 삼촌이 작업장에 그거 하나 갖고 계셨던 것 같은데.
40072	(female)저기에는 못 넣어요.
40073	(male)저기에는 못 넣어요.
40074	(neutral)저기에는 못 넣어요.
40075	작업장
40076	먹을 거 좀 줄까? 이리 와봐, 아가!
40077	고마워!
40078	짧은 15분간의 암호화/복호화 끝에...
40079	[열기]
40080	[닫기]
40081	[주기]
40082	[줍기]
40083	[보기]
40084	[말하기]
40085	[밀기]
40086	[당기기]
40087	[사용하기]
40088	(alarmed)오 안 돼!
40089	열기를 클릭한 다음, 문을 클릭하세요.
40090	말하기를 클릭한 다음 윌리를 클릭하세요.
40091	보기를 클릭한 다음 쪽지를 클릭하세요.
40092	걸으려면 바닥을 클릭하세요.
40093	줍기를 클릭한 다음 돌을 클릭하세요.
40094	사용하기를 클릭한 다음 돌, 그다음 조명을 클릭하세요.
40095	걸으려면 바닥을 클릭하세요.
40096	강제 재부팅
40097	그걸 쓸 만한 +5 손재주는 없지만, 도구를 빌려드릴 수도 있어요... 저녁 좀 갖다주시면요.
40098	(mad){tv_chuck_angry}똑똑하기도 하지, 내 컴퓨터를 재부팅했군!
40099	제 도구 만지지 마세요. 그걸 쓰려면 +5 손재주가 필요해요.
40100	5) 강제 재부팅
40101	6) 로그아웃
40102	이 스팍 코스프레하는 사람이 시대를 앞서간 것 같은 느낌이 드는데.
40119	집중해서 이 살인 사건을 풀어야 제 계획을 계속 진행할 수 있어요.
40120	집중해서 이 살인 사건을 풀어야 제가 해야 할 일을 할 수 있어요.
40121	그동안, 세이플리 퍼스트 저축은행이 이제 베개 공장이랑 그 열쇠를 소유하고 있어요.
40122	**고장 난 것 같아요.
40123	저 불을 어떻게 꺼야 그들한테 제가 여기 있다는 걸 알릴 수 있을지 모르겠어요.
40124	이 근처에 도움이 될 만한 게 분명 있을 거예요.
40125	이 돌로 저 불을 끌 수 있을지 궁금하네요.
40126	말을 하려면 선택지를 클릭하세요.
40127	캐릭터를 전환하려면 깜빡이는 머리 아이콘을 클릭하세요.
40128	달리려면 더블클릭하세요.
40129	커서를 따라가려면 마우스 왼쪽 버튼을 누르고 있으세요.
40130	D패드로 열기를 선택한 다음, 오른쪽 범퍼로 문을 선택하세요.
40131	D패드로 말하기를 선택한 다음 오른쪽 범퍼로 윌리를 선택하세요.
40132	말을 하려면 D패드로 선택지를 선택하세요.
40133	D패드로 보기를 선택한 다음 D패드로 쪽지를 선택하세요.
40134	왼쪽 스틱으로 걸어 다니세요.
40135	D패드로 줍기를 선택한 다음 오른쪽 범퍼로 돌을 선택하세요.
40136	D패드로 사용하기를 선택한 다음 D패드로 돌, 그다음 오른쪽 범퍼로 조명을 선택하세요.
40137	왼쪽 스틱으로 걸어 다니세요.
40138	캐릭터를 전환하려면 왼쪽이나 오른쪽 트리거를 사용하세요.
40139	달리려면 A 버튼을 두 번 누르세요.
40140	커서를 따라가려면 A 버튼을 누르고 있으세요.
40141	D패드로 열기를 선택한 다음 오른쪽 범퍼+왼쪽 스틱으로 문을 선택하세요.
40142	D패드로 말하기를 선택한 다음 오른쪽 범퍼+왼쪽 스틱으로 윌리를 선택하세요.
40143	왼쪽 스틱으로 바닥을 가리켜서 걸으세요.
40144	D패드로 줍기를 선택한 다음 오른쪽 범퍼+왼쪽 스틱으로 돌을 선택하세요.
40145	D패드로 사용하기를 선택한 다음 D패드로 돌, 그다음 오른쪽 범퍼+왼쪽 스틱으로 조명을 선택하세요.
40146	왼쪽 스틱으로 바닥을 가리켜서 걸으세요.
40147	캐릭터를 전환하려면 왼쪽이나 오른쪽 트리거를 사용하세요.
40148	(store 15 chars max)리키의 케이크
40149	(grunt)
40150	(groan)
40151	도서관에 있는 책 대부분은 저희 후원자와 지지자분들이 쓰신 겁니다. 내용에 대한 모든 책임은 그분들에게 있습니다.
70001	(achievement title, max 44)*삐-* 구멍
70002	(achievement description, max 100)랜섬의 플래시백을 완료했다.
70003	(achievement pre-description, max 100)랜섬의 플래시백을 완료하세요.
70004	(achievement title, max 44)*삐-* 구멍 마임
70005	(achievement description, max 100)서커스 마임을 밀어 넘어뜨렸다.
70006	(achievement pre-description, max 100)서커스 마임을 밀어 넘어뜨리세요.
70007	(achievement title, max 44)*삐-* 구멍 리덕스
70008	(achievement description, max 100)랜섬의 배드 엔딩을 봤다.
70009	(achievement pre-description, max 100)랜섬의 배드 엔딩을 보세요.
70010	(achievement title, max 44)오락실 마법사
70011	(achievement description, max 100)모든 오락실 기계에서 최고 점수를 기록했다.
70012	(achievement pre-description, max 100)모든 오락실 기계에서 최고 점수를 기록하세요.
70013	(achievement title, max 44)책벌레
70014	(achievement description, max 100)도서관에서 책 100권을 읽었다.
70015	(achievement pre-description, max 100)도서관에서 책 100권을 읽으세요.
70016	(achievement title, max 44)묻힌 보물
70017	(achievement description, max 100)묻힌 보물까지 길을 찾아갔다.
70018	(achievement pre-description, max 100)묻힌 보물까지 길을 찾아가세요.
70019	(achievement title, max 44)먼지 감상가
70020	(achievement description, max 100)먼지 조각 25개를 모았다.
70021	(achievement pre-description, max 100)먼지 조각 25개를 모으세요.
70022	(achievement title, max 44)먼지 수집가
70023	(achievement description, max 100)먼지 조각 50개를 모았다.
70024	(achievement pre-description, max 100)먼지 조각 50개를 모으세요.
70025	(achievement title, max 44)먼지 저장광
70026	(achievement description, max 100)먼지 조각 75개를 모았다.
70027	(achievement pre-description, max 100)먼지 조각 75개를 모으세요.
70028	(achievement title, max 44)쉬운 승리
70029	(achievement description, max 100)캐주얼 모드로 게임을 완료했다.
70030	(achievement pre-description, max 100)캐주얼 모드로 게임을 완료하세요.
70031	(achievement title, max 44)위대한 탈출
70032	(achievement description, max 100)하수도에서 탈출했다.
70033	(achievement pre-description, max 100)하수도에서 탈출하세요.
70034	(achievement title, max 44)저 높은 곳
70035	(achievement description, max 100)살아있는 캐릭터를 호텔 펜트하우스에 들여보냈다.
70036	(achievement pre-description, max 100)살아있는 캐릭터를 호텔 펜트하우스에 들여보내세요.
70037	(achievement title, max 44)힘겹게 얻은 승리
70038	(achievement description, max 100)노멀 모드로 게임을 완료했다.
70039	(achievement pre-description, max 100)노멀 모드로 게임을 완료하세요.
70040	(achievement title, max 44)호텔 관광객
70041	(achievement description, max 100)호텔의 모든 층을 방문했다.
70042	(achievement pre-description, max 100)호텔의 모든 층을 방문하세요.
70043	(achievement title, max 44)근질근질한 손가락
70044	(achievement description, max 100)랜섬의 가려움 크림을 사용했다.
70045	(achievement pre-description, max 100)랜섬의 가려움 크림을 사용하세요.
70046	(achievement title, max 44)정의
70047	(achievement description, max 100)살인범을 잡았다.
70048	(achievement pre-description, max 100)살인범을 잡으세요.
70049	(achievement title, max 44)마지막까지 남은 사람
70050	(achievement description, max 100)엔딩 크레딧을 끝까지 지켜봤다.
70051	(achievement pre-description, max 100)엔딩 크레딧을 끝까지 지켜보세요.
70052	(achievement title, max 44)못된 사람
70053	(achievement description, max 100)모두를 자기 인생 때문에 울게 만들었다.
70054	(achievement pre-description, max 100)모두를 자기 인생 때문에 울게 만드세요.
70055	(achievement title, max 44)집에 아무도 없다
70056	(achievement description, max 100)음성 메시지 100개를 들었다.
70057	(achievement pre-description, max 100)음성 메시지 100개를 들으세요.
70058	(achievement title, max 44)폭파해버려
70059	(achievement description, max 100)저택을 폭파했다.
70060	(achievement pre-description, max 100)저택을 폭파하세요.
70061	(achievement title, max 44)유언장에서 제외됨
70062	(achievement description, max 100)딜로리스의 플래시백을 완료했다.
70063	(achievement pre-description, max 100)딜로리스의 플래시백을 완료하세요.
70064	(achievement title, max 44)1부
70065	(achievement description, max 100)1부: 만남
70066	(achievement pre-description, max 100)1부를 시작하세요.
70067	(achievement title, max 44)2부
70068	(achievement description, max 100)2부: 시체
70069	(achievement pre-description, max 100)2부를 시작하세요.
70070	(achievement title, max 44)3부
70071	(achievement description, max 100)3부: 체포
70072	(achievement pre-description, max 100)3부를 시작하세요.
70073	(achievement title, max 44)4부
70074	(achievement description, max 100)4부: 유언장
70075	(achievement pre-description, max 100)4부를 시작하세요.
70076	(achievement title, max 44)5부
70077	(achievement description, max 100)5부: 낭독
70078	(achievement pre-description, max 100)5부를 시작하세요.
70079	(achievement title, max 44)6부
70080	(achievement description, max 100)6부: 공장
70081	(achievement pre-description, max 100)6부를 시작하세요.
70082	(achievement title, max 44)7부
70083	(achievement description, max 100)7부: 광기
70084	(achievement pre-description, max 100)7부를 시작하세요.
70085	(achievement title, max 44)8부
70086	(achievement description, max 100)8부: 탈출
70087	(achievement pre-description, max 100)8부를 시작하세요.
70088	(achievement title, max 44)9부
70089	(achievement description, max 100)9부: 삭제
70090	(achievement pre-description, max 100)9부를 시작하세요.
70091	(achievement title, max 44)식물광
70092	(achievement description, max 100)레너드의 식물을 초인적인 크기로 키웠다.
70093	(achievement pre-description, max 100)레너드의 식물을 초인적인 크기로 키우세요.
70094	(achievement title, max 44)비밀 회동
70095	(achievement description, max 100)프랭클린의 플래시백을 완료했다.
70096	(achievement pre-description, max 100)프랭클린의 플래시백을 완료하세요.
70097	(achievement title, max 44)정보통
70098	(achievement description, max 100)팀블위드 니켈 신문을 전부 읽었다.
70099	(achievement pre-description, max 100)팀블위드 니켈 신문을 전부 읽으세요.
70100	(achievement title, max 44)지저분한 세상
70101	(achievement description, max 100)먼지 조각을 하나도 줍지 않았다.
70102	(achievement pre-description, max 100)먼지 조각을 하나도 줍지 마세요.
70103	(rich presence)엔딩 크레딧 시청 중
70104	(rich presence)메뉴 화면
70105	(rich presence)1부 플레이 중
70106	(rich presence)2부 플레이 중
70107	(rich presence)3부 플레이 중
70108	(rich presence)4부 플레이 중
70109	(rich presence)5부 플레이 중
70110	(rich presence)6부 플레이 중
70111	(rich presence)7부 플레이 중
70112	(rich presence)8부 플레이 중
70113	(rich presence)9부 플레이 중
70114	(hero stat)모은 먼지
70115	(hero stat)읽은 책
70116	(hero stat)방문한 방
90000	de
98000	English
98001	English Text
98002	English Voice
98003	French Text
98004	French Voice
98005	Italian Text
98006	Italian Voice
98007	Korean Text
98008	German Voice
98009	Spanish Text
98010	Spanish Voice
98011	Russian Text
98012	Russian Voice
98013	Korean Text
98014	Korean Voice
98015	TBD8 Text
98016	TBD8 Voice
98017	TBD9 Text
98018	TBD9 Voice
98019	TBD10 Text
98020	TBD10 Voice
98021	TBD11 Text
98022	TBD11 Voice
98023	TBD12 Text
98024	TBD12 Voice
98025	TBD13 Text
98026	TBD13 Voice
98027	TBD14 Text
98028	TBD14 Voice
98029	TBD15 Text
98030	TBD15 Voice
98101	English
98102	French
98103	Italian
98104	German
98105	Spanish
98106	TBD6
98107	Korean
98108	TBD8
98109	TBD9
98110	TBD10
98111	TBD11
98112	TBD12
98113	TBD13
98114	TBD14
98115	TBD15
99000	옵션 메시지
99800	엑스박스 시스템 메시지
99801	ggpack %s 파일을 열 수 없습니다.
99802	ggpack %s을(를) 불러올 수 없습니다.
99803	패키지된 파일 %s을(를) 찾을 수 없습니다.
99804	프로필에 로그인하지 않고도 계속할 수 있지만, 진행 상황과 설정이 저장되지 않습니다. 계속하시겠습니까?
99805	저장 파일에 접근할 수 없습니다. 계정에서 로그아웃한 후 다시 로그인해주세요.
99806	컨트롤러 연결이 끊겼습니다. %s님, 컨트롤러를 다시 연결해주세요.
99807	컨트롤러 연결이 끊겼습니다. 컨트롤러를 다시 연결해주세요.
99808	누르세요\n시작하려면
99809	프로필에서 로그아웃되었습니다. 타이틀 화면으로 돌아갑니다.
99820	PS4 시스템 메시지
99821	ggpack %s 파일을 열 수 없습니다.
99822	ggpack %s을(를) 불러올 수 없습니다.
99823	패키지된 파일 %s을(를) 찾을 수 없습니다.
99824	프로필에 로그인하지 않고도 계속할 수 있지만, 진행 상황과 설정이 저장되지 않습니다. 계속하시겠습니까?
99825	저장 파일에 접근할 수 없습니다. 계정에서 로그아웃한 후 다시 로그인해주세요.
99826	컨트롤러 연결이 끊겼습니다. %s님, 컨트롤러를 다시 연결해주세요.
99827	컨트롤러 연결이 끊겼습니다. 컨트롤러를 다시 연결해주세요.
99828	누르세요\n시작하려면
99829	프로필에서 로그아웃되었습니다. 타이틀 화면으로 돌아갑니다.
99832	컨트롤러
99833	컨트롤러 (재시작 필요)
99834	컨트롤러 팁
99835	컨트롤러 맵
99901	Autosave
99902	불러오기
99903	저장하기
99904	뒤로
99905	확인
99906	취소
99907	예
99908	아니요
99909	정말로 종료하시겠습니-까레노?
99910	불러오기
99911	저장하기
99912	새 게임
99913	옵션
99914	크레딧
99915	종료
99916	사운드
99917	화면
99918	조작
99919	텍스트 및 음성
99920	디버그
99921	사운드
99922	화면
99923	조작
99924	디버그
99925	텍스트 및 음성
99926	옵션
99927	전체화면
99928	(재시작 필요)
99929	안전 영역
99930	(casual)
99931	
99932	다이렉트 드라이브
99933	레트로 폰트
99934	레트로 동사
99935	클래식 문장
99936	활성 사용자 전환
99937	효과음 음량
99938	음악 음량
99939	음성 음량
99940	컨트롤러
99941	텍스트 속도
99942	텍스트 표시
99943	음성 듣기
99944	%b %d at %H:%M
99945	%d minute
99946	%d minutes
99947	%d hour %d minute
99948	%d hour %d minutes
99949	%d hours %d minute
99950	%d hours %d minutes
99951	게임 일시정지
99952	(easy)
99953	(hard)
99954	(expert)
99955	(casual)
99956	(normal)
99957	(light)
99958	메인 메뉴
99959	컨트롤러 (재시작 필요)
99960	스크롤 동기화 커서
99961	도움말
99962	다음
99963	이전
99964	동사 색상 반전
99965	화장지 앞으로
99966	소개
99967	마우스 팁
99968	컨트롤러 팁
99969	컨트롤러 맵
99970	키보드 맵
99971	성가신 인조크
32677	손을 다치지 않고 열매를 따려면 팀블베리 덤불에 장갑을 사용하세요.
32678	엘리베이터 불빛을 지켜보면 섹시 라이커가 몇 층으로 가는지 알 수 있어요.
32679	팀블베리 덤불을 찾을 때까지 숲을 걸어가세요. 열매를 따보세요.
32680	열기를 탭한 다음, 문을 탭하세요.
32681	말하기를 탭한 다음 윌리를 탭하세요.
32682	말을 하려면 선택지를 탭하세요.
32683	보기를 탭한 다음 쪽지를 탭하세요.
32684	걸으려면 바닥을 탭하세요.
32685	줍기를 탭한 다음 돌을 탭하세요.
32686	사용하기를 탭한 다음 돌, 그다음 조명을 탭하세요.
32687	캐릭터를 전환하려면 깜빡이는 머리 아이콘을 탭하세요.
32688	손가락을 따라가게 하려면 두 번 탭하고 누르고 있으세요.
32689	그 기자는 같은 이야기로는 두 번 다시 안 나올 거예요.
32690	경찰 무전기를 다시 봐서 그 기자가 따라갈 새로운 이야기를 얻으세요.
99973	음성 텍스트 크기
99974	대화 텍스트 크기
99972	터치 팁
99975	컨트롤러 소개
99976	터치 소개
99977	설정
32691	방향 버튼으로 선택지를 선택해서 말하세요.
32692	방향 버튼으로 보기를 선택한 다음 방향 버튼으로 쪽지를 선택하세요.
99978	유령 효과
99979	마우스 게임 커서 숨기기
99980	경고! 랜섬 삐- 없음 DLC의 영어 음성에는 거칠고 불쾌할 수 있는 표현이 포함되어 있으며 어린이에게 적합하지 않습니다!
99981	랜섬 삐- 없음 (DLC)
99810	잠시만 기다려주세요.
99811	현재 사용자가 없습니다.
32572	버튼이야.
99830	잠시만 기다려주세요.
99831	현재 사용자가 없습니다.
